link_midpoint,probability_left,real_coherence,imaginary_coherence
5.000000000000000104e-03,2.966210353758178808e-58,7.282837634157803972e-59,-1.882905013686582295e-57
1.499999999999999944e-02,1.197027465859923561e-56,2.763562182520270755e-57,-5.308252669687320999e-56
2.500000000000000139e-02,2.360340089967110057e-55,5.823454915142958831e-56,-8.455661215527252071e-55
3.500000000000000333e-02,3.043516193645631020e-54,8.317396399309959167e-55,-9.375247120624015632e-54
4.499999999999999833e-02,2.910681059833256201e-53,8.799093699319315315e-54,-8.012558408436812389e-53
5.500000000000000028e-02,2.232306852322312339e-52,7.254017450297476188e-53,-5.654854719640148977e-52
6.500000000000000222e-02,1.456053837675342474e-51,4.815281343062913820e-52,-3.475034481503590339e-51
7.499999999999999722e-02,8.452801450952730838e-51,2.634711764379103753e-51,-1.931876273253051096e-50
8.500000000000000611e-02,4.497400084492924497e-50,1.213954838020329875e-50,-9.913575690447810373e-50
9.500000000000000111e-02,2.218007458641245336e-49,4.863324427408958398e-50,-4.712266031737295686e-49
1.049999999999999961e-01,1.011807706565399838e-48,1.812082157661843769e-49,-2.062574575632126058e-48
1.150000000000000050e-01,4.237020799196798772e-48,7.089664052972491749e-49,-8.243195101258593431e-48
1.250000000000000000e-01,1.615590342493250367e-47,3.224553610634376321e-48,-2.984354643113173740e-47
1.350000000000000089e-01,5.577125499428613732e-47,1.637444738367433191e-47,-9.759897719111532234e-47
1.449999999999999900e-01,1.756044915409551529e-46,8.295234754583337247e-47,-2.956110278692150566e-46
1.549999999999999989e-01,5.368141266436416894e-46,3.920826277488065291e-46,-9.348609356813140511e-46
1.650000000000000078e-01,1.914431280843648329e-45,1.700083959251859798e-45,-3.879806853988541050e-45
1.750000000000000167e-01,9.372593768346056631e-45,6.793130718526983361e-45,-2.160448958651986168e-44
1.849999999999999978e-01,5.472344240345214988e-44,2.520188804972905357e-44,-1.277937077790668875e-43
1.950000000000000067e-01,3.100383704684907622e-43,8.690167342021275318e-44,-6.926180445685132624e-43
2.050000000000000155e-01,1.571649521215199384e-42,2.758570692242735138e-43,-3.312810533369685443e-42
2.149999999999999967e-01,7.031345477140257622e-42,7.880586484999620418e-43,-1.398398749425643665e-41
2.250000000000000056e-01,2.789977299661602863e-41,1.940048760014484051e-42,-5.251316888204362100e-41
2.350000000000000144e-01,9.897559724088791759e-41,3.714763677695487334e-42,-1.768764935413851734e-40
2.449999999999999956e-01,3.162304073851729944e-40,3.410572129788882793e-42,-5.380400916894100418e-40
2.550000000000000044e-01,9.154678535223453802e-40,-1.241024093161251632e-41,-1.486282970860541059e-39
2.650000000000000133e-01,2.413182587515174814e-39,-8.978614096568792642e-41,-3.745652596256521014e-39
2.750000000000000222e-01,5.817203801974826655e-39,-3.571472827918073563e-40,-8.648241655040192748e-39
2.850000000000000311e-01,1.287897767655040139e-38,-1.123112281163335450e-39,-1.837849889410446870e-38
2.949999999999999845e-01,2.632434121024950862e-38,-3.045603985259312038e-39,-3.617258943101338477e-38
3.049999999999999933e-01,5.005754633155354459e-38,-7.392563216013680455e-39,-6.659028438405489042e-38
3.150000000000000022e-01,8.967510983299026209e-38,-1.639142503037904547e-38,-1.165629355619780563e-37
3.250000000000000111e-01,1.545088351400613780e-37,-3.356482523939978826e-38,-1.991597574927290118e-37
3.350000000000000200e-01,2.640056567699645216e-37,-6.363270266281786095e-38,-3.439105007068071162e-37
3.450000000000000289e-01,4.633368649792427604e-37,-1.108412015513386842e-37,-6.195693455907930660e-37
3.549999999999999822e-01,8.549976828951338237e-37,-1.735063698892793694e-37,-1.176571887073664682e-36
3.649999999999999911e-01,1.654303741566654341e-36,-2.319407806787797257e-37,-2.317345224033477222e-36
3.750000000000000000e-01,3.278651481472280803e-36,-2.285834051171820313e-37,-4.606095323222296999e-36
3.850000000000000089e-01,6.486924462661922338e-36,-4.489548868613674697e-38,-9.038324252452235132e-36
3.950000000000000178e-01,1.259353663937187428e-35,5.115885614245203093e-37,-1.729087899205610901e-35
4.050000000000000266e-01,2.376109489677338088e-35,1.691618617007621678e-36,-3.201725312762994211e-35
4.150000000000000355e-01,4.326257168914080412e-35,3.752064457144255639e-36,-5.697800757695114270e-35
4.249999999999999889e-01,7.536702530210641205e-35,6.892872421132476003e-36,-9.654315896062984924e-35
4.349999999999999978e-01,1.242996283156955995e-34,1.125184386776257016e-35,-1.540673208139175301e-34
4.450000000000000067e-01,1.919824190672162422e-34,1.703031592175722300e-35,-2.292876201403762488e-34
4.550000000000000155e-01,2.753525279391555738e-34,2.472080024513009517e-35,-3.163017851920407249e-34
4.650000000000000244e-01,3.655602439309139043e-34,3.518342980659127875e-35,-4.048209563231343231e-34
4.750000000000000333e-01,4.516844573572869320e-34,4.911555599414782366e-35,-4.864351704711370142e-34
4.849999999999999867e-01,5.292002171392452254e-34,6.559072932708582129e-35,-5.639693534521616791e-34
4.949999999999999956e-01,6.091523868783423727e-34,8.002055536503251430e-35,-6.582561406694604661e-34
5.050000000000000044e-01,7.218299484358697565e-34,8.277346640867282624e-35,-8.072942173054466361e-34
5.150000000000000133e-01,9.123691826076012291e-34,5.988024315349811060e-35,-1.059293035649501358e-33
5.250000000000000222e-01,1.233806884706891335e-33,-3.595746661099675968e-36,-1.469357117143933922e-33
5.350000000000000311e-01,1.749887517938830823e-33,-1.173656953076959923e-34,-2.113510297612381857e-33
5.450000000000000400e-01,2.560564858378094048e-33,-2.742887110021212570e-34,-3.130075196914656609e-33
5.550000000000000488e-01,3.855635604394338374e-33,-4.260733587983812722e-34,-4.786461060825426272e-33
5.650000000000000577e-01,5.989089831922318057e-33,-4.393098788818344848e-34,-7.560694713404677531e-33
5.750000000000000666e-01,9.576930606929751742e-33,-3.886286273152989676e-35,-1.227379635741444261e-32
5.849999999999999645e-01,1.573025779641474859e-32,1.227491219919231143e-33,-2.049600841666611626e-32
5.949999999999999734e-01,2.680141045158948055e-32,3.947834033890691562e-33,-3.575964019763354032e-32
6.049999999999999822e-01,4.829362480610018956e-32,8.685134025227975715e-33,-6.622907395736103042e-32
6.149999999999999911e-01,9.238738670372472538e-32,1.572095233850843165e-32,-1.288387820519174301e-31
6.250000000000000000e-01,1.823471872526938426e-31,2.484847514451020698e-32,-2.532066402021566698e-31
6.350000000000000089e-01,3.549879235031384396e-31,3.547804034566611226e-32,-4.814822344551379271e-31
6.450000000000000178e-01,6.565965150096728637e-31,4.730053631069583161e-32,-8.593826303057958215e-31
6.550000000000000266e-01,1.128205570807323736e-30,6.143469888125333305e-32,-1.416003896161279487e-30
6.650000000000000355e-01,1.780563142170148176e-30,8.137039668185581532e-32,-2.136516043863269661e-30
6.750000000000000444e-01,2.567346160816178156e-30,1.125051641958905810e-31,-2.940809419947106162e-30
6.850000000000000533e-01,3.373529284289025613e-30,1.593042104869608626e-31,-3.686918960880727162e-30
6.950000000000000622e-01,4.036944134146105453e-30,2.204114811276010454e-31,-4.212286902563318659e-30
7.049999999999999600e-01,4.407279758971122796e-30,2.838754440910171920e-31,-4.404065556924394314e-30
7.149999999999999689e-01,4.419138280886529305e-30,3.258887765773064466e-31,-4.260957201986065752e-30
7.249999999999999778e-01,4.132470769435262416e-30,3.160877759091344874e-31,-3.899457303198525394e-30
7.349999999999999867e-01,3.703759710716392061e-30,2.301147146191089661e-31,-3.491113343952365655e-30
7.449999999999999956e-01,3.304972816349050914e-30,6.610690953526072220e-32,-3.181302366204607714e-30
7.550000000000000044e-01,3.063581890483542007e-30,-1.423328301136409026e-31,-3.067555270257174847e-30
7.650000000000000133e-01,3.078146531647736265e-30,-3.250638359693277388e-31,-3.241605839247162242e-30
7.750000000000000222e-01,3.448073314695281058e-30,-3.902922044891629078e-31,-3.772739066480674034e-30
7.850000000000000311e-01,4.172152606884407309e-30,-2.529736647874389621e-31,-4.522703987134242590e-30
7.950000000000000400e-01,4.918048059042261445e-30,1.293908476187933705e-31,-4.958636384474998785e-30
8.050000000000000488e-01,5.002963877030176495e-30,7.240897726052002754e-31,-4.407191280742544559e-30
8.150000000000000577e-01,3.987164703592810350e-30,1.418186116816012338e-30,-2.921151927099265846e-30
8.250000000000000666e-01,2.644581106374651147e-30,2.075634349788329818e-30,-2.057877697980546747e-30
8.349999999999999645e-01,3.230424112640791139e-30,2.652119007449307461e-30,-4.414488673272629893e-30
8.449999999999999734e-01,8.209895837622886071e-30,3.266078664513191236e-30,-1.180923981602601776e-29
8.549999999999999822e-01,1.828590981474255926e-29,4.074900916788406643e-30,-2.376748977596169463e-29
8.649999999999999911e-01,3.180035303812272730e-29,4.947982017533319089e-30,-3.806776984818378514e-29
8.750000000000000000e-01,4.634029142674942884e-29,5.212234773762600247e-30,-5.284731646537483751e-29
8.850000000000000089e-01,6.085430544574608691e-29,3.854632178056563518e-30,-6.801640312849349217e-29
8.950000000000000178e-01,7.626558630109670674e-29,2.502406386447343777e-31,-8.503942118178849950e-29
9.050000000000000266e-01,9.482344693135666509e-29,-5.057347704751709219e-30,-1.062188152948103039e-28
9.150000000000000355e-01,1.192533477149984481e-28,-1.023630923005877129e-29,-1.336345552943146278e-28
9.250000000000000444e-01,1.506286971355473727e-28,-1.304563588682909879e-29,-1.658975401015674806e-28
9.350000000000000533e-01,1.838440015352674457e-28,-1.227803691883079571e-29,-1.936531209409456602e-28
9.450000000000000622e-01,2.048056021753078732e-28,-8.743958488293230399e-30,-2.004206616883140068e-28
9.550000000000000711e-01,1.965029179581625075e-28,-4.916717552564386043e-30,-1.733852444665345428e-28
9.649999999999999689e-01,1.531102816326493074e-28,-3.284288988452241783e-30,-1.167722071359579445e-28
9.749999999999999778e-01,8.912879506226928860e-29,-4.507906750639442398e-30,-5.326682728100952848e-29
9.849999999999999867e-01,3.206232183281355139e-29,-6.805531208302977587e-30,-9.648005457186364268e-30
9.949999999999999956e-01,4.347759499638549929e-30,-7.244542848549181884e-30,-3.314382150457668105e-31
1.005000000000000115e+00,1.209663330716202986e-29,-4.198300827629643872e-30,-2.394507776039539446e-29
1.015000000000000124e+00,4.885594725275751316e-29,9.910963038757175452e-31,-7.168771024456921567e-29
1.024999999999999911e+00,1.052095059256630094e-28,4.808278540621558247e-30,-1.346114497099203191e-28
1.034999999999999920e+00,1.724498349830671711e-28,4.409144419755478525e-30,-2.035369372137353269e-28
1.044999999999999929e+00,2.403407655851451170e-28,1.402508934806852071e-31,-2.667110446238598357e-28
1.054999999999999938e+00,2.959747624231598533e-28,-4.534063777141267835e-30,-3.104110251454280450e-28
1.064999999999999947e+00,3.256208788787913143e-28,-6.267108409216263699e-30,-3.211321873661835392e-28
1.074999999999999956e+00,3.168259933626816553e-28,-5.692010786359747529e-30,-2.887974956401743632e-28
1.084999999999999964e+00,2.633508431213724479e-28,-6.315893630480191720e-30,-2.148327784771132362e-28
1.094999999999999973e+00,1.754048427301166517e-28,-9.117537268738225764e-30,-1.197867399316881287e-28
1.104999999999999982e+00,8.227818756129916971e-29,-1.255635546060322989e-29,-3.763307275859111386e-29
1.114999999999999991e+00,1.912913099275349675e-29,-1.482395668918308351e-29,-1.043216214206956451e-30
1.125000000000000000e+00,1.154459092135539706e-29,-1.035746063343722284e-29,-2.245219806392832964e-29
1.135000000000000009e+00,5.295797770920840022e-29,7.146758830514277150e-31,-6.892952295382910325e-29
1.145000000000000018e+00,8.972755573017322730e-29,4.052040974665966834e-30,-8.716230608822278394e-29
1.155000000000000027e+00,8.485338285122941081e-29,2.427922538354606843e-30,-7.624984637890260993e-29
1.165000000000000036e+00,6.858811852984572211e-29,1.281099919993451321e-29,-6.053161814660247358e-29
1.175000000000000044e+00,5.581430979595974466e-29,1.395414184268379933e-29,-2.893758063117373254e-29
1.185000000000000053e+00,1.849170313355968170e-29,-9.786557695595978510e-30,1.417683185261858912e-29
1.195000000000000062e+00,1.604823908123833004e-29,3.267092327911420640e-29,-5.177574102114000548e-29
1.205000000000000071e+00,2.335531373395210388e-28,1.435583598281507800e-28,-2.387694141424781290e-28
1.215000000000000080e+00,3.323433660137626545e-28,-5.062400645877250746e-29,-5.961597965394320504e-29
1.225000000000000089e+00,1.840522689953109009e-29,-9.244460225322090175e-29,-9.923729597720444051e-29
1.235000000000000098e+00,9.993924823112137161e-28,1.167522385049161961e-27,-9.522097535242757258e-28
1.245000000000000107e+00,2.271191723444263224e-27,2.190703482583490394e-27,2.982585232665369035e-28
1.255000000000000115e+00,2.152235694083853544e-27,4.222448380083663928e-27,8.481000910974710678e-28
1.265000000000000124e+00,8.618175108784359864e-27,1.288808744655460865e-26,-1.907836040169050231e-27
1.275000000000000133e+00,1.969589086362270110e-26,2.636298577718800362e-26,2.568125737199102769e-27
1.284999999999999920e+00,3.562175957149036460e-26,5.617360056843571580e-26,5.609095299368590554e-27
1.294999999999999929e+00,8.946597218207614108e-26,1.359271637497893940e-25,5.195061030549322381e-27
1.304999999999999938e+00,2.068181013728498897e-25,3.142820001101747941e-25,1.961580832358474007e-26
1.314999999999999947e+00,4.794452461908951092e-25,7.300447787363925639e-25,2.542341118251986073e-26
1.324999999999999956e+00,1.112977410947071875e-24,1.645871405889165746e-24,6.723252455058760475e-26
1.334999999999999964e+00,2.437976611557718261e-24,3.618091067826672280e-24,2.016390667671864584e-25
1.344999999999999973e+00,5.386122748709976913e-24,8.007345433890857570e-24,3.959641975539633890e-25
1.354999999999999982e+00,1.193332783936117893e-23,1.761596749332447325e-23,8.707064043006947410e-25
1.364999999999999991e+00,2.606820532846499909e-23,3.838816504657943476e-23,1.910729776219582168e-24
1.375000000000000000e+00,5.667064860456756067e-23,8.299986547988238514e-23,4.040771411526404765e-24
1.385000000000000009e+00,1.218497700893126738e-22,1.777011147968286090e-22,9.080799833475214976e-24
1.395000000000000018e+00,2.598293546425673124e-22,3.782938177576827144e-22,1.914964788083231943e-23
1.405000000000000027e+00,5.521813413461709971e-22,8.000800166878374731e-22,3.927873660716105007e-23
1.415000000000000036e+00,1.162065437938062794e-21,1.675551360856381257e-21,8.419639685414085681e-23
1.425000000000000044e+00,2.422033479547393205e-21,3.481488490190816680e-21,1.769658744643682638e-22
1.435000000000000053e+00,5.017304315020012954e-21,7.185538842836254368e-21,3.633539782749257173e-22
1.445000000000000062e+00,1.031709287006449638e-20,1.471834156353542650e-20,7.468822404308534551e-22
1.455000000000000071e+00,2.105122190885230775e-20,2.992075525183500538e-20,1.521443168885229585e-21
1.465000000000000080e+00,4.263725820964919058e-20,6.037274176289731597e-20,3.078093708196164564e-21
1.475000000000000089e+00,8.570772986568147807e-20,1.209131733924849717e-19,6.186361602218175959e-21
1.485000000000000098e+00,1.710261909011768685e-19,2.403954101511801779e-19,1.233179590652092732e-20
1.495000000000000107e+00,3.387903695143075446e-19,4.744804911025397740e-19,2.440660495295573155e-20
1.505000000000000115e+00,6.662746025686665264e-19,9.297473184344956893e-19,4.792781695632281332e-20
1.515000000000000124e+00,1.300855755919360880e-18,1.808701975566328494e-18,9.351713563557169878e-20
1.525000000000000133e+00,2.521531135292416958e-18,3.493462360939184154e-18,1.811348653440659208e-19
1.535000000000000142e+00,4.853039066409497772e-18,6.699753700900758209e-18,3.482059128505611259e-19
1.544999999999999929e+00,9.274177766670331140e-18,1.275795996333828772e-17,6.649485240254948955e-19
1.554999999999999938e+00,1.759807748696434143e-17,2.412389396200558820e-17,1.260727186910136267e-18
1.564999999999999947e+00,3.315996837507769413e-17,4.529792571324002866e-17,2.373477916265669422e-18
1.574999999999999956e+00,6.204877664743530115e-17,8.446747648595799063e-17,4.437743219296395691e-18
1.584999999999999964e+00,1.153036133079345122e-16,1.564228170013322493e-16,8.239488963789311458e-18
1.594999999999999973e+00,2.127946050700933352e-16,2.876909042250723816e-16,1.519424438344758799e-17
1.604999999999999982e+00,3.900330152114758581e-16,5.255154992690194263e-16,2.782870526410181141e-17
1.614999999999999991e+00,7.100449603182583305e-16,9.534472853388209233e-16,5.062168089267147800e-17
1.625000000000000000e+00,1.283896557885230210e-15,1.718208038596356841e-15,9.146626332981300957e-17
1.635000000000000009e+00,2.305952861265722399e-15,3.075671032030182403e-15,1.641581572531247477e-16
1.645000000000000018e+00,4.114004391510051934e-15,5.468973914618743806e-15,2.926599939834799587e-16
1.655000000000000027e+00,7.291029054990593467e-15,9.660285950254883104e-15,5.183017678709217451e-16
1.665000000000000036e+00,1.283628972774553909e-14,1.695152122925053990e-14,9.118653998388873918e-16
1.675000000000000044e+00,2.245084651449120502e-14,2.955138611953847285e-14,1.593789126178529172e-15
1.685000000000000053e+00,3.901076000851297478e-14,5.118156023510579898e-14,2.767538253492586522e-15
1.695000000000000062e+00,6.734581370655160124e-14,8.807069635076742888e-14,4.774594722843466570e-15
1.705000000000000071e+00,1.155119209691825803e-13,1.505729931690619481e-13,8.184163306813391093e-15
1.715000000000000080e+00,1.968559314929024958e-13,2.557854102123989883e-13,1.393873823531160094e-14
1.725000000000000089e+00,3.333425820775112496e-13,4.317503113255145328e-13,2.358846101102327066e-14
1.735000000000000098e+00,5.608786781974134158e-13,7.241571683322013896e-13,3.966571472397872858e-14
1.745000000000000107e+00,9.377731652447435593e-13,1.206954942359081106e-12,6.628079696943355636e-14
1.755000000000000115e+00,1.558088278790302006e-12,1.999042329111105478e-12,1.100603297736170431e-13
1.765000000000000124e+00,2.572565087826639209e-12,3.290335376137711857e-12,1.816179032044188948e-13
1.775000000000000133e+00,4.221192303982420896e-12,5.382201023632084003e-12,2.978419643401180946e-13
1.785000000000000142e+00,6.883552229329856882e-12,8.749745081056405950e-12,4.854300800425962354e-13
1.794999999999999929e+00,1.115611224955535477e-11,1.413711007072122145e-11,7.863125044350830802e-13
1.804999999999999938e+00,1.797007452253885714e-11,2.270228140231931919e-11,1.265916467890700408e-12
1.814999999999999947e+00,2.876983758332951685e-11,3.623562050793888302e-11,2.025676742115328184e-12
1.824999999999999956e+00,4.578140408488459457e-11,5.748741834686676028e-11,3.221839670058644504e-12
1.834999999999999964e+00,7.241332120134327967e-11,9.065551477436198529e-11,5.093541882797920083e-12
1.844999999999999973e+00,1.138515178028244505e-10,1.421062711703419113e-10,8.004446336953958805e-12
1.854999999999999982e+00,1.779358225349661754e-10,2.214333277645203299e-10,1.250406537099852571e-11
1.864999999999999991e+00,2.764427623111448231e-10,3.430018384462245389e-10,1.941747481630431028e-11
1.875000000000000000e+00,4.269502247734322094e-10,5.281855077618351389e-10,2.997565466029004288e-11
1.885000000000000009e+00,6.555295072873248726e-10,8.085852328372097996e-10,4.600359228821171862e-11
1.895000000000000018e+00,1.000605467754064435e-09,1.230628611709253272e-09,7.018988510502300935e-11
1.905000000000000027e+00,1.518454024980346090e-09,1.862098040601915309e-09,1.064705481575121860e-10
1.915000000000000036e+00,2.290978214163238043e-09,2.801332988074968905e-09,1.605716849293577461e-10
1.925000000000000044e+00,3.436632320379237854e-09,4.190113467576722354e-09,2.407715346409119006e-10
1.935000000000000053e+00,5.125663778055057407e-09,6.231574063611488453e-09,3.589633425887182429e-10
1.945000000000000062e+00,7.601234040829304014e-09,9.214942237016127172e-09,5.321276010572513480e-10
1.955000000000000071e+00,1.120848532721345569e-08,1.354946601781844886e-08,7.843574707574519426e-10
1.965000000000000080e+00,1.643426748864244394e-08,1.981062412847483444e-08,1.149625953857673048e-09
1.975000000000000089e+00,2.396105992954243416e-08,2.880262976678811046e-08,1.675540560376499113e-09
1.985000000000000098e+00,3.473965342517427323e-08,4.164238605243971105e-08,2.428402497386693234e-09
1.995000000000000107e+00,5.008643677397337371e-08,5.987146847204353135e-08,3.499976265954577959e-09
2.004999999999999893e+00,7.181270624406224848e-08,8.560444223372489021e-08,5.016484543032978474e-09
2.015000000000000124e+00,1.023953285136866084e-07,1.217239164357241490e-07,7.150475872295860790e-09
2.024999999999999911e+00,1.452003851490563021e-07,1.721352373883185078e-07,1.013637178502152263e-08
2.035000000000000142e+00,2.047741536854332523e-07,2.420966709435203972e-07,1.429068855239931962e-08
2.044999999999999929e+00,2.872189717437994038e-07,3.386443497814339184e-07,2.003815027436125279e-08
2.055000000000000160e+00,4.006752144769924842e-07,4.711351853351388286e-07,2.794516422975907240e-08
2.064999999999999947e+00,5.559347995991263819e-07,6.519353621063326090e-07,3.876241899906360954e-08
2.075000000000000178e+00,7.672163027011993802e-07,8.972869134028456224e-07,5.347868856223376083e-08
2.084999999999999964e+00,1.053136869289155386e-06,1.228390154968908315e-06,7.338827884683184084e-08
2.095000000000000195e+00,1.437921562198062246e-06,1.672745312771210510e-06,1.001749276939536014e-07
2.104999999999999982e+00,1.952896438414871199e-06,2.265802349452381581e-06,1.360153617918152697e-07
2.115000000000000213e+00,2.638317303507074567e-06,3.052973536445977633e-06,1.837061029570591027e-07
2.125000000000000000e+00,3.545591477593872889e-06,4.092068422856759613e-06,2.468174856705634446e-07
2.135000000000000231e+00,4.739954660534972245e-06,5.456215118941893387e-06,3.298791766016754167e-07
2.145000000000000018e+00,6.303668670947416044e-06,7.237334763748717981e-06,4.386017385493218583e-07
2.155000000000000249e+00,8.339807929613616538e-06,9.550237113879671570e-06,5.801389224127268746e-07
2.165000000000000036e+00,1.097670244605551206e-05,1.253740372112001003e-05,7.633953610490940034e-07
2.175000000000000266e+00,1.437310206038423356e-05,1.637452044399854875e-05,9.993841272007400668e-07
2.185000000000000053e+00,1.872412004548395205e-05,2.127681229421397584e-05,1.301638153048057233e-06
2.194999999999999840e+00,2.426800309872403149e-05,2.750622006402122591e-05,1.686678741796211763e-06
2.205000000000000071e+00,3.129375846454877594e-05,3.537943905102753018e-05,2.174543267496574370e-06
2.214999999999999858e+00,4.014964669107867599e-05,4.527681478788516328e-05,2.789372623410710852e-06
2.225000000000000089e+00,5.125251967474796666e-05,5.765205843468874496e-05,3.560056978638801352e-06
2.234999999999999876e+00,6.509794774229950612e-05,7.304270501815545141e-05,4.520935914593784320e-06
2.245000000000000107e+00,8.227103624087230829e-05,9.208119089779838418e-05,5.712546034048085064e-06
2.254999999999999893e+00,1.034577815991984172e-04,1.155063729506705379e-04,7.182405615248537022e-06
2.265000000000000124e+00,1.294567594202611751e-04,1.441752516231893471e-04,8.985821964633834816e-06
2.274999999999999911e+00,1.611908738519229986e-04,1.790745943842969763e-04,1.118670268570876104e-05
2.285000000000000142e+00,1.997188296184354062e-04,2.213320868522050623e-04,1.385834746535833185e-05
2.294999999999999929e+00,2.462459176171889644e-04,2.722265682625434990e-04,1.708419205077653483e-05
2.305000000000000160e+00,3.021336345631894858e-04,3.331968388075574970e-04,2.095847129564560164e-05
2.314999999999999947e+00,3.689075897542573894e-04,4.058484621256813036e-04,2.558676343899969974e-05
2.325000000000000178e+00,4.482630915325467474e-04,4.919579307271556168e-04,3.108637369166483846e-05
2.334999999999999964e+00,5.420677562453300562e-04,5.934735197511392234e-04,3.758651170826878446e-05
2.345000000000000195e+00,6.523604483646099203e-04,7.125121296536106536e-04,4.522821522035033856e-05
2.354999999999999982e+00,7.813458458944700508e-04,8.513514158256063440e-04,5.416397113412710389e-05
2.365000000000000213e+00,9.313839355787295431e-04,1.012416527220970797e-03,6.455698607665749861e-05
2.375000000000000000e+00,1.104973781195819167e-03,1.198260830690844490e-03,7.658006112885797252e-05
2.385000000000000231e+00,1.304730979743419245e-03,1.411540086195368091e-03,9.041403039504229634e-05
2.395000000000000018e+00,1.533358326650703738e-03,1.654979662530824038e-03,1.062457304624882227e-04
2.405000000000000249e+00,1.793609354598464135e-03,1.931334544581594058e-03,1.242654776634240905e-04
2.415000000000000036e+00,2.088244590401135050e-03,2.243342080542472597e-03,1.446640425521336063e-04
2.425000000000000266e+00,2.419980589806971887e-03,2.593667648610066285e-03,1.676291258401893470e-04
2.435000000000000053e+00,2.791432056822920008e-03,2.984843682694682948e-03,1.933413570849886712e-04
2.444999999999999840e+00,3.205047627297264411e-03,3.419202779166559923e-03,2.219698562856869440e-04
2.455000000000000071e+00,3.663040187661748773e-03,3.898805903003909040e-03,2.536674187046127657e-04
2.464999999999999858e+00,4.167312900368316635e-03,4.425367011605298682e-03,2.885654037708676109e-04
2.475000000000000089e+00,4.719382405367168916e-03,5.000175705668660590e-03,3.267684297913563260e-04
2.484999999999999876e+00,5.320300949910828844e-03,5.624019786287847399e-03,3.683489954079397811e-04
2.495000000000000107e+00,5.970579453688171397e-03,6.297109831545666912e-03,4.133421664515238162e-04
2.504999999999999893e+00,6.670113727825098884e-03,7.019008090774893870e-03,4.617404814500599211e-04
2.515000000000000124e+00,7.418116222541054801e-03,7.788564117185025129e-03,5.134892396832905787e-04
2.524999999999999911e+00,8.213055764971938580e-03,8.603859607829542067e-03,5.684823418106207515e-04
2.535000000000000142e+00,9.052607756699583910e-03,9.462164884340425880e-03,6.265588534080920652e-04
2.544999999999999929e+00,9.933617219709759555e-03,1.035990932148306461e-02,6.875004564431894116e-04
2.555000000000000160e+00,1.085207690639312071e-02,1.129266781012885391e-02,7.510299413980183044e-04
2.564999999999999947e+00,1.180312242049611285e-02,1.225516502679008420e-02,8.168108745196373238e-04
2.575000000000000178e+00,1.278104593549166459e-02,1.324129887833812476e-02,8.844485496078941618e-04
2.584999999999999964e+00,1.377932965042639318e-02,1.424418400664311142e-02,9.534923028722347904e-04
2.595000000000000195e+00,1.479069960275152668e-02,1.525621568660065139e-02,1.023439233662259583e-03
2.604999999999999982e+00,1.580719987698113449e-02,1.626915384967530034e-02,1.093739333632708739e-03
2.615000000000000213e+00,1.682028662783746631e-02,1.727422633362390644e-02,1.163801984066804070e-03
2.625000000000000000e+00,1.782094069593875840e-02,1.826224982049235238e-02,1.233003737109876052e-03
2.635000000000000231e+00,1.879979696010941961e-02,1.922376630372611347e-02,1.300697252602374529e-03
2.645000000000000018e+00,1.974728796438247891e-02,2.014919234620973776e-02,1.366221220542773208e-03
2.655000000000000249e+00,2.065379880840628735e-02,2.102897787871438676e-02,1.428911061336096515e-03
2.665000000000000036e+00,2.150982981706251254e-02,2.185377086515055689e-02,1.488110163263547383e-03
2.675000000000000266e+00,2.230616313402501369e-02,2.261458384707022359e-02,1.543181390938803488e-03
2.685000000000000053e+00,2.303402912882746359e-02,2.330295819014569642e-02,1.593518580950961097e-03
2.694999999999999840e+00,2.368526838392889453e-02,2.391112180167138945e-02,1.638557732705082925e-03
2.705000000000000071e+00,2.425248504456621601e-02,2.443213617558091452e-02,1.677787602714350462e-03
2.714999999999999858e+00,2.472918747253592675e-02,2.486002884944279664e-02,1.710759422696513272e-03
2.725000000000000089e+00,2.510991244201183845e-02,2.518990772101280598e-02,1.737095481196893228e-03
2.734999999999999876e+00,2.539032954321420940e-02,2.541805415772882895e-02,1.756496338830724948e-03
2.745000000000000107e+00,2.556732300180232162e-02,2.554199242396566066e-02,1.768746483965829945e-03
2.754999999999999893e+00,2.563904876017918805e-02,2.556053362685448485e-02,1.773718280201489481e-03
2.765000000000000124e+00,2.560496537791567134e-02,2.547379311661074688e-02,1.771374105793488375e-03
2.774999999999999911e+00,2.546583806486834439e-02,2.528318104428132693e-02,1.761766637522638526e-03
2.785000000000000142e+00,2.522371593531592959e-02,2.499136655031901008e-02,1.745037284782699439e-03
2.794999999999999929e+00,2.488188333499898389e-02,2.460221680307262890e-02,1.721412832750285902e-03
2.805000000000000160e+00,2.444478681847221321e-02,2.412071280029157508e-02,1.691200403093505965e-03
2.814999999999999947e+00,2.391794001475014766e-02,2.355284446476389390e-02,1.654780886832967965e-03
2.825000000000000178e+00,2.330780919347541502e-02,2.290548808684681262e-02,1.612601043129824330e-03
2.834999999999999964e+00,2.262168281215301210e-02,2.218626957562450444e-02,1.565164490747463248e-03
2.845000000000000195e+00,2.186752867472892270e-02,2.140341726532674418e-02,1.513021842317754419e-03
2.854999999999999982e+00,2.105384255245408565e-02,2.056560817932922419e-02,1.456760247636922122e-03
2.865000000000000213e+00,2.018949221006887187e-02,1.968181167923204952e-02,1.396992618184276667e-03
2.875000000000000000e+00,1.928356074046541635e-02,1.876113432634399225e-02,1.334346802307192397e-03
2.885000000000000231e+00,1.834519295275193959e-02,1.781266956701071241e-02,1.269454969976484921e-03
2.895000000000000018e+00,1.738344828782351428e-02,1.684535553441856778e-02,1.202943446938337622e-03
2.905000000000000249e+00,1.640716337145144144e-02,1.586784385558130672e-02,1.135423213411903805e-03
2.915000000000000036e+00,1.542482687403604578e-02,1.488838188126813573e-02,1.067481251800666371e-03
2.925000000000000266e+00,1.444446884784520747e-02,1.391471024017809123e-02,9.996728934911084177e-04
2.935000000000000053e+00,1.347356618039510789e-02,1.295397707701912912e-02,9.325152783767737524e-04
2.944999999999999840e+00,1.251896525374077314e-02,1.201266978835262809e-02,8.664820024142305070e-04
2.955000000000000071e+00,1.158682235827469993e-02,1.109656453904351268e-02,8.019989915681543548e-04
2.964999999999999858e+00,1.068256189008018331e-02,1.021069334310321583e-02,7.394416043283634716e-04
2.975000000000000089e+00,9.810851882863966603e-03,9.359328040451687231e-03,6.791329320290339635e-04
2.984999999999999876e+00,8.975595999156572857e-03,8.545980107000143017e-03,6.213432368163358593e-04
2.995000000000000107e+00,8.179940743108175816e-03,7.773414908074614826e-03,5.662904419435234446e-04
3.004999999999999893e+00,7.426296363930755956e-03,7.043678749502491586e-03,5.141415687543753792e-04
3.015000000000000124e+00,6.716369699594615557e-03,6.358136898816708904e-03,4.650149997063667646e-04
3.024999999999999911e+00,6.051207064509797097e-03,5.717520639711183572e-03,4.189834363908982403e-04
3.035000000000000142e+00,5.431245210273718052e-03,5.121981382758603735e-03,3.760774165708842304e-04
3.044999999999999929e+00,4.856368380990681508e-03,4.571149878360760907e-03,3.362892535085049649e-04
3.055000000000000160e+00,4.325969536144877448e-03,4.064198656596790596e-03,2.995772644154546280e-04
3.064999999999999947e+00,3.839013917892188533e-03,3.599905944187527674e-03,2.658701621090058258e-04
3.075000000000000178e+00,3.394103285056777972e-03,3.176719471600883068e-03,2.350714937671417024e-04
3.084999999999999964e+00,2.989539314582282357e-03,2.792818773765889332e-03,2.070640231864307162e-04
3.095000000000000195e+00,2.623384872225101912e-03,2.446174796242270646e-03,1.817139666551664888e-04
3.104999999999999982e+00,2.293522068816821694e-03,2.134605835865170838e-03,1.588750074822062330e-04
3.115000000000000213e+00,1.997706237409678856e-03,1.855829062691360812e-03,1.383920292563023359e-04
3.125000000000000000e+00,1.733615182671798243e-03,1.607507081334071195e-03,1.201045228666638661e-04
3.135000000000000231e+00,1.498893260122163666e-03,1.387289188328134654e-03,1.038496366282632100e-04
3.145000000000000018e+00,1.291190033720093343e-03,1.192847163446885067e-03,8.946485190837576162e-05
3.155000000000000249e+00,1.108193432184172936e-03,1.021905593420392938e-03,7.679027868808710846e-05
3.165000000000000036e+00,9.476574741063316376e-04,8.722668639967243306e-04,6.567057578305319381e-05
3.175000000000000266e+00,8.074247578450513075e-04,7.418310697370931409e-04,5.595650912621949989e-05
3.185000000000000053e+00,6.854440139016414538e-04,6.286111803357305634e-04,4.750616863977318900e-05
3.195000000000000284e+00,5.797830953979817795e-04,5.307438683111805229e-04,4.018586958052491930e-05
3.205000000000000071e+00,4.886378373439633632e-04,4.464964472458076111e-04,3.387076804160795936e-05
3.214999999999999858e+00,4.103372498141515546e-04,3.742703943450191562e-04,2.844522277203073799e-05
3.225000000000000089e+00,3.433455257730973144e-04,3.126019383403092866e-04,2.380293645128934621e-05
3.234999999999999876e+00,2.862613439231943965e-04,2.601601863644006397e-04,1.984690967251666471e-05
3.245000000000000107e+00,2.378149332344859019e-04,2.157432439656247316e-04,1.648923984601424576e-05
3.254999999999999893e+00,1.968633412156198346e-04,1.782727536725804164e-04,1.365079559536475698e-05
3.265000000000000124e+00,1.623843155612079243e-04,1.467872419161435869e-04,1.126079500669326314e-05
3.274999999999999911e+00,1.334691704591497985e-04,1.204346239844051133e-04,9.256313367513108523e-06
3.285000000000000142e+00,1.093149672035174762e-04,9.846417413537480513e-05,7.581743257409750789e-06
3.294999999999999929e+00,8.921629552177986588e-05,8.021822471610023019e-05,6.188226786024959381e-06
3.305000000000000160e+00,7.255689882099792360e-05,6.512381565306521024e-05,5.033076837183338457e-06
3.314999999999999947e+00,5.880134483405879042e-05,5.268447512681039192e-05,4.079201273542238846e-06
3.325000000000000178e+00,4.748690374850447142e-05,4.247227450608096828e-05,3.294541334258079273e-06
3.334999999999999964e+00,3.821575973733985169e-05,3.412026630141006022e-05,2.651532969244475305e-06
3.345000000000000195e+00,3.064764923204577550e-05,2.731538337805815631e-05,2.126597574948248711e-06
3.354999999999999982e+00,2.449299065819294876e-05,2.179185112803372912e-05,1.699666644437306727e-06
3.365000000000000213e+00,1.950654572796244277e-05,1.732514172393942919e-05,1.353743116625597331e-06
3.375000000000000000e+00,1.548163167338714334e-05,1.372648085054998568e-05,1.074500785509943304e-06
3.385000000000000231e+00,1.224488687484074107e-05,1.083790219403449303e-05,8.499219568367693743e-07
3.395000000000000018e+00,9.651578859662441302e-06,8.527833156616849525e-06,6.699726002123624540e-07
3.405000000000000249e+00,7.581433327757962601e-06,6.687186412758058438e-06,5.263135337965691699e-07
3.415000000000000036e+00,5.934955319080779151e-06,5.225925654231957758e-06,4.120456513759376144e-07
3.425000000000000266e+00,4.630208499469159442e-06,4.070069810568982280e-06,3.214868465560917901e-07
3.435000000000000053e+00,3.600015432852460223e-06,3.159097810967923033e-06,2.499780700388879238e-07
3.445000000000000284e+00,2.789540267833140117e-06,2.443715229495094224e-06,1.937158561073726950e-07
3.455000000000000071e+00,2.154215167663292569e-06,1.883944609561353097e-06,1.496086462255058590e-07
3.464999999999999858e+00,1.657972746889023201e-06,1.447502612846907226e-06,1.151543009116386545e-07
3.475000000000000089e+00,1.271748483908104703e-06,1.108429136199442876e-06,8.833630759426044169e-08
3.484999999999999876e+00,9.722193254877691038e-07,8.459359783459146882e-07,6.753634743572371872e-08
3.495000000000000107e+00,7.407472972456139329e-07,6.434453396496354008e-07,5.146106400125348361e-08
3.504999999999999893e+00,5.624997185603203915e-07,4.877912613636707081e-07,3.908106716109678186e-08
3.515000000000000124e+00,4.257204698450553739e-07,3.685599456437764580e-07,2.958040403785594448e-08
3.524999999999999911e+00,3.211295756714343462e-07,2.775476581269580842e-07,2.231492219753404223e-08
3.535000000000000142e+00,2.414310738035751144e-07,2.083175407381582954e-07,1.677813830457911223e-08
3.544999999999999929e+00,1.809116905129510688e-07,1.558391103872786823e-07,1.257340175580021296e-08
3.555000000000000160e+00,1.351151973026381247e-07,1.161964646729897848e-07,9.391304755912109532e-09
3.564999999999999947e+00,1.005794705467557319e-07,8.635324619446350294e-08,6.991440427051121439e-09
3.575000000000000178e+00,7.462520260610710417e-08,6.396422849370560348e-08,5.187742661716757502e-09
3.584999999999999964e+00,5.518692153449702770e-08,4.722498542328287074e-08,3.836760148219939107e-09
3.595000000000000195e+00,4.067847805681572312e-08,3.475250162094314127e-08,2.828321320965300436e-09
3.604999999999999982e+00,2.988646155124736632e-08,2.549078849485313350e-08,2.078136657666490024e-09
3.615000000000000213e+00,2.188612890608236621e-08,1.863660449310705570e-08,1.521962962661733350e-09
3.625000000000000000e+00,1.597538787204365311e-08,1.358125722436909678e-08,1.111020414566870492e-09
3.635000000000000231e+00,1.162318659448663030e-08,9.865205873615443609e-09,8.084092931682022942e-10
3.645000000000000018e+00,8.429341791739921977e-09,7.142802286971051385e-09,5.863206208692985493e-10
3.655000000000000249e+00,6.093405351239577007e-09,5.155023978346088964e-09,4.238741584895410368e-10
3.665000000000000036e+00,4.390638727836449113e-09,3.708477109439131165e-09,3.054498262892477982e-10
3.675000000000000266e+00,3.153550753294843150e-09,2.659295611798896763e-09,2.194053705511006022e-10
3.685000000000000053e+00,2.257769867861024457e-09,1.900846126950970111e-09,1.570949711487511440e-10
3.695000000000000284e+00,1.611277960650264520e-09,1.354377873231240084e-09,1.121213147591463179e-10
3.705000000000000071e+00,1.146239604727378808e-09,9.619410830081605247e-10,7.976789935158105582e-11
3.714999999999999858e+00,8.128261849471431983e-10,6.810453094389837070e-10,5.656989423834392679e-11
3.725000000000000089e+00,5.745667094538156791e-10,4.806463029564113888e-10,3.999106702254331262e-11
3.734999999999999876e+00,4.048618727116947023e-10,3.381430077369108759e-10,2.818150441482909539e-11
3.745000000000000107e+00,2.843806706255001661e-10,2.371393042489460866e-10,1.979666389642550257e-11
3.754999999999999893e+00,1.991237920515142474e-10,1.657822767523488561e-10,1.386275762737676539e-11
3.765000000000000124e+00,1.389886113009935337e-10,1.155332984260894881e-10,9.676985983633503819e-12
3.774999999999999911e+00,9.670998923667358390e-11,8.026271176603774527e-11,6.733898242952764910e-12
3.785000000000000142e+00,6.708147045397850931e-11,5.558544903288811493e-11,4.671237965787295959e-12
3.794999999999999929e+00,4.638483007696611422e-11,3.837532557280344904e-11,3.230274611878420990e-12
3.805000000000000160e+00,3.197382170907834573e-11,2.641129568318550619e-11,2.226855123542683534e-12
3.814999999999999947e+00,2.197158130791842018e-11,1.812078547669904169e-11,1.530355869111624534e-12
3.825000000000000178e+00,1.505148176383132560e-11,1.239415726771839229e-11,1.048441018680796836e-12
3.834999999999999964e+00,1.027901208493420795e-11,8.451088005223194968e-12,7.160605578361240735e-13
3.845000000000000195e+00,6.998107464038103681e-12,5.744692897010064283e-12,4.875422138498442807e-13
3.854999999999999982e+00,4.749740420828512982e-12,3.892983155351661097e-12,3.309288691734933382e-13
3.865000000000000213e+00,3.213824422354754617e-12,2.630041890370661904e-12,2.239340104467390832e-13
3.875000000000000000e+00,2.167905233925118330e-12,1.771373434994395728e-12,1.510674417106385752e-13
3.885000000000000231e+00,1.457898236827639558e-12,1.189399670132302179e-12,1.015992412908171778e-13
3.895000000000000018e+00,9.774303481170675332e-13,7.961934466686570433e-13,6.812110612777853513e-14
3.905000000000000249e+00,6.533094566260658305e-13,5.313556702217946218e-13,4.553518655115198117e-14
3.915000000000000036e+00,4.353408612205190419e-13,3.535336914436164044e-13,3.034518433827727667e-14
3.925000000000000266e+00,2.892145268543880006e-13,2.345081202817457366e-13,2.016100583910082297e-14
3.935000000000000053e+00,1.915551242777466035e-13,1.550848541957997989e-13,1.335419283743309754e-14
3.945000000000000284e+00,1.264891584531035658e-13,1.022511242826600256e-13,8.818790548802228872e-15
3.955000000000000071e+00,8.327246075968489749e-14,6.721353426243522253e-14,5.806148055251760465e-15
3.965000000000000302e+00,5.465637140737090888e-14,4.404920920409547185e-14,3.811169818145944942e-15
3.975000000000000089e+00,3.576633055858671450e-14,2.878160759210723753e-14,2.494154277553100327e-15
3.984999999999999876e+00,2.333484391917614723e-14,1.874952167217479003e-14,1.627364878279833763e-15
3.995000000000000107e+00,1.517871217005833911e-14,1.217772579084893340e-14,1.058632447883418507e-15
4.004999999999999893e+00,9.843898904121893560e-15,7.885800103439762157e-15,6.866049511363644390e-16
4.014999999999999680e+00,6.365086663384906756e-15,5.091335664519608564e-15,4.439904154795961389e-16
4.025000000000000355e+00,4.103451801857678805e-15,3.277380438726330366e-15,2.862528763512258345e-16
4.035000000000000142e+00,2.637575332179014675e-15,2.103456679014838033e-15,1.840077520876166180e-16
4.044999999999999929e+00,1.690336120044465406e-15,1.346028783408823698e-15,1.179318525670587356e-16
4.054999999999999716e+00,1.080081876003992196e-15,8.588003118398225377e-16,7.536041658951285776e-17
4.065000000000000391e+00,6.881118779202384418e-16,5.463234386128832965e-16,4.801509504145398471e-17
4.075000000000000178e+00,4.371015216867228291e-16,3.465208822192872953e-16,3.050206329664362920e-17
4.084999999999999964e+00,2.768397996246583193e-16,2.191459551017204434e-16,1.931978637625667983e-17
4.094999999999999751e+00,1.748238650970277645e-16,1.381862057063557931e-16,1.220114076424238316e-17
4.105000000000000426e+00,1.100781936881872244e-16,8.688127211422937777e-17,7.682897623282385540e-18
4.115000000000000213e+00,6.910889527880194970e-17,5.446542971228285180e-17,4.823863899239614761e-18
4.125000000000000000e+00,4.326147429503289165e-17,3.404474386594151593e-17,3.019893954580114895e-18
4.134999999999999787e+00,2.700241643240983616e-17,2.121856927769027395e-17,1.884981350509847119e-18
4.145000000000000462e+00,1.680519363960545072e-17,1.318630076928844850e-17,1.173252033224924559e-18
4.155000000000000249e+00,1.042862415453358420e-17,8.170921263863581191e-18,7.281024274073326116e-19
4.165000000000000036e+00,6.452825075280910078e-18,5.048524667861434036e-18,4.505302929344714966e-19
4.174999999999999822e+00,3.981291692730203140e-18,3.110331021840630483e-18,2.780185017553608785e-19
4.185000000000000497e+00,2.449318991258171728e-18,1.910703549038376448e-18,1.710210558406038828e-19
4.195000000000000284e+00,1.502473245413540028e-18,1.170415205873080805e-18,1.049060351093556526e-19
4.205000000000000071e+00,9.190692976108336268e-19,7.149119800367294063e-19,6.421069599829710290e-20
4.214999999999999858e+00,5.605911915673478511e-19,4.354081227243480358e-19,3.915857364237757420e-20
4.224999999999999645e+00,3.409144312269959283e-19,2.644164088944761080e-19,2.379590874897300182e-20
4.235000000000000320e+00,2.067447902166101072e-19,1.601343892071304804e-19,1.444020316007421385e-20
4.245000000000000107e+00,1.250408392248233295e-19,9.670689046616302319e-20,8.739912016883316041e-21
4.254999999999999893e+00,7.540423420179292544e-20,5.823177716348215326e-20,5.269327629961360469e-21
4.264999999999999680e+00,4.533837816242984811e-20,3.496216165380824105e-20,3.167474381944478291e-21
4.275000000000000355e+00,2.718195249623031151e-20,2.093135428044176559e-20,1.897003040144902834e-21
4.285000000000000142e+00,1.625049608224230312e-20,1.249811015848375730e-20,1.133946162977500265e-21
4.294999999999999929e+00,9.691309769073553956e-21,7.443283289797870078e-21,6.781509491546189228e-22
4.304999999999999716e+00,5.764169774067981957e-21,4.419544598218818205e-21,4.037186694008239878e-22
4.315000000000000391e+00,3.416860361794685242e-21,2.615837193191181146e-21,2.385619685765076267e-22
4.325000000000000178e+00,2.019256072410722780e-21,1.544104869978924179e-21,1.408514380903936381e-22
4.334999999999999964e+00,1.190586478828606092e-21,9.091778356731447230e-22,8.326465807172810634e-23
4.344999999999999751e+00,7.001065063188070986e-22,5.337541218918956356e-22,4.892184568825384446e-23
4.355000000000000426e+00,4.103472929179040285e-22,3.124859008422249498e-22,2.858692123017493856e-23
4.365000000000000213e+00,2.399544288215796437e-22,1.825475413456474784e-22,1.680880692452649509e-23
4.375000000000000000e+00,1.400521799351952567e-22,1.063078373087201576e-22,9.875565746372796631e-24
4.384999999999999787e+00,8.139025809767986851e-23,6.163829976461093175e-23,5.656984726266810659e-24
4.395000000000000462e+00,4.707297364098747328e-23,3.567482997736788070e-23,3.223709147392923532e-24
4.405000000000000249e+00,2.725737711763932251e-23,2.067191101560452895e-23,1.935917074214271448e-24
4.415000000000000036e+00,1.581500956951357975e-23,1.191486215456000637e-23,1.162993391280225319e-24
4.424999999999999822e+00,9.062055458164087088e-24,6.782046123970054221e-24,6.121948397664055891e-25
4.435000000000000497e+00,5.117043518831906806e-24,3.869087759422713559e-24,3.158972338735345933e-25
4.445000000000000284e+00,2.944987881581208312e-24,2.245745748496106278e-24,2.176307297190567507e-25
4.455000000000000071e+00,1.728610543101145998e-24,1.289960552443469546e-24,1.415779287640758611e-25
4.464999999999999858e+00,9.742174392574261427e-25,7.195528113327853934e-25,6.285185466410102084e-26
4.475000000000000533e+00,5.355135136251416716e-25,4.045711984377950866e-25,3.396860458130603642e-26
4.485000000000000320e+00,3.078012347191237335e-25,2.288553386004024261e-25,2.386997974611853293e-26
4.495000000000000107e+00,1.720088679543413052e-25,1.269776441196121419e-25,8.223073929097287858e-27
4.504999999999999893e+00,9.412852513690204776e-26,7.476191503034689782e-26,5.844614661836250635e-27
4.514999999999999680e+00,5.974281920779325258e-26,4.482958187601743238e-26,8.722399051042581811e-27
4.525000000000000355e+00,3.491250804769684196e-26,2.226012414176130542e-26,2.981834291898545808e-27
4.535000000000000142e+00,1.444767193069768103e-26,1.030476939487693414e-26,-1.258359420068822104e-27
4.544999999999999929e+00,7.459453760344619010e-27,6.951457040993218384e-27,5.242160814914953146e-28
4.554999999999999716e+00,6.514894931210527792e-27,4.863013796615486730e-27,1.446770326112539541e-27
4.565000000000000391e+00,3.951260585841751103e-27,2.474671564232125173e-27,4.333505061249466769e-28
4.575000000000000178e+00,1.597412237146388479e-27,1.104904743670317594e-27,1.688213067673409630e-29
4.584999999999999964e+00,7.644235285831568643e-28,5.307003574199720834e-28,4.192963036549111837e-29
4.594999999999999751e+00,3.707381479917954964e-28,2.528782834290310845e-28,-4.376899941934682657e-29
4.605000000000000426e+00,1.776540987134718405e-28,1.992775231144407354e-28,-3.452894960241694813e-30
4.615000000000000213e+00,2.235999844073433314e-28,1.892740873867369672e-28,9.827561557536712564e-29
4.625000000000000000e+00,2.034113593225535775e-28,9.725623358042835981e-29,7.314146978878723224e-29
4.634999999999999787e+00,7.280050446756445729e-29,1.260136357888899698e-29,4.183997505333731252e-30
4.645000000000000462e+00,2.421689251487782083e-30,1.484124137527517933e-32,-5.491681478628133733e-30
4.655000000000000249e+00,1.245361505677269744e-29,1.089964397154781361e-29,1.062868577704395423e-29
4.665000000000000036e+00,1.861075671578510593e-29,6.109732213817527177e-30,6.320509222447137831e-30
4.674999999999999822e+00,4.152311791280054466e-30,-8.452781824935818821e-32,-2.446912287367245988e-30
4.685000000000000497e+00,1.443659579397538977e-30,2.361629696895223412e-30,2.798715550816966816e-30
4.695000000000000284e+00,9.288965176429186511e-30,3.244388361467937114e-30,8.906270902781930057e-30
4.705000000000000071e+00,9.672521699377007457e-30,1.999607444091627399e-31,7.505170240240291038e-30
4.714999999999999858e+00,5.827597640636331022e-30,-6.266976865208028136e-31,5.594048846669381016e-30
4.725000000000000533e+00,5.437254670477498547e-30,1.198833421640008475e-30,5.771357011167155204e-30
4.735000000000000320e+00,6.390313757390728266e-30,2.467084054896310972e-30,5.884704280832507288e-30
4.745000000000000107e+00,6.371556977101726779e-30,2.163181705341474464e-30,5.753660794582578530e-30
4.754999999999999893e+00,5.930099623252170286e-30,1.141237136658165194e-30,5.679584856271040269e-30
4.764999999999999680e+00,5.659282048159945400e-30,4.892534569663539086e-31,5.654596576373050231e-30
4.775000000000000355e+00,5.692211682073228336e-30,4.325013087152952828e-31,5.493470845023366817e-30
4.785000000000000142e+00,5.334530935100866974e-30,4.543349863537829614e-31,4.600173733447324361e-30
4.794999999999999929e+00,4.005604038608831220e-30,3.521567254116295183e-31,3.040284262308896264e-30
4.804999999999999716e+00,2.338559344510028413e-30,2.968197197220807879e-31,1.631576649284384580e-30
4.815000000000000391e+00,1.175999366858983771e-30,3.047260178567801245e-31,8.456475879097354178e-31
4.825000000000000178e+00,6.870563128400819527e-31,2.760516186699052529e-31,6.366335019628583422e-31
4.834999999999999964e+00,7.008256863274644250e-31,1.780870789485516764e-31,8.189039029904255036e-31
4.844999999999999751e+00,1.002130235410946111e-30,3.171870875839883764e-32,1.189197718738622679e-30
4.855000000000000426e+00,1.412188995732786566e-30,-1.057197444031982374e-31,1.619064819394997272e-30
4.865000000000000213e+00,1.864160931514128292e-30,-1.744159897748035270e-31,2.069143667753002457e-30
4.875000000000000000e+00,2.312985098228249449e-30,-1.627011560284935628e-31,2.468541805511268972e-30
4.884999999999999787e+00,2.646005076477970280e-30,-8.983164359213662584e-32,2.696381650352199505e-30
4.895000000000000462e+00,2.750767106703665127e-30,2.451743976536856635e-32,2.669994473239340169e-30
4.905000000000000249e+00,2.591812143822220388e-30,1.531217551584624468e-31,2.394382820018302604e-30
4.915000000000000036e+00,2.221038810402480024e-30,2.604617389008766649e-31,1.960371480000859853e-30
4.924999999999999822e+00,1.760841205797446300e-30,3.220695015222943538e-31,1.510900566045493956e-30
4.935000000000000497e+00,1.355346113226943315e-30,3.343818375132053815e-31,1.173422288323423816e-30
4.945000000000000284e+00,1.098413951583458449e-30,3.089195535736377381e-31,9.978040298746148792e-31
4.955000000000000071e+00,9.932905268012325066e-31,2.630345883211617471e-31,9.461514752890213586e-31
4.964999999999999858e+00,9.709040636384309408e-31,2.127951399135447723e-31,9.332749381355933107e-31
4.975000000000000533e+00,9.437429670332995201e-31,1.688539820355105498e-31,8.830616907832388870e-31
4.985000000000000320e+00,8.564933940850019783e-31,1.355086276153218867e-31,7.658238378747822978e-31
4.995000000000000107e+00,7.061919484640194402e-31,1.119463212190079125e-31,6.006052239308287020e-31
5.004999999999999893e+00,5.285512170725176381e-31,9.456382460182596052e-32,4.307566029923915405e-31
5.014999999999999680e+00,3.679748748325841582e-31,7.951000502154012114e-32,2.944517642211870310e-31
5.025000000000000355e+00,2.527990053500729670e-31,6.445526636018995596e-32,2.076160226174537964e-31
5.035000000000000142e+00,1.869425638902755797e-31,4.905278690298519704e-32,1.637715312074883228e-31
5.044999999999999929e+00,1.563436904296965195e-31,3.436421402509775861e-32,1.446635605912164036e-31
5.054999999999999716e+00,1.414092561569207688e-31,2.186388950493342154e-32,1.322163398571257155e-31
5.065000000000000391e+00,1.270015179881133579e-31,1.257364255255156104e-32,1.155224010355943052e-31
5.075000000000000178e+00,1.063256710784501907e-31,6.660083104749415389e-33,9.185384673390093922e-32
5.084999999999999964e+00,7.976893802550509878e-32,3.527015600484831510e-33,6.406218004931396028e-32
5.094999999999999751e+00,5.160408115751291420e-32,2.203886113252763092e-33,3.718505892649999918e-32
5.105000000000000426e+00,2.688906943487841776e-32,1.768462905246869021e-33,1.588846259348666974e-32
5.115000000000000213e+00,9.504631807761734035e-33,1.611955914657749086e-33,3.096391710871521211e-33
5.125000000000000000e+00,1.282116313858946071e-33,1.485128936817648943e-33,-4.587030109032481947e-34
5.134999999999999787e+00,1.884397215033508349e-33,1.384690398217444252e-33,3.924714022403356143e-33
5.145000000000000462e+00,9.191664856210855736e-33,1.391759822809455986e-33,1.349743851684430115e-32
5.155000000000000249e+00,2.003095682888930896e-32,1.552254033965773526e-33,2.489538291039135466e-32
5.165000000000000036e+00,3.106140101822927740e-32,1.833539382324995622e-33,3.501378360908609836e-32
5.174999999999999822e+00,3.957731683026714692e-32,2.143912005352511118e-33,4.168263413237413345e-32
5.185000000000000497e+00,4.401608007867309878e-32,2.379492430532911207e-33,4.397863975391537914e-32
5.195000000000000284e+00,4.406986572553749991e-32,2.465891201618217144e-33,4.214650069426223703e-32
5.205000000000000071e+00,4.044505493368906934e-32,2.377990914941543009e-33,3.723542939600759117e-32
5.214999999999999858e+00,3.442032766129393609e-32,2.137295934866933056e-33,3.062688009674852249e-32
5.225000000000000533e+00,2.738421980316430515e-32,1.795307708947677997e-33,2.361963528882668624e-32
5.235000000000000320e+00,2.049027888982093485e-32,1.413057238026470467e-33,1.717214536270875418e-32
5.245000000000000107e+00,1.448878801075865628e-32,1.044288717197808425e-33,1.182075677800412555e-32
5.254999999999999893e+00,9.719296715848876161e-33,7.258264186382040604e-34,7.731469737760124111e-33
5.264999999999999680e+00,6.204404501568609906e-33,4.752385309637041537e-34,4.818020218283068574e-33
5.275000000000000355e+00,3.777827586704096061e-33,2.938281846955217155e-34,2.866462445824652341e-33
5.285000000000000142e+00,2.197808598959456534e-33,1.722660186118347702e-34,1.630736403345783639e-33
5.294999999999999929e+00,1.223480879835760223e-33,9.647223380278428149e-35,8.889216954810740434e-34
5.304999999999999716e+00,6.534541616205475800e-34,5.219227123004231504e-35,4.663921893736106458e-34
5.315000000000000391e+00,3.370484426002538660e-34,2.766244833040621673e-35,2.381020410599129745e-34
5.325000000000000178e+00,1.704733971213596598e-34,1.452003657277264481e-35,1.210168001487793366e-34
5.334999999999999964e+00,8.714496004176163149e-35,7.525695173603602990e-36,6.372756588663105529e-35
5.344999999999999751e+00,4.725274691396439574e-35,3.741368885782155126e-36,3.665860907792701652e-35
5.355000000000000426e+00,2.873592646666836958e-35,1.655925833937939786e-36,2.410075607761231064e-35
5.365000000000000213e+00,2.030867299709271504e-35,5.179092067949157465e-37,1.833511699100030618e-35
5.375000000000000000e+00,1.656655484424387254e-35,-6.652246074706537182e-38,1.573263821418139935e-35
5.384999999999999787e+00,1.494096586425190296e-35,-3.281614003925956193e-37,1.450807788360910302e-35
5.395000000000000462e+00,1.409493975790698036e-35,-4.114288043583458848e-37,1.366445374368500143e-35
5.405000000000000249e+00,1.325912511754604121e-35,-4.034621389764105813e-37,1.262640783476335416e-35
5.415000000000000036e+00,1.203616038709626589e-35,-3.516842734424771624e-37,1.115090997597170655e-35
5.424999999999999822e+00,1.034104491112051037e-35,-2.798047092664969163e-37,9.271988380149492663e-36
5.435000000000000497e+00,8.321021708785048437e-36,-2.007065753482830212e-37,7.199965887338342436e-36
5.445000000000000284e+00,6.234786270711315867e-36,-1.237373307241154594e-37,5.196115798286473927e-36
5.455000000000000071e+00,4.332936069215877756e-36,-5.675902810721538671e-38,3.470893801582694465e-36
5.464999999999999858e+00,2.781099276943073598e-36,-5.383264072647454242e-39,2.134628368474772545e-36
5.475000000000000533e+00,1.638441061348207687e-36,2.812206797461192916e-38,1.198939797111824169e-36
5.485000000000000320e+00,8.778146017789830492e-37,4.493412914986190316e-38,6.080143201594561864e-37
5.495000000000000107e+00,4.234384900047599495e-37,4.870210098003401784e-38,2.764363868844032920e-37
5.504999999999999893e+00,1.860694587133239688e-37,4.408324217562237066e-38,1.184768905912252720e-37
5.514999999999999680e+00,8.588247612145836901e-38,3.543026655997563225e-38,6.399976174277707025e-38
5.525000000000000355e+00,6.230925717692601992e-38,2.599808597715433678e-38,6.310604597984503752e-38
5.535000000000000142e+00,7.476053679245027763e-38,1.771783059840204422e-38,8.413913148328983946e-38
5.544999999999999929e+00,9.889328361032617919e-38,1.137989885274162845e-38,1.091519237894555421e-37
5.554999999999999716e+00,1.217842519244671923e-37,7.005767385905219715e-39,1.293162759036819523e-37
5.565000000000000391e+00,1.377171491816919525e-37,4.227230972144739684e-39,1.413010032327631959e-37
5.575000000000000178e+00,1.451078759255485435e-37,2.571134690795470516e-39,1.447809085060342717e-37
5.584999999999999964e+00,1.445002352056282424e-37,1.621901843634371859e-39,1.408814837862749727e-37
5.594999999999999751e+00,1.373715621373583057e-37,1.081669555806754343e-39,1.312875659245080422e-37
5.605000000000000426e+00,1.254815385892902121e-37,7.664978459868544252e-40,1.177773629188971745e-37
5.615000000000000213e+00,1.105508817554576369e-37,5.751873403339798239e-40,1.020026639070736753e-37
5.625000000000000000e+00,9.411841967603528884e-38,4.554686060656567612e-40,8.539415585684378297e-38
5.634999999999999787e+00,7.748078783361515106e-38,3.792524229391529273e-40,6.912060200328124729e-38
5.645000000000000462e+00,6.166433753818202249e-38,3.289808559922516673e-40,5.406908875753989761e-38
5.655000000000000249e+00,4.741110833573919408e-38,2.921803194628790758e-40,4.083842050490392337e-38
5.665000000000000036e+00,3.517871691299778724e-38,2.602004424593250111e-40,2.974907024226600981e-38
5.674999999999999822e+00,2.515938505484595459e-38,2.281153296637352547e-40,2.087378240490835516e-38
5.685000000000000497e+00,1.732024958245774788e-38,1.943220317310591278e-40,1.408778295045518612e-38
5.695000000000000284e+00,1.146076957875939875e-38,1.595783114242324398e-40,9.131518996515861600e-39
5.705000000000000071e+00,7.277879888257552053e-39,1.258005482115598364e-40,5.675386948150827033e-39
5.714999999999999858e+00,4.427916272864801051e-39,9.501847215405739933e-41,3.376236532561860117e-39
5.725000000000000533e+00,2.576381514656553553e-39,6.871437517357444724e-41,1.918795630348213439e-39
5.735000000000000320e+00,1.430882156011091774e-39,4.757250976388218401e-41,1.039745839811296228e-39
5.745000000000000107e+00,7.571095568835472892e-40,3.153482512580579192e-41,5.362158746617641207e-40
5.754999999999999893e+00,3.810834334500073657e-40,2.001858297668949650e-41,2.628958212671344462e-40
5.764999999999999680e+00,1.824140080684852835e-40,1.217193816349419063e-41,1.226344029834162596e-40
5.775000000000000355e+00,8.325760194936865124e-41,7.089467305006556719e-42,5.471340160338595310e-41
5.785000000000000142e+00,3.655902632810858653e-41,3.955034214753525314e-42,2.367781167002304220e-41
5.794999999999999929e+00,1.576303088460191528e-41,2.111861006827453940e-42,1.022844224410467837e-41
5.804999999999999716e+00,6.920051635482041323e-42,1.076849069945476386e-42,4.609403330696371516e-42
5.815000000000000391e+00,3.237866444462803872e-42,5.210534794605069664e-43,2.261999212853039161e-42
5.825000000000000178e+00,1.664101117147721059e-42,2.354930798543629317e-43,1.224167112200619467e-42
5.834999999999999964e+00,9.338627882880902875e-43,9.552994655610980906e-44,7.153594494515356555e-43
5.844999999999999751e+00,5.577533649921318350e-43,3.091934290003645645e-44,4.408805965692060675e-43
5.855000000000000426e+00,3.502116140515702356e-43,3.909254668235171272e-45,2.865577053705431377e-43
5.865000000000000213e+00,2.345170676355639807e-43,-5.098585788618043237e-45,2.009178992166245993e-43
5.875000000000000000e+00,1.722433177675463782e-43,-6.078403391802869427e-45,1.555458227567888937e-43
5.884999999999999787e+00,1.406815096164240425e-43,-4.045140861197403360e-45,1.328639896057661715e-43
5.895000000000000462e+00,1.255971943059477283e-43,-1.445544424049834464e-45,1.217729382704914647e-43
5.905000000000000249e+00,1.180817626991250969e-43,6.457953378199383227e-46,1.153391493040010159e-43
5.915000000000000036e+00,1.126637688131966907e-43,1.901901868501418659e-45,1.093572580670243672e-43
5.924999999999999822e+00,1.061798948204008043e-43,2.382858339531697503e-45,1.015451991037828145e-43
5.935000000000000497e+00,9.716628079491092450e-44,2.310762788377663432e-45,9.110111198003609024e-44
5.945000000000000284e+00,8.546948757040609455e-44,1.932403121856487320e-45,7.834381953564979173e-44
5.955000000000000071e+00,7.185591508549447022e-44,1.447740992206656078e-45,6.429892623052300539e-44
5.964999999999999858e+00,5.756586445885761163e-44,9.860399370024047393e-46,5.025076564229659893e-44
5.975000000000000533e+00,4.388211218820131666e-44,6.111987299963794357e-46,3.735672850584372287e-44
5.985000000000000320e+00,3.181019916635154339e-44,3.401015744274649051e-46,2.640610967950717232e-44
5.995000000000000107e+00,2.192373250604448225e-44,1.626575507976495187e-46,1.774561076486098513e-44
6.004999999999999893e+00,1.436494259405659797e-44,5.762174766080511468e-47,1.133691871916427930e-44
6.015000000000000568e+00,8.947411064762557543e-45,2.542266672562891045e-48,6.884253318492204007e-45
6.025000000000000355e+00,5.296833896783578502e-45,-2.137642859400118330e-47,3.972589504723882777e-45
6.035000000000000142e+00,2.979501459225502720e-45,-2.782370218066964536e-47,2.177829881274569375e-45
6.044999999999999929e+00,1.592117746909421908e-45,-2.575715004201933169e-47,1.134112882863540906e-45
6.054999999999999716e+00,8.082790763141661169e-46,-2.047993314479419806e-47,5.613143255882341741e-46
6.065000000000000391e+00,3.903270652642280469e-46,-1.479017251160329131e-47,2.646514079118874520e-46
6.075000000000000178e+00,1.800006281017331650e-46,-9.929629182159538140e-48,1.196268106741973280e-46
6.084999999999999964e+00,8.005067271005099760e-47,-6.265666994085222642e-48,5.261517609012045266e-47
6.094999999999999751e+00,3.507297618902625994e-47,-3.734988816748636950e-48,2.319831073723401571e-47
6.105000000000000426e+00,1.574179959940926913e-47,-2.107113748714539617e-48,1.075679523688675897e-47
6.115000000000000213e+00,7.632454685983948593e-48,-1.124817589818726217e-48,5.519697535465864894e-48
6.125000000000000000e+00,4.157545219582622739e-48,-5.674741731710820275e-49,3.190880281986178646e-48
6.134999999999999787e+00,2.526429264487679966e-48,-2.703976077977964798e-49,2.017159881407257360e-48
6.145000000000000462e+00,1.639487363324875771e-48,-1.221657292938677757e-49,1.329394265871491311e-48
6.155000000000000249e+00,1.087055392687858105e-48,-5.332184633936277601e-50,8.809857903340767175e-49
6.165000000000000036e+00,7.165956650483916846e-49,-2.374302252614496969e-50,5.759606645592313480e-49
6.174999999999999822e+00,4.637125710434607112e-49,-1.197052116054353332e-50,3.685676653459759844e-49
6.185000000000000497e+00,2.932536786946269508e-49,-7.457846210256187655e-51,2.303934164413865583e-49
6.195000000000000284e+00,1.811972011609878751e-49,-5.521984612095867592e-51,1.408415624487117581e-49
6.205000000000000071e+00,1.096420800087279598e-49,-4.350713882040055794e-51,8.448591899386743644e-50
6.214999999999999858e+00,6.527420146491197789e-50,-3.384354634484428430e-51,5.002561393447826793e-50
6.225000000000000533e+00,3.851469415776500795e-50,-2.524634668340192884e-51,2.949396095078276231e-50
6.235000000000000320e+00,2.275151164865779892e-50,-1.794188720031764141e-51,1.750830277317786776e-50
6.245000000000000107e+00,1.361490981099846360e-50,-1.216489590281498173e-51,1.058806308833280157e-50
6.254999999999999893e+00,8.342833589247896017e-51,-7.897403696243131620e-52,6.581112844757708159e-51
6.265000000000000568e+00,5.266164745689233823e-51,-4.927289858987027575e-52,4.214808393762587933e-51
6.275000000000000355e+00,3.419450875405443940e-51,-2.963715049546286129e-52,2.767602138601054414e-51
6.285000000000000142e+00,2.265702286370641175e-51,-1.722432140713993096e-52,1.844392547279834019e-51
6.294999999999999929e+00,1.514520073487579982e-51,-9.682581342288844445e-53,1.232926881833654784e-51
6.304999999999999716e+00,1.009880265615116688e-51,-5.261807434921851413e-53,8.181714808010390348e-52
6.315000000000000391e+00,6.655969589968820027e-52,-2.755639387344999956e-53,5.347552082293070133e-52
6.325000000000000178e+00,4.307749362373834755e-52,-1.380519633117521119e-53,3.423899373753777630e-52
6.334999999999999964e+00,2.725819048045798316e-52,-6.514376369200509292e-54,2.140033500359200684e-52
6.344999999999999751e+00,1.681691635361480306e-52,-2.799605288170362649e-54,1.302833217137990211e-52
6.355000000000000426e+00,1.009791649638585325e-52,-1.002937498872087342e-54,7.714376218334626684e-53
6.365000000000000213e+00,5.894449542692959821e-53,-1.994591798837021539e-55,4.438372215639044184e-53
6.375000000000000000e+00,3.342050113673724659e-53,1.123927651493668208e-55,2.479316341528849557e-53
6.384999999999999787e+00,1.839330839941051471e-53,1.964492556664630040e-55,1.343937246668746334e-53
6.395000000000000462e+00,9.821796094834069360e-54,1.862776808054903502e-55,7.066895280673114512e-54
6.405000000000000249e+00,5.088245347371008336e-54,1.458333237414436239e-55,3.605477130762887116e-54
6.415000000000000036e+00,2.558982873240418391e-54,1.030232247114329213e-55,1.786912479497130117e-54
6.424999999999999822e+00,1.251931002631426131e-54,6.793890791330452963e-56,8.630003668724670864e-55
6.435000000000000497e+00,5.985835695859730899e-55,4.252411904939473364e-56,4.088149947307009694e-55
6.445000000000000284e+00,2.822295986748196193e-55,2.550661764968194243e-56,1.922334112458924431e-55
6.455000000000000071e+00,1.332400007643652803e-55,1.475305759309004186e-56,9.143286764462512904e-56
6.464999999999999858e+00,6.437722864647891564e-56,8.265151997109457349e-57,4.506929674765147962e-56
6.475000000000000533e+00,3.261330583819756898e-56,4.499847713834492386e-57,2.353413466700478971e-56
6.485000000000000320e+00,1.760337105415459763e-56,2.386594655475378269e-57,1.312405780802641731e-56
6.495000000000000107e+00,1.010810525157723514e-56,1.234992751633236149e-57,7.733245356227941751e-57
6.504999999999999893e+00,6.067239043305192489e-57,6.238283675478478761e-58,4.710365959795141019e-57
6.515000000000000568e+00,3.721084523983962721e-57,3.073201039779110428e-58,2.902053939350864320e-57
6.525000000000000355e+00,2.288677577281383330e-57,1.472441765758574714e-58,1.780971375059198553e-57
6.535000000000000142e+00,1.395364693575237188e-57,6.823994938983633553e-59,1.079606285575320816e-57
6.544999999999999929e+00,8.386384060987937927e-58,3.029671934332363234e-59,6.443501386582974220e-58
6.554999999999999716e+00,4.961673462196734945e-58,1.266431667361224007e-59,3.786319628160113429e-58
6.565000000000000391e+00,2.892623814852411698e-58,4.815463277617356396e-60,2.194446044541370934e-58
6.575000000000000178e+00,1.665585509710289625e-58,1.528443725659724181e-60,1.257724584404627843e-58
6.584999999999999964e+00,9.498790275338275826e-59,2.788163469285900985e-61,7.148590298303655426e-59
6.594999999999999751e+00,5.379960937892628719e-59,-1.153737546810034793e-61,4.039418774255285360e-59
6.605000000000000426e+00,3.032928553423712422e-59,-1.841463959292186353e-61,2.273404178516493424e-59
6.615000000000000213e+00,1.704196312838597438e-59,-1.507607453507573690e-61,1.275506675415560886e-59
6.625000000000000000e+00,9.547870481792024107e-60,-1.002563442387505922e-61,7.132862206013651026e-60
6.634999999999999787e+00,5.329751244697134362e-60,-5.922878700398639158e-62,3.970919926826207744e-60
6.645000000000000462e+00,2.959183719909549970e-60,-3.197414146719669593e-62,2.196050256701817584e-60
6.655000000000000249e+00,1.630064075856068295e-60,-1.583707867809398224e-62,1.203091494013712318e-60
6.665000000000000036e+00,8.881123002903540309e-61,-7.077731036123578989e-63,6.508064390759752501e-61
6.674999999999999822e+00,4.769657117471315328e-61,-2.694331920960046323e-63,3.464144547168141648e-61
6.685000000000000497e+00,2.516118683283310718e-61,-6.975839938957446444e-64,1.807973211389217065e-61
6.695000000000000284e+00,1.299150082689414171e-61,9.381313629450564374e-65,9.219314954735141280e-62
6.705000000000000071e+00,6.542420108052158478e-62,3.267828047870823744e-64,4.576940304934990336e-62
6.714999999999999858e+00,3.202094955530244020e-62,3.307889763698012102e-64,2.204271548715398531e-62
6.725000000000000533e+00,1.517727407037587914e-62,2.608447922208191553e-64,1.026075405181042969e-62
6.735000000000000320e+00,6.941372556683610085e-63,1.824225878306101685e-64,4.599594242803034725e-63
6.745000000000000107e+00,3.052644851712354462e-63,1.182447516254180433e-64,1.978944357454430008e-63
6.754999999999999893e+00,1.287474561275305726e-63,7.248231533307695283e-65,8.157176538327699289e-64
6.765000000000000568e+00,5.209027012900138999e-64,4.247636551311001954e-65,3.231540559426361791e-64
6.775000000000000355e+00,2.039397861372087797e-64,2.395715060357771591e-65,1.250992881746983352e-64
6.785000000000000142e+00,7.955179945095911239e-65,1.306612699038387633e-65,4.956598456723813244e-65
6.794999999999999929e+00,3.302892604294004067e-65,6.917623011191014268e-66,2.190869574310515279e-65
6.804999999999999716e+00,1.598127824691230803e-65,3.568011491267043805e-66,1.168012739601267698e-65
6.815000000000000391e+00,9.333175962799939570e-66,1.799468034453057916e-66,7.371288833804003477e-66
6.825000000000000178e+00,6.168745184689503315e-66,8.907875536867507287e-67,5.029193497645000742e-66
6.834999999999999964e+00,4.228783799872745401e-66,4.345128095269382278e-67,3.447933754943375586e-66
6.844999999999999751e+00,2.855915348636255711e-66,2.095954471143305086e-67,2.297116353628021488e-66
6.855000000000000426e+00,1.863036240236272959e-66,1.002492634581250848e-67,1.472182453369656889e-66
6.865000000000000213e+00,1.168721812173262402e-66,4.759877781511163875e-68,9.070805448918244084e-67
6.875000000000000000e+00,7.059513649672747291e-67,2.241272356366131215e-68,5.387238078778752954e-67
6.884999999999999787e+00,4.118211052194167963e-67,1.042973073442510376e-68,3.094202604509769049e-67
6.895000000000000462e+00,2.327459074970785019e-67,4.767623855353762826e-69,1.723966996198261938e-67
6.905000000000000249e+00,1.277932342479880508e-67,2.122034322268795389e-69,9.341785981781068706e-68
6.915000000000000036e+00,6.832442745491022279e-68,9.083242183620822184e-70,4.933306853396598079e-68
6.924999999999999822e+00,3.563259575748822938e-68,3.670010224316749265e-70,2.542803439976213992e-68
6.935000000000000497e+00,1.814966351560407718e-68,1.354339416733552900e-70,1.280577072298501255e-68
6.945000000000000284e+00,9.036316624890260838e-69,4.231692014861364609e-71,6.304976372448006205e-69
6.955000000000000071e+00,4.399416203429157946e-69,8.364146566792483358e-72,3.035627801988128277e-69
6.964999999999999858e+00,2.094620214374871106e-69,-1.935831633969159004e-72,1.429087260755605881e-69
6.975000000000000533e+00,9.750188278917130598e-70,-3.732352707644208015e-72,6.575739875280965711e-70
6.985000000000000320e+00,4.434965430004602335e-70,-3.038517145308066325e-72,2.955459157657209477e-70
6.995000000000000107e+00,1.969724957070303113e-70,-1.980174991453013950e-72,1.296350679950209621e-70
7.004999999999999893e+00,8.533766040143912901e-71,-1.153914283519615380e-72,5.543481095572565397e-71
7.015000000000000568e+00,3.602570974419291636e-71,-6.264039466831861292e-73,2.308345033334341209e-71
7.025000000000000355e+00,1.480159766407673338e-71,-3.232211047274936875e-73,9.349105234637246185e-72
7.035000000000000142e+00,5.912215867294442908e-72,-1.603714362873799034e-73,3.679319304052875778e-72
7.044999999999999929e+00,2.294082260051134498e-72,-7.705692719907227107e-74,1.406413971765211954e-72
7.054999999999999716e+00,8.648068399960250328e-73,-3.600652162329378492e-74,5.225888976361665146e-73
7.065000000000000391e+00,3.172912294880249019e-73,-1.639398737218288546e-74,1.893643464397619755e-73
7.075000000000000178e+00,1.138626446839149205e-73,-7.272214922432124631e-75,6.741379526556169544e-74
7.084999999999999964e+00,4.037764022386694713e-74,-3.135566223336117322e-75,2.390912278534282062e-74
7.094999999999999751e+00,1.440098838569119201e-74,-1.307551300346394708e-75,8.633190591513877056e-75
7.105000000000000426e+00,5.294197047488416449e-75,-5.226905109767905722e-76,3.257692800305132699e-75
7.115000000000000213e+00,2.056169737125541975e-75,-1.971837615350076605e-76,1.310374926962093240e-75
7.125000000000000000e+00,8.539975340162267744e-76,-6.808801314769008777e-77,5.629460510225538985e-76
7.134999999999999787e+00,3.765165835832238962e-76,-1.999203312404477277e-77,2.542738254651823185e-76
7.145000000000000462e+00,1.727808615652951499e-76,-3.749415071816506992e-78,1.182787565604139404e-76
7.155000000000000249e+00,8.105019410130814574e-77,7.883933394260076756e-79,5.590074938640517087e-77
7.165000000000000036e+00,3.856271265819070599e-77,1.472332760649986292e-78,2.679189746704005098e-77
7.174999999999999822e+00,1.867019937171220167e-77,1.143367736849222546e-78,1.311949722501041321e-77
7.185000000000000497e+00,9.289054378363553335e-78,7.099298513312883110e-79,6.634000962551763846e-78
7.195000000000000284e+00,4.792088338790734533e-78,3.930882770994725567e-79,3.484678067226839490e-78
7.205000000000000071e+00,2.566208875212021293e-78,2.014993928643475654e-79,1.894350559135348714e-78
7.214999999999999858e+00,1.414213036700399903e-78,9.707105853176583700e-80,1.052841306881554139e-78
7.225000000000000533e+00,7.904732730287806719e-79,4.413029600918677742e-80,5.891453671931493664e-79
7.235000000000000320e+00,4.415579357586968860e-79,1.885200380745193410e-80,3.274633576634819285e-79
7.245000000000000107e+00,2.436546598917708426e-79,7.452256752135481768e-81,1.790482214818366178e-79
7.254999999999999893e+00,1.318004825385782956e-79,2.623136982238329319e-81,9.573005229195345826e-80
7.265000000000000568e+00,6.958338530182029822e-80,7.339131740463637498e-82,4.989065436208173304e-80
7.275000000000000355e+00,3.577888615831134153e-80,7.962126982910268512e-83,2.531138330112672239e-80
7.285000000000000142e+00,1.790643960598362865e-80,-9.672420180302262806e-83,1.249931122553631524e-80
7.294999999999999929e+00,8.725471959921197227e-81,-1.104137542345787743e-82,6.011885382184392396e-81
7.304999999999999716e+00,4.143610478804755167e-81,-8.211042868939095216e-83,2.819771143661722799e-81
7.315000000000000391e+00,1.920511463573278491e-81,-5.210614404275399562e-83,1.291936811048043119e-81
7.325000000000000178e+00,8.705054906974795691e-82,-3.029361071813366266e-83,5.795493791015320388e-82
7.334999999999999964e+00,3.868961072232422745e-82,-1.662317141886717261e-83,2.553182423922739804e-82
7.344999999999999751e+00,1.692023607994791867e-82,-8.745206939209916881e-84,1.109066725982994681e-82
7.355000000000000426e+00,7.314773040255411654e-83,-4.453133812288982525e-84,4.775102915793025965e-83
7.365000000000000213e+00,3.144309705487932899e-83,-2.209254314530798860e-84,2.051144450495635377e-83
7.375000000000000000e+00,1.353556742719567860e-83,-1.073148978861329230e-84,8.857907393277809191e-84
7.384999999999999787e+00,5.881849619304166983e-84,-5.124607807593699066e-85,3.877100402081108719e-84
7.395000000000000462e+00,2.600291501747602461e-84,-2.414047437265378325e-85,1.732478463000771970e-84
7.405000000000000249e+00,1.176698025201709758e-84,-1.125169695497586631e-85,7.941447052654868506e-85
7.415000000000000036e+00,5.467213061971352206e-85,-5.202226106022104145e-86,3.738824510673641032e-85
7.424999999999999822e+00,2.606344425336470359e-85,-2.390867590509377821e-86,1.803537989939406690e-85
7.435000000000000497e+00,1.269944113039034530e-85,-1.093860226851240643e-86,8.869308796057911295e-86
7.445000000000000284e+00,6.288557732245858201e-86,-4.986257595904018604e-87,4.419507072322819648e-86
7.455000000000000071e+00,3.145501918350709143e-86,-2.265051173325313409e-87,2.218217001781710211e-86
7.464999999999999858e+00,1.580603466227780366e-86,-1.024938041071161135e-87,1.115824287816114424e-86
7.475000000000000533e+00,7.943604123285825640e-87,-4.615852486697919210e-88,5.603205823440165224e-87
7.485000000000000320e+00,3.979173175179388034e-87,-2.066415243449753422e-88,2.800507069437034558e-87
7.495000000000000107e+00,1.981703288195022945e-87,-9.183256388386937598e-89,1.390053890438692038e-87
7.504999999999999893e+00,9.793005086451881695e-88,-4.045515825421196006e-89,6.840452214641107658e-88
7.515000000000000568e+00,4.794794658963897602e-88,-1.764235929414812342e-89,3.332810129903829829e-88
7.525000000000000355e+00,2.323091902447169626e-88,-7.606708285507019951e-90,1.605911554358637395e-88
7.535000000000000142e+00,1.112628440912675710e-88,-3.238878169478589371e-90,7.645336937495605203e-89
7.544999999999999929e+00,5.262860273261494153e-89,-1.360472972623317223e-90,3.593042987207181940e-89
7.554999999999999716e+00,2.456547600303110453e-89,-5.631737565812837683e-91,1.665656367599839114e-89
7.565000000000000391e+00,1.130685512214046698e-89,-2.295121929175330366e-91,7.611466631432182368e-90
7.575000000000000178e+00,5.128490592804734511e-90,-9.198069989669836444e-92,3.426489152646228960e-90
7.584999999999999964e+00,2.290983701684077234e-90,-3.620427050194432646e-92,1.518804285683305130e-90
7.594999999999999751e+00,1.007461207915145769e-90,-1.397418105834962049e-92,6.625731953228213111e-91
7.605000000000000426e+00,4.359458343864461844e-91,-5.279141774292755268e-93,2.843722683935719287e-91
7.615000000000000213e+00,1.855630906143000964e-91,-1.947165236019182743e-93,1.200424998811870999e-91
7.625000000000000000e+00,7.767704871946324653e-92,-6.989318340392302594e-94,4.982855002087251246e-92
7.634999999999999787e+00,3.197048476777384170e-92,-2.430677403637987267e-94,2.033486013377802725e-92
7.645000000000000462e+00,1.293585698154921853e-92,-8.137607746219167490e-95,8.157654423554726906e-93
7.655000000000000249e+00,5.144919880843838173e-93,-2.596839337291394168e-95,3.216632352653972873e-93
7.665000000000000036e+00,2.011187402183119693e-93,-7.767059097227761802e-96,1.246522087625453065e-93
7.674999999999999822e+00,7.726170323354362829e-94,-2.106437553358240318e-96,4.746775617606621621e-94
7.685000000000000497e+00,2.916363674214057058e-94,-4.768367185688624766e-97,1.775854123409607534e-94
7.695000000000000284e+00,1.081374258238359532e-94,-6.311944759007658002e-98,6.525113321344973274e-95
7.705000000000000071e+00,3.937318035145542994e-95,1.700223367385564126e-98,2.353594080057194398e-95
7.714999999999999858e+00,1.406898791256776619e-95,1.994281196094131225e-98,8.327705771477596033e-96
7.725000000000000533e+00,4.929358214182498903e-96,1.175058096869769854e-98,2.887443433606344456e-96
7.735000000000000320e+00,1.691390095051595851e-96,5.665093104195961955e-99,9.795849437766401981e-97
7.745000000000000107e+00,5.673550756630681708e-97,2.466041568385676873e-99,3.244774756828592829e-97
7.754999999999999893e+00,1.855834522384118060e-97,1.007681355339532333e-99,1.046242985798252596e-97
7.765000000000000568e+00,5.898833728435448194e-98,3.946288087142064957e-100,3.269866526687106783e-98
7.775000000000000355e+00,1.812830283682490271e-98,1.501167430714577939e-100,9.844716694069401235e-99
7.785000000000000142e+00,5.347493513078247346e-99,5.600883562246512009e-101,2.829382140848048192e-99
7.794999999999999929e+00,1.497625059110657931e-99,2.064350838700301950e-101,7.653570741360609918e-100
7.805000000000000604e+00,3.914181335325285091e-100,7.553972241704332404e-102,1.903620299957301985e-100
7.815000000000000391e+00,9.272632474424559101e-101,2.752923034969345180e-102,4.171749273844450939e-101
7.825000000000000178e+00,1.885039432372313097e-101,1.001365180111098771e-102,7.354233923888646583e-102
7.834999999999999964e+00,2.922352067823122462e-102,3.646947386996914753e-103,8.085301552954402318e-103
7.844999999999999751e+00,2.692089269871373927e-103,1.339153283591113872e-103,2.454817804853358520e-104
7.855000000000000426e+00,6.885331932516771219e-104,5.027880545646304332e-104,7.351783279809705110e-104
7.865000000000000213e+00,1.152134725704960206e-103,1.973242655933950736e-104,1.119111438862998309e-103
7.875000000000000000e+00,1.120830098750684637e-103,8.293940759231701784e-105,9.408717646599616964e-104
7.884999999999999787e+00,7.959445627490737442e-104,3.781576306766435458e-105,6.145685880323135137e-104
7.895000000000000462e+00,4.763203357065237787e-104,1.853124274933342289e-105,3.489788642992905039e-104
7.905000000000000249e+00,2.564023526400629588e-104,9.508865309889443599e-106,1.813061545958061839e-104
7.915000000000000036e+00,1.285570895680213813e-104,4.965335204803991560e-106,8.867170844390946540e-105
7.924999999999999822e+00,6.135271464654971787e-105,2.582098740509624758e-106,4.159127210441371592e-105
7.935000000000000497e+00,2.830357481609462438e-105,1.319568014212502058e-106,1.897202783207636105e-105
7.945000000000000284e+00,1.277856603468854258e-105,6.580007885237850825e-107,8.513919207881504754e-106
7.955000000000000071e+00,5.706413780551305007e-106,3.190452846014125552e-107,3.796457613717910387e-106
7.964999999999999858e+00,2.543608098636826078e-106,1.501863683886635342e-107,1.696145508127589990e-106
7.975000000000000533e+00,1.139902617681184104e-106,6.858492552344823350e-108,7.637891143490188753e-107
7.985000000000000320e+00,5.159017043082125249e-107,3.036438006680360035e-108,3.476801063224427059e-107
7.995000000000000107e+00,2.360981770210588378e-107,1.301955395199001060e-108,1.599306265872228332e-107
8.005000000000000782e+00,1.090534218881069025e-107,5.396702018487388372e-109,7.410996780547153577e-108
8.015000000000000568e+00,5.063033901375014215e-108,2.155563366397776220e-109,3.442857585127004885e-108
8.025000000000000355e+00,2.350316651543730650e-108,8.250242825683821029e-110,1.594853602636715474e-108
8.035000000000000142e+00,1.085115345132945867e-108,2.996114348956215533e-110,7.329637311799406345e-109
8.044999999999999929e+00,4.959228562733960828e-109,1.013311164403973472e-110,3.327740565544784826e-109
8.054999999999999716e+00,2.235050295931680304e-109,3.066050996305250086e-111,1.487557479668321279e-109
8.064999999999999503e+00,9.904776309588834086e-110,7.413772206295445646e-112,6.531164723325631214e-110
8.074999999999999289e+00,4.307175418363064978e-110,7.198748466249351739e-113,2.811649562617351728e-110
8.085000000000000853e+00,1.835408200753121286e-110,-7.027636307367435418e-113,1.185529722176564161e-110
8.095000000000000639e+00,7.657861119174362149e-111,-6.999794984171176631e-113,4.893175764838350795e-111
8.105000000000000426e+00,3.127252950385889725e-111,-4.501167026792754109e-113,1.976674354867084205e-111
8.115000000000000213e+00,1.250064391231008420e-111,-2.464079179700689807e-113,7.817559635335017237e-112
8.125000000000000000e+00,4.893744349746280338e-112,-1.233558548446003319e-113,3.029201626037957824e-112
8.134999999999999787e+00,1.878169046282930054e-112,-5.815944587054952486e-114,1.151531062950418016e-112
8.144999999999999574e+00,7.078203704372121511e-113,-2.621355564726937249e-114,4.303066408091149149e-113
8.154999999999999361e+00,2.625679669395489299e-113,-1.139216184716117958e-114,1.585098842774790796e-113
8.165000000000000924e+00,9.618524704129741640e-114,-4.799347550099734310e-115,5.777441800922182684e-114
8.175000000000000711e+00,3.494212695391761722e-114,-1.966878889186340249e-115,2.093336879201773682e-114
8.185000000000000497e+00,1.265162083952032629e-114,-7.860054656663637095e-116,7.580125103903728191e-115
8.195000000000000284e+00,4.590407973773170980e-115,-3.067860784557798992e-116,2.757890567875291545e-115
8.205000000000000071e+00,1.677427829139237408e-115,-1.170815168206441746e-116,1.012695716811961270e-115
8.214999999999999858e+00,6.195561313440267790e-116,-4.372084389757504709e-117,3.762488450680471628e-116
8.224999999999999645e+00,2.315766051655567461e-116,-1.598061767068586833e-117,1.414182995763949508e-116
8.234999999999999432e+00,8.746356559521823515e-117,-5.717722472646536316e-118,5.362269805709271462e-117
8.245000000000000995e+00,3.324911438729787639e-117,-2.001952359438878064e-118,2.041330347030708677e-117
8.255000000000000782e+00,1.265329256351675683e-117,-6.854855564216242091e-119,7.756727824787184408e-118
8.265000000000000568e+00,4.792169049400175283e-118,-2.292794484059336596e-119,2.924776839966160048e-118
8.275000000000000355e+00,1.796031930497333416e-118,-7.478060948575328873e-120,1.088487083183883909e-118
8.285000000000000142e+00,6.627923755696209807e-119,-2.371999453658225311e-120,3.979670441303831241e-119
8.294999999999999929e+00,2.398042165438193428e-119,-7.287744086974611140e-121,1.423720254747244153e-119
8.304999999999999716e+00,8.474790453878121312e-120,-2.155286429224294010e-121,4.966004339401551889e-120
8.314999999999999503e+00,2.915429216726962713e-120,-6.072851182642176308e-122,1.683096585938359486e-120
8.324999999999999289e+00,9.729277779998525434e-121,-1.600623754301550633e-122,5.522783848310173124e-121
8.335000000000000853e+00,3.137618442957921475e-121,-3.799969116585453472e-123,1.747078025389965340e-121
8.345000000000000639e+00,9.732622557032038061e-122,-7.346012988565514036e-124,5.299293125904219159e-122
8.355000000000000426e+00,2.885954310911234452e-122,-6.827386606692079891e-125,1.529843117150006745e-122
8.365000000000000213e+00,8.109853185999083920e-123,3.332622337249872809e-125,4.158115638258437565e-123
8.375000000000000000e+00,2.132102259032880531e-123,2.808780252739512179e-125,1.046404866366231124e-123
8.384999999999999787e+00,5.139303541204353231e-124,1.422756564839724777e-125,2.371832289911547373e-124
8.394999999999999574e+00,1.098559508818572013e-124,6.045699719472008534e-126,4.613314768437048447e-125
8.404999999999999361e+00,1.970596752372642019e-125,2.334650489674852442e-126,7.081666502188578349e-126
8.415000000000000924e+00,2.821510453126166270e-126,8.469463848705798633e-127,8.685768919677754218e-127
8.425000000000000711e+00,5.216156454338447843e-127,2.940788526254952569e-127,3.179295161114873338e-127
8.435000000000000497e+00,3.595780732773289976e-127,9.910214584041245340e-128,3.122738042655925455e-127
8.445000000000000284e+00,2.985058659511078640e-127,3.284144358040425740e-128,2.406885543328619772e-127
8.455000000000000071e+00,1.976830184400901213e-127,1.085399065919342263e-128,1.472893210617324393e-127
8.464999999999999858e+00,1.103380218704334717e-127,3.630343303116652275e-129,7.765481449964917959e-128
8.474999999999999645e+00,5.477214023802282128e-128,1.244513365830616929e-129,3.696391353308016383e-128
8.484999999999999432e+00,2.497400523796175972e-128,4.402324910962425058e-130,1.631451619172363246e-128
8.495000000000000995e+00,1.066537948872344601e-128,1.604013628616933018e-130,6.784970056676969121e-129
8.505000000000000782e+00,4.318791217500702139e-129,5.962742722617597875e-131,2.686217775260396309e-129
8.515000000000000568e+00,1.671606938753656887e-129,2.231152703016024500e-131,1.019224655112195993e-129
8.525000000000000355e+00,6.217470613049158007e-130,8.288553143493087253e-132,3.722764983229599061e-130
8.535000000000000142e+00,2.230143091079552470e-130,3.020178541524384431e-132,1.312721472015600708e-130
8.544999999999999929e+00,7.731117423942780827e-131,1.068234337246918171e-132,4.476181384319956745e-131
8.554999999999999716e+00,2.593106524192620065e-131,3.631544290058389206e-133,1.476837767836925765e-131
8.564999999999999503e+00,8.416039154357972206e-132,1.173159777655578274e-133,4.712593679133919387e-132
8.575000000000001066e+00,2.640470394169324002e-132,3.542173561663414024e-134,1.452079368631486260e-132
8.585000000000000853e+00,7.990202036796697084e-133,9.700013675630843406e-135,4.306952284994389063e-133
8.595000000000000639e+00,2.322750654649229903e-133,2.245337275288652179e-135,1.223272766176722488e-133
8.605000000000000426e+00,6.444516166302339253e-134,3.376572683224879444e-136,3.298972352939669062e-134
8.615000000000000213e+00,1.688933417016146051e-134,-4.316666823675256660e-137,8.333438965814973520e-135
8.625000000000000000e+00,4.111948266196574624e-135,-6.865522099297085029e-137,1.928365712413287237e-135
8.634999999999999787e+00,9.054850934748609716e-136,-4.019025875764173222e-137,3.940855202784183693e-136
8.644999999999999574e+00,1.732978878646492468e-136,-1.834182333963486318e-137,6.760857604831046535e-137
8.654999999999999361e+00,2.831737939319451899e-137,-7.308910362264625360e-138,1.035469494182226084e-137
8.665000000000000924e+00,5.672837016140874663e-138,-2.634553595401523851e-138,3.340206854497969644e-138
8.675000000000000711e+00,3.190265192951012871e-138,-8.674409324172224792e-139,2.700812655825789897e-138
8.685000000000000497e+00,2.522311559202463008e-138,-2.593950407273338698e-139,2.067131500432438201e-138
8.695000000000000284e+00,1.720770144908813084e-138,-6.875594494224423646e-140,1.317323185351421586e-138
8.705000000000000071e+00,1.011214519137026499e-138,-1.512797781775658208e-140,7.340990153847548003e-139
8.714999999999999858e+00,5.331511859242452188e-139,-2.181122114112866403e-141,3.719316142373231292e-139
8.724999999999999645e+00,2.594721471416062382e-139,1.572962307837318084e-142,1.754684366727198409e-139
8.734999999999999432e+00,1.186608942410662374e-139,2.630758906257814572e-142,7.822704788264318159e-140
8.745000000000000995e+00,5.157166789022667729e-140,1.083826282803249515e-142,3.326609201507616019e-140
8.755000000000000782e+00,2.145838345009870293e-140,1.960741027681894021e-143,1.357671140340728726e-140
8.765000000000000568e+00,8.589998282517379656e-141,-8.774653447357122697e-144,5.339687215853945646e-141
8.775000000000000355e+00,3.319248225663367030e-141,-1.179132626448115617e-143,2.029427367302472987e-141
8.785000000000000142e+00,1.240857626340428064e-141,-8.229124204045226348e-144,7.467837446537079416e-142
8.794999999999999929e+00,4.494904716902316066e-142,-4.623588640666814647e-144,2.664129648400216837e-142
8.804999999999999716e+00,1.579505014640150559e-142,-2.306749513597901300e-144,9.223143719089106091e-143
8.814999999999999503e+00,5.389004163152336627e-143,-1.063458502253969667e-144,3.101235402611051125e-143
8.825000000000001066e+00,1.786781039826800496e-143,-4.625156502296230777e-145,1.013808044794707113e-143
8.835000000000000853e+00,5.764253906888202706e-144,-1.921284809756494445e-145,3.227111676053848435e-144
8.845000000000000639e+00,1.813099022309912233e-144,-7.685115549075127051e-146,1.002990346043590679e-144
8.855000000000000426e+00,5.581028514745638511e-145,-2.977154487563647780e-146,3.058707467528089552e-145
8.865000000000000213e+00,1.692219603499147828e-145,-1.121822223979933905e-146,9.230547031347275520e-146
8.875000000000000000e+00,5.109353621796217417e-146,-4.125859008401275072e-147,2.794225529916122416e-146
8.884999999999999787e+00,1.561434973608739739e-146,-1.485353774232591731e-147,8.647551224924313687e-147
8.894999999999999574e+00,4.930491459685214158e-147,-5.247876012867780454e-148,2.794877864256615594e-147
8.904999999999999361e+00,1.640149743427858643e-147,-1.823920964213535293e-148,9.582567928282870486e-148
8.915000000000000924e+00,5.801439543257065747e-148,-6.250072480190747165e-149,3.491746337417791472e-148
8.925000000000000711e+00,2.168931771351802195e-148,-2.116341686463182381e-149,1.334989372742955337e-148
8.935000000000000497e+00,8.423435309523663749e-149,-7.096627447006396234e-150,5.249817447777356460e-149
8.945000000000000284e+00,3.331681601979396244e-149,-2.361503027010659825e-150,2.084380535457214176e-149
8.955000000000000071e+00,1.320777225364022187e-149,-7.813130826438133507e-151,8.245148407493695163e-150
8.964999999999999858e+00,5.193375618344809687e-150,-2.574340678395975221e-151,3.223602026875412218e-150
8.974999999999999645e+00,2.013696504065454429e-150,-8.457313092522358714e-152,1.240609647017105288e-150
8.984999999999999432e+00,7.678738616393511811e-151,-2.772099006239719899e-152,4.692254673393266713e-151
8.995000000000000995e+00,2.877308416491181893e-151,-9.065771390049320192e-153,1.743833952846584584e-151
9.005000000000000782e+00,1.059731955988442045e-151,-2.956248377240187835e-153,6.371901225257996594e-152
9.015000000000000568e+00,3.839510457262031549e-152,-9.599706838495721298e-154,2.291432312222617084e-152
9.025000000000000355e+00,1.369934406269915695e-152,-3.098443335620653803e-154,8.119444044885213452e-153
9.035000000000000142e+00,4.819309217061476018e-153,-9.916577317254928745e-155,2.838258087487823809e-153
9.044999999999999929e+00,1.673588985160994926e-153,-3.138113472003661059e-155,9.799299764389600351e-154
9.054999999999999716e+00,5.743629665724097765e-154,-9.785739721097456227e-156,3.345301078020866995e-154
9.064999999999999503e+00,1.950093586227834148e-154,-2.994776422371075297e-156,1.130343415309518697e-154
9.075000000000001066e+00,6.556470490161428139e-155,-8.948166871810672403e-157,3.783669584213106714e-155
9.085000000000000853e+00,2.184736820371670812e-155,-2.591973674936128787e-157,1.255714513211639800e-155
9.095000000000000639e+00,7.220507096022381667e-156,-7.201551837756742946e-158,4.134751575050563956e-156
9.105000000000000426e+00,2.368442630807894112e-156,-1.884759806816509750e-158,1.351637345830753621e-156
9.115000000000000213e+00,7.715106639395545346e-157,-4.481273316490339275e-159,4.389044460716940193e-157
9.125000000000000000e+00,2.497142341601279480e-157,-8.811514347998179306e-160,1.416487567799873293e-157
9.134999999999999787e+00,8.035243482476208318e-158,-9.092166047884078096e-161,4.545929421958917129e-158
9.144999999999999574e+00,2.571864439700426364e-158,3.497312517805146519e-161,1.451600336900335794e-158
9.154999999999999361e+00,8.193105891418834132e-159,3.205573085654995378e-161,4.614852348066108461e-159
9.165000000000000924e+00,2.599489137158433681e-159,1.685380503288829551e-161,1.461704767903174070e-159
9.175000000000000711e+00,8.220326250683312196e-160,7.414455367268299739e-162,4.616291428388910052e-160
9.185000000000000497e+00,2.593041117423336789e-160,2.971197238750537043e-162,1.454893383303632160e-160
9.195000000000000284e+00,8.166463477401654259e-161,1.121186355042595757e-162,4.580009534083628943e-161
9.205000000000000071e+00,2.570152671202838253e-161,4.049865028343944863e-163,1.441423146709274890e-161
9.214999999999999858e+00,8.090339736786572691e-162,1.413302305397150741e-163,4.539114859399533438e-162
9.224999999999999645e+00,2.549155982549328604e-162,4.792071374005912119e-164,1.431232201645267449e-162
9.234999999999999432e+00,8.044709793634735446e-163,1.584531649036048917e-164,4.520862650886727893e-163
9.245000000000000995e+00,2.543697291584321719e-163,5.122022956893127589e-165,1.430871444248241561e-163
9.255000000000000782e+00,8.059200317052292710e-164,1.621383792266581586e-165,4.537452722408931013e-164
9.265000000000000568e+00,2.557917070071593927e-164,5.032168171405247099e-166,1.441079576246483296e-164
9.275000000000000355e+00,8.128655307292967339e-165,1.532587172346385385e-166,4.580811254208143639e-165
9.285000000000000142e+00,2.584353646074866500e-165,4.583309417592569549e-167,1.456119440658015390e-165
9.294999999999999929e+00,8.212438344912440306e-166,1.346638715489175746e-167,4.623941245767932572e-166
9.304999999999999716e+00,2.605677644553761521e-166,3.889252112943742001e-168,1.465279007440037459e-166
9.314999999999999503e+00,8.245667695445952433e-167,1.104799727187150749e-168,4.628641354423636918e-167
9.325000000000001066e+00,2.599732053729488801e-167,3.089209120466270947e-169,1.456020701775568327e-167
9.335000000000000853e+00,8.158343096379377017e-168,8.512293889120555766e-170,4.556764942947736486e-168
9.345000000000000639e+00,2.546025879840867378e-168,2.315204218619658814e-170,1.417627798172847060e-168
9.355000000000000426e+00,7.895460164511086054e-169,6.229930155859968711e-171,4.381027686123716372e-169
9.365000000000000213e+00,2.431433303386943722e-169,1.663836880001193683e-171,1.344122081251619908e-169
9.375000000000000000e+00,7.431587788599732096e-170,4.428583223940298706e-172,4.092007853422763761e-170
9.384999999999999787e+00,2.253420128212749757e-170,1.180566937599599307e-172,1.235649777438019652e-170
9.394999999999999574e+00,6.776231947138616283e-171,3.168629999928445817e-173,3.699780159066452226e-171
9.404999999999999361e+00,2.020204938942506406e-171,8.602570779892746400e-174,1.098162725319351383e-171
9.415000000000000924e+00,5.969866483625952026e-172,2.369173576842769050e-174,3.230568158546603709e-172
9.425000000000000711e+00,1.748302404079840507e-172,6.618623551215444511e-175,9.417609918666112750e-173
9.435000000000000497e+00,5.073250313615601994e-173,1.869359928346663023e-175,2.720143469568735889e-173
9.445000000000000284e+00,1.458538311392350251e-173,5.304381606575166417e-176,7.783558148617532213e-174
9.455000000000000071e+00,4.153925243245478713e-174,1.499379136149634859e-176,2.206206879866793636e-174
9.464999999999999858e+00,1.171800965476189004e-174,4.180034463408430274e-177,6.193509619679669498e-175
9.474999999999999645e+00,3.273705160525032732e-175,1.136054459213875034e-177,1.721782649035490302e-175
9.484999999999999432e+00,9.055991322131255676e-176,2.966257200535570599e-178,4.738918222193462763e-176
9.495000000000000995e+00,2.479930135305149754e-176,7.279766633076918853e-179,1.290980626398501227e-176
9.505000000000000782e+00,6.720689220276833973e-177,1.611662461585835655e-179,3.479711067630957050e-177
9.515000000000000568e+00,1.801697484128512536e-177,2.891738876295634444e-180,9.275712385139162263e-178
9.525000000000000355e+00,4.775478526508274462e-178,2.340226042976558252e-181,2.443858823596976577e-178
9.535000000000000142e+00,1.250649833975414272e-178,-1.281147092805978708e-181,6.359375928233214625e-179
9.544999999999999929e+00,3.233665030109012914e-179,-9.805346132364909819e-182,1.633001189347715466e-179
9.554999999999999716e+00,8.246955093966326214e-180,-4.660826052279533290e-182,4.133922277301822348e-180
9.564999999999999503e+00,2.072460141952973895e-180,-1.872495704629141521e-182,1.030576435195563151e-180
9.575000000000001066e+00,5.126460052426370404e-181,-6.861945250435609053e-183,2.527531542128778671e-181
9.585000000000000853e+00,1.247083613319486198e-181,-2.365938871212793417e-183,6.093794355834227132e-182
9.595000000000000639e+00,2.982182262793678560e-182,-7.797357842722658302e-184,1.444267561505439014e-182
9.605000000000000426e+00,7.014959126575514515e-183,-2.479035703336195740e-184,3.370197596591979856e-183
9.615000000000000213e+00,1.627905140173389375e-183,-7.648530781536470959e-185,7.778958662240784281e-184
9.625000000000000000e+00,3.753117831761653890e-184,-2.299341093134302544e-185,1.793868860494397388e-184
9.634999999999999787e+00,8.714981329914575519e-185,-6.755429011185181676e-186,4.208061556516826395e-185
9.644999999999999574e+00,2.084243165540377184e-185,-1.944119177121024335e-186,1.030972508958753953e-185
9.654999999999999361e+00,5.281055138745429383e-186,-5.490578575137102970e-187,2.712623650066041961e-186
9.665000000000000924e+00,1.450428256580336664e-186,-1.524119607877005189e-187,7.776518571587830764e-187
9.675000000000000711e+00,4.329561382196320486e-187,-4.164138178167454199e-188,2.406102914167931864e-187
9.685000000000000497e+00,1.377213804094707335e-187,-1.121197510884247583e-188,7.822552144926783990e-188
9.695000000000000284e+00,4.534474293885101770e-188,-2.978490817677992612e-189,2.597023455696626980e-188
9.705000000000000071e+00,1.506954160962658833e-188,-7.815111141210556440e-190,8.620731450864553483e-189
9.714999999999999858e+00,4.972133347543585295e-189,-2.027278818048222638e-190,2.825502523044855611e-189
9.724999999999999645e+00,1.613907460015797677e-189,-5.203077612418517430e-191,9.085008690625904785e-190
9.734999999999999432e+00,5.130907758140368811e-190,-1.321795169183089982e-191,2.857595456313075391e-190
9.745000000000000995e+00,1.594907490521682996e-190,-3.323469339206880673e-192,8.784768838625492491e-191
9.755000000000000782e+00,4.845586248221417985e-191,-8.263691010314774766e-193,2.639592748505228371e-191
9.765000000000000568e+00,1.439305458536148473e-191,-2.027917513837271863e-193,7.755781945971168352e-192
9.775000000000000355e+00,4.182105871334735342e-192,-4.893714419421548071e-194,2.229775745013301711e-192
9.785000000000000142e+00,1.189423431679873940e-192,-1.154154080982441537e-194,6.276310226998544004e-193
9.794999999999999929e+00,3.312982553765489257e-193,-2.632971833902853378e-195,1.730525645611176019e-193
9.804999999999999716e+00,9.041436879229102250e-194,-5.705558412131682664e-196,4.675719221813455015e-194
9.814999999999999503e+00,2.418377285931964283e-194,-1.132696471354429083e-196,1.238266131622392632e-194
9.825000000000001066e+00,6.340744770358572443e-195,-1.879231316073509066e-197,3.214379822874394451e-195
9.835000000000000853e+00,1.629554755939441714e-195,-1.702224819648550727e-198,8.177830599057418603e-196
9.845000000000000639e+00,4.104016929781450402e-196,4.885058514315896712e-199,2.038403610794140053e-196
9.855000000000000426e+00,1.012450293307280813e-196,3.925894147590845863e-199,4.975310640653309606e-197
9.865000000000000213e+00,2.445083714146406720e-197,1.757046429437927237e-199,1.188277859121205407e-197
9.875000000000000000e+00,5.776133485827261308e-198,6.545699465278825862e-200,2.774767710408479266e-198
9.884999999999999787e+00,1.333698482518911556e-198,2.214191177146452357e-200,6.330157030980788135e-199
9.894999999999999574e+00,3.008169761638470328e-199,7.030782590631836842e-201,1.410363468806718724e-199
9.904999999999999361e+00,6.628842327841490880e-200,2.129736323094663871e-201,3.071312745946196628e-200
9.915000000000000924e+00,1.429860491878229124e-200,6.209997051849472109e-202,6.559183433479323858e-201
9.925000000000000711e+00,3.035857567534372514e-201,1.752766094774448641e-202,1.385296776487789314e-201
9.935000000000000497e+00,6.422465499133773998e-202,4.807127570051763938e-203,2.942610104625258469e-202
9.945000000000000284e+00,1.384209690778289361e-202,1.284886038001926769e-203,6.463958851634108546e-203
9.955000000000000071e+00,3.137797434567163338e-203,3.356040211459314466e-204,1.518999073286904157e-203
9.964999999999999858e+00,7.712378807491794410e-204,8.590601226891717758e-205,3.906009030945077241e-204
9.974999999999999645e+00,2.073924432845779309e-204,2.162681821867472120e-205,1.092124431719959250e-204
9.984999999999999432e+00,5.976629048557891099e-205,5.380003356028181542e-206,3.217883727167630891e-205
9.995000000000000995e+00,1.780973849338590772e-205,1.330973707330453256e-206,9.636492755914059905e-206
1.000500000000000078e+01,5.313580751313872982e-206,3.302120386948933113e-207,2.853470491752747082e-206
1.001500000000000057e+01,1.552876341582353266e-206,8.299297408666182890e-208,8.211945065312438320e-207
1.002500000000000036e+01,4.387009017154981013e-207,2.135423798976670859e-208,2.273327723972283180e-207
1.003500000000000014e+01,1.188422286848738324e-207,5.672924884743709927e-209,6.013409549198482171e-208
1.004499999999999993e+01,3.069861241883159813e-208,1.561825798353363394e-209,1.512298060070306272e-208
1.005499999999999972e+01,7.529455693960013170e-209,4.445680762277078249e-210,3.602187191154882253e-209
1.006499999999999950e+01,1.749581094565514001e-209,1.298657989919171410e-210,8.123009765150614630e-210
1.007500000000000107e+01,3.867771572847161644e-210,3.854670233833202532e-211,1.753211215086921771e-210
1.008500000000000085e+01,8.331242758606139863e-211,1.151066745217498820e-211,3.781937992197770662e-211
1.009500000000000064e+01,1.875831743425173817e-211,3.428699383740097032e-212,9.053986423345965173e-212
1.010500000000000043e+01,4.996751438220433327e-212,1.011841943254235745e-212,2.725144106015852852e-212
1.011500000000000021e+01,1.691145661568260911e-212,2.942288741516860678e-213,1.023618740341296883e-212
1.012500000000000000e+01,6.707677415028423011e-213,8.391056984029894648e-214,4.224462197996115708e-213
1.013499999999999979e+01,2.765514512345096090e-213,2.336195944132903828e-214,1.738068772105368335e-213
1.014499999999999957e+01,1.112075585838733617e-213,6.316078933716268364e-215,6.866724285109280139e-214
1.015499999999999936e+01,4.275863218669239833e-214,1.646284829208363417e-215,2.584828108585724701e-214
1.016500000000000092e+01,1.568908672998083750e-214,4.091348555631046348e-216,9.291504130435092982e-215
1.017500000000000071e+01,5.513350893180683735e-215,9.507860723026910031e-217,3.204676181638926007e-215
1.018500000000000050e+01,1.864381493191463966e-215,1.984386590962666522e-217,1.065743656315871622e-215
1.019500000000000028e+01,6.094264098528458458e-216,3.329032633309113950e-218,3.432382842936512981e-216
1.020500000000000007e+01,1.933352417260240954e-216,2.339238556721053374e-219,1.074634817967870231e-216
1.021499999999999986e+01,5.973279644806805213e-217,-1.444402673080381436e-219,3.281536484661602841e-217
1.022499999999999964e+01,1.802810343800960362e-217,-1.011396783348525620e-219,9.801780280528190756e-218
1.023499999999999943e+01,5.329741213915140406e-218,-4.519621304417739592e-220,2.871316403235925806e-218
1.024500000000000099e+01,1.547260974629476856e-218,-1.715968722006718505e-220,8.269028105749646931e-219
1.025500000000000078e+01,4.421120445864534363e-219,-5.953592465051570235e-221,2.346442949801249670e-219
1.026500000000000057e+01,1.246140907142522203e-219,-1.944488725111820129e-221,6.574766280224229619e-220
1.027500000000000036e+01,3.471947815500620101e-220,-6.068423025836872358e-222,1.822830757791778608e-220
1.028500000000000014e+01,9.580773456625725602e-221,-1.824998136231232566e-222,5.009871569075624699e-221
1.029499999999999993e+01,2.623182714254061763e-221,-5.315993887784942079e-223,1.367279337425914694e-221
1.030499999999999972e+01,7.137431775070815734e-222,-1.504570812717432220e-223,3.710790625629172241e-222
1.031499999999999950e+01,1.932432397986082215e-222,-4.145346461112331558e-224,1.002645847789145935e-222
1.032500000000000107e+01,5.211137460055841276e-223,-1.112828107176371245e-224,2.699214500533588351e-223
1.033500000000000085e+01,1.400489401746427986e-223,-2.911079233693682937e-225,7.242771721094420862e-224
1.034500000000000064e+01,3.751723216285129944e-224,-7.414986672210829175e-226,1.937104244771901680e-224
1.035500000000000043e+01,1.001638671407424082e-224,-1.835799173992577638e-226,5.162218423137015198e-225
1.036500000000000021e+01,2.663854880598388288e-225,-4.403613187463927997e-227,1.369900522305085972e-225
1.037500000000000000e+01,7.052060664431692442e-226,-1.017894536509862906e-227,3.617098820534417695e-226
1.038499999999999979e+01,1.856728918460208894e-226,-2.246129144202792360e-228,9.494074444391896604e-227
1.039499999999999957e+01,4.857354222272402751e-227,-4.650438498935040460e-229,2.474889120720885552e-227
1.040499999999999936e+01,1.261435451750798078e-227,-8.711964655567353297e-230,6.401429834056534727e-228
1.041500000000000092e+01,3.249147128081666936e-228,-1.339589302750609302e-230,1.641589288208904706e-228
1.042500000000000071e+01,8.294468470879547613e-229,-1.026970402065319680e-231,4.170859186574189662e-229
1.043500000000000050e+01,2.097322074600192799e-229,3.662383614486755840e-232,1.049399764093499392e-229
1.044500000000000028e+01,5.250759009644052011e-230,2.541090938964673289e-232,2.613838400216888929e-230
1.045500000000000007e+01,1.301296990437880786e-230,1.048722485592055860e-232,6.444780138895013426e-231
1.046499999999999986e+01,3.192675425556266515e-231,3.648203912821479395e-233,1.573320431291837179e-231
1.047499999999999964e+01,7.757343884299701430e-232,1.160799144398573021e-233,3.804828807178155928e-232
1.048499999999999943e+01,1.867932763403233301e-232,3.490028767449261978e-234,9.123458740561380078e-233
1.049500000000000099e+01,4.462650049931544421e-233,1.007816825444195134e-234,2.172137587749138037e-233
1.050500000000000078e+01,1.059536059234951447e-233,2.821436007896666018e-235,5.144514659200414275e-234
1.051500000000000057e+01,2.505401855729389347e-234,7.702258971520764603e-236,1.215075288715164241e-234
1.052500000000000036e+01,5.916577546962532995e-235,2.058172088053458133e-236,2.870597044535750231e-235
1.053500000000000014e+01,1.399912035259302101e-235,5.397364634276076826e-237,6.806696971773766541e-236
1.054499999999999993e+01,3.330383477049808878e-236,1.391499610138497772e-237,1.625659447992427742e-236
1.055499999999999972e+01,7.993467931973485770e-237,3.530994201533128902e-238,3.923182854191242030e-237
1.056499999999999950e+01,1.941090280211086217e-237,8.825552966173405359e-239,9.588927736083050352e-238
1.057500000000000107e+01,4.777028658828092364e-238,2.173594640977343074e-239,2.375995802739620391e-238
1.058500000000000085e+01,1.191661511334885723e-238,5.275069121979691507e-240,5.964856411535935604e-239
1.059500000000000064e+01,3.009057119961063941e-239,1.261181986550955563e-240,1.513990186155368781e-239
1.060500000000000043e+01,7.670416319104769941e-240,2.968746826009893194e-241,3.872827537052238598e-240
1.061500000000000021e+01,1.966898155363798354e-240,6.873816347488293256e-242,9.946674345383715584e-241
1.062500000000000000e+01,5.054091070949114195e-241,1.563267460946870321e-242,2.555023319931999245e-241
1.063499999999999979e+01,1.296490728986878451e-241,3.484885145154892660e-243,6.540497902220436899e-242
1.064499999999999957e+01,3.308898096573534023e-242,7.592419655934800340e-244,1.663198107020486526e-242
1.065499999999999936e+01,8.377388320571722084e-243,1.609598854232174673e-244,4.190037107597348672e-243
1.066500000000000092e+01,2.098782863459085009e-243,3.298329790859703155e-245,1.043379308658259787e-243
1.067500000000000071e+01,5.192191620438011671e-244,6.461577816232836602e-246,2.563154421634565955e-244
1.068500000000000050e+01,1.266119640510836032e-244,1.186338940364430950e-246,6.201202523300639067e-245
1.069500000000000028e+01,3.038337413380897446e-245,1.957027390511279085e-247,1.475240021816266411e-245
1.070500000000000007e+01,7.164168495582082684e-246,2.575393763205593427e-248,3.445595423935906371e-246
1.071499999999999986e+01,1.657246210509033101e-246,1.247842543815333775e-249,7.888214067810771341e-247
1.072499999999999964e+01,3.754667019066327754e-247,-8.190133383974654566e-250,1.766967288976716039e-247
1.073499999999999943e+01,8.315625494201560626e-248,-4.434840553872362608e-250,3.864678667821561217e-248
1.074500000000000099e+01,1.796342078777459286e-248,-1.593889118982984586e-250,8.232967430664938307e-249
1.075500000000000078e+01,3.774735243399379164e-249,-4.924663313279796001e-251,1.703113046432891803e-249
1.076500000000000057e+01,7.690656675540764809e-250,-1.401737292600344061e-251,3.408486820092850286e-250
1.077500000000000036e+01,1.513190819469659362e-250,-3.784272169456993012e-252,6.569966351732343479e-251
1.078500000000000014e+01,2.862009500995972945e-251,-9.840310027666873417e-253,1.213535173245617601e-251
1.079499999999999993e+01,5.179405541220168276e-252,-2.488130467043532365e-253,2.138495890787666178e-252
1.080499999999999972e+01,8.949043611738698150e-253,-6.158516215551382606e-254,3.597713625949412856e-253
1.081499999999999950e+01,1.488741940718477924e-253,-1.500048169616942136e-254,5.893971395615583457e-254
1.082500000000000107e+01,2.484583950503515067e-254,-3.611991040674591700e-255,1.010513038774023954e-254
1.083500000000000085e+01,4.634986851935789521e-255,-8.634601547037498395e-256,2.096290266914858786e-255
1.084500000000000064e+01,1.108955966029609704e-255,-2.057538382945054952e-256,5.772776895904241909e-256
1.085500000000000043e+01,3.386826748554156672e-256,-4.905864935215808534e-257,1.910384432459268351e-256
1.086500000000000021e+01,1.148639737497430388e-256,-1.174398037475939673e-257,6.587996034624021189e-257
1.087500000000000000e+01,3.898602933606879347e-257,-2.830224763978534321e-258,2.211117883558304142e-257
1.088499999999999979e+01,1.274596080124634111e-257,-6.878533633476201065e-259,7.094100270670190116e-258
1.089499999999999957e+01,3.985529352547840958e-258,-1.687025510772424180e-259,2.176126225671163936e-258
1.090499999999999936e+01,1.195320741458925543e-258,-4.173489979743899108e-260,6.413859421423368693e-259
1.091500000000000092e+01,3.456124488684873190e-259,-1.039987856948655696e-260,1.826367789548358428e-259
1.092500000000000071e+01,9.682623010489854684e-260,-2.605176852484182353e-261,5.049201418592595005e-260
1.093500000000000050e+01,2.640018557177251046e-260,-6.545321408404170824e-262,1.360890807770114001e-260
1.094500000000000028e+01,7.031419945365527127e-261,-1.645573504246728651e-262,3.588335104231740020e-261
1.095500000000000007e+01,1.835081397797216797e-261,-4.131390601110527139e-263,9.283106436939765894e-262
1.096499999999999986e+01,4.705336183244531132e-262,-1.033974635688868765e-263,2.362085392453925658e-262
1.097499999999999964e+01,1.188042303251975941e-262,-2.576078636921366575e-264,5.924089887978682486e-263
1.098499999999999943e+01,2.959591818914367571e-263,-6.382626518553865545e-265,1.467149053104533454e-263
1.099500000000000099e+01,7.286816115555232090e-264,-1.571537709123154555e-265,3.593840651339901041e-264
1.100500000000000078e+01,1.775863110818893464e-264,-3.843679063253706259e-266,8.719638406601610392e-265
1.101500000000000057e+01,4.289735631377941719e-265,-9.336311411750641842e-267,2.098185824566171216e-265
1.102500000000000036e+01,1.028291905268580990e-265,-2.252146075453767921e-267,5.012795184298792011e-266
1.103500000000000014e+01,2.448607934203711955e-266,-5.395848838537160477e-268,1.190225313402209041e-266
1.104499999999999993e+01,5.797366721323881471e-267,-1.284287035602602177e-268,2.810961052566555712e-267
1.105499999999999972e+01,1.365791807135516637e-267,-3.037646020125817010e-269,6.607889108814856934e-268
1.106499999999999950e+01,3.203743878036622727e-268,-7.142414413935802481e-270,1.547047677397310416e-268
1.107500000000000107e+01,7.486422185459845678e-269,-1.670179414646134189e-270,3.608912151909043323e-269
1.108500000000000085e+01,1.743441872449800687e-269,-3.885773369959664039e-271,8.391333552961605232e-270
1.109500000000000064e+01,4.047480576150835256e-270,-8.998587845415243925e-272,1.945247406853426720e-270
1.110500000000000043e+01,9.369000939832623341e-271,-2.075066245936707827e-272,4.496531452017696955e-271
1.111500000000000021e+01,2.162648315263869285e-271,-4.766637186970935616e-273,1.036521514798947285e-271
1.112500000000000000e+01,4.978381949803805434e-272,-1.091069455886157922e-273,2.382824638720074377e-272
1.113499999999999979e+01,1.142892940283812377e-272,-2.489197086451372475e-274,5.462825735752303480e-273
1.114499999999999957e+01,2.616555320844275284e-273,-5.661115906745396056e-275,1.248942730002934336e-273
1.115499999999999936e+01,5.973742476248484273e-274,-1.283537332475070579e-275,2.847424077995985879e-274
1.116500000000000092e+01,1.360001471956977679e-274,-2.901098206721846359e-276,6.473396971213589730e-275
1.117500000000000071e+01,3.087425485984768787e-275,-6.535860803589416703e-277,1.467488303341531665e-275
1.118500000000000050e+01,6.988974075273413820e-276,-1.467319295617327770e-277,3.317267177417249929e-276
1.119500000000000028e+01,1.577598037533338683e-276,-3.281565577158301032e-278,7.477600316116671320e-277
1.120500000000000007e+01,3.551106928451421397e-277,-7.307790522517922614e-279,1.680913894476827374e-277
1.121499999999999986e+01,7.971632389317617861e-278,-1.619633751807728888e-279,3.768502063763720205e-278
1.122499999999999964e+01,1.784808837717777477e-278,-3.570386848180845898e-280,8.427205396250910394e-279
1.123499999999999943e+01,3.986156159111699135e-279,-7.823265297172948671e-281,1.879979698945312740e-279
1.124500000000000099e+01,8.881849769845643667e-280,-1.702564241513471018e-281,4.184571613761756365e-280
1.125500000000000078e+01,1.974771843159681099e-280,-3.676928457190863710e-282,9.295209477597707329e-281
1.126500000000000057e+01,4.382081786357427442e-281,-7.872277117381899294e-283,2.060945962766480633e-281
1.127500000000000036e+01,9.707019958841513558e-282,-1.668944042411167283e-283,4.562129010110010573e-282
1.128500000000000014e+01,2.146990006760180231e-282,-3.498638893740861632e-284,1.008464679672334453e-282
1.129499999999999993e+01,4.742570083472401143e-283,-7.239616153525189270e-285,2.226632719831993466e-283
1.130499999999999972e+01,1.046507354847050981e-283,-1.475431342770179686e-285,4.911771103161210422e-284
1.131499999999999950e+01,2.307414681271012627e-284,-2.952640507481980556e-286,1.082783181706307878e-284
1.132500000000000107e+01,5.084873719085396945e-285,-5.777934172825958160e-287,2.386041193663506334e-285
1.133500000000000085e+01,1.120289577459623581e-285,-1.098793577106718537e-287,5.257455824423668665e-286
1.134500000000000064e+01,2.468372086592399574e-286,-2.010813496986903010e-288,1.158707284399468383e-286
1.135500000000000043e+01,5.440860862538700703e-287,-3.480784085393562150e-289,2.555192955689774435e-287
1.136500000000000021e+01,1.200218640317253439e-287,-5.505348375178282114e-290,5.640133751214674438e-288
1.137500000000000000e+01,2.650695344079532964e-288,-7.276731845042999588e-291,1.246652458356796690e-288
1.138499999999999979e+01,5.863349427254119641e-289,-5.320380781476260462e-292,2.760404332874256248e-289
1.139499999999999957e+01,1.299574668360010154e-289,1.153762254350299841e-292,6.125643458594681951e-290
1.140499999999999936e+01,2.887378602563136502e-290,7.506251003519334992e-293,1.362863282258305765e-290
1.141500000000000092e+01,6.433006978312933573e-291,2.693951000382864119e-293,3.041034645672634498e-291
1.142500000000000071e+01,1.437681862394932404e-291,8.071289226691402552e-294,6.807211447219802800e-292
1.143500000000000050e+01,3.223567290536458513e-292,2.207064519388752380e-294,1.528818670128902512e-292
1.144500000000000028e+01,7.252132277111340946e-293,5.701122656485712673e-295,3.444925426402475765e-293
1.145500000000000007e+01,1.636864996367255011e-293,1.414934390791650281e-295,7.786986097274793850e-294
1.146499999999999986e+01,3.705691856510568929e-294,3.406478873823016165e-296,1.765147555025815551e-294
1.147499999999999964e+01,8.411131906095400738e-295,8.003009264240465977e-297,4.010529671090749666e-295
1.148499999999999943e+01,1.913030640592729031e-295,1.842027963522776205e-297,9.127624947860616885e-296
1.149500000000000099e+01,4.356828693196850748e-296,4.165211214468706269e-298,2.079348199838058048e-296
1.150500000000000078e+01,9.927918078050662250e-297,9.271634252638682818e-299,4.737563618246555491e-297
1.151500000000000057e+01,2.261612674539062239e-297,2.034814512927749942e-299,1.078621620205032383e-297
1.152500000000000036e+01,5.146056438780492577e-298,4.408321038204617845e-300,2.451856030257670459e-298
1.153500000000000014e+01,1.168572749655573930e-298,9.437061065970579770e-301,5.559921258763610688e-299
1.154499999999999993e+01,2.646102283740716901e-299,1.997954749005298420e-301,1.256743813405461850e-299
1.155499999999999972e+01,5.970306607413099558e-300,4.186445732761618769e-302,2.829525535544336250e-300
1.156499999999999950e+01,1.341299185395539321e-300,8.687827549992359222e-303,6.341407743892032591e-301
1.157500000000000107e+01,2.998659840174792980e-301,1.786717974502598527e-303,1.413883750347476382e-301
1.158500000000000085e+01,6.667600202002708309e-302,3.643642471311590733e-304,3.134607453433955753e-302
1.159500000000000064e+01,1.473857340339313611e-302,7.372065406959879936e-305,6.907380158835687937e-303
1.160500000000000043e+01,3.237581690404840111e-303,1.480586313942633619e-305,1.512361926885069933e-303
1.161500000000000021e+01,7.065328477283277549e-304,2.952953278126454166e-306,3.289210856422982920e-304
1.162500000000000000e+01,1.531390944682229235e-304,5.850598387828043158e-307,7.104448217448944526e-305
1.163499999999999979e+01,3.296128111495211958e-305,1.151708779347292062e-307,1.523722903677133955e-305
1.164499999999999957e+01,7.044216887092591369e-306,2.252527765141490296e-308,3.244711302904129803e-306
1.165499999999999936e+01,1.494652847305026616e-306,4.375660622976059601e-309,6.859919656224333869e-307
1.166500000000000092e+01,3.148584797820795695e-307,8.436359889717023188e-310,1.439901080877988193e-307
1.167500000000000071e+01,6.585137222020583972e-308,1.612392045353441809e-310,3.000768232099794161e-308
1.168500000000000050e+01,1.367453655100457166e-308,3.048955088120109644e-311,6.209410454191299114e-309
1.169500000000000028e+01,2.819671998207543938e-309,5.687623515984937679e-312,1.275950149552421092e-309
1.170500000000000007e+01,5.774008942313382952e-310,1.042116158093095135e-312,2.604019363011869237e-310
1.171499999999999986e+01,1.174405081685344916e-310,1.862988295379715536e-313,5.279068212350809570e-311
1.172499999999999964e+01,2.373023473569954229e-311,3.214732630530938445e-314,1.063313392169762576e-311
1.173499999999999943e+01,4.764578678073283998e-312,5.253945347067884697e-315,2.128418358608460935e-312
1.174500000000000099e+01,9.508064866392918594e-313,7.822937166593339957e-316,4.235034555018164309e-313
1.175500000000000078e+01,1.886354282678381544e-313,9.564175637218955616e-317,8.378859695919923608e-314
1.176500000000000057e+01,3.721749510151286985e-314,5.487033774835383170e-318,1.648827435202995598e-314
1.177500000000000036e+01,7.304715712602187770e-315,-1.928842162677143333e-318,3.228286376871078195e-315
1.178500000000000014e+01,1.426727209215164117e-315,-1.049133576974511799e-318,6.291132925613570371e-316
1.179499999999999993e+01,2.774073661855422665e-316,-3.534002158137852406e-319,1.220695599790913792e-316
1.180499999999999972e+01,5.371559763958075345e-317,-1.013427452749564911e-319,2.359265730480641386e-317
1.181499999999999950e+01,1.036242416143221994e-317,-2.672895144001143804e-320,4.543733999856524793e-318
1.182500000000000107e+01,1.992413589327536526e-318,-6.689648844690478208e-321,8.723618295489721981e-319
1.183500000000000085e+01,3.819769727692429407e-319,-1.610654005442463734e-321,1.670386542024670441e-319
1.184500000000000064e+01,7.305254639408671402e-320,-3.804305472977598390e-322,3.191664072134452675e-320
1.185500000000000043e+01,1.394253252563997748e-320,-8.399115979301191251e-323,6.086888756764157424e-321
1.186500000000000021e+01,2.658073174625906408e-321,-1.976262583364986177e-323,1.161054267726929379e-321
1.187500000000000000e+01,5.039469587580714751e-322,-0.000000000000000000e+00,2.223295406285609449e-322
1.188499999999999979e+01,9.387247270983684339e-323,-4.940656458412465442e-324,4.446590812571218898e-323
1.189499999999999957e+01,1.976262583364986177e-323,-0.000000000000000000e+00,4.940656458412465442e-324
1.190499999999999936e+01,4.940656458412465442e-324,0.000000000000000000e+00,0.000000000000000000e+00
1.191500000000000092e+01,0.000000000000000000e+00,-0.000000000000000000e+00,0.000000000000000000e+00
1.192500000000000071e+01,0.000000000000000000e+00,0.000000000000000000e+00,0.000000000000000000e+00
1.193500000000000050e+01,0.000000000000000000e+00,-0.000000000000000000e+00,0.000000000000000000e+00
1.194500000000000028e+01,0.000000000000000000e+00,0.000000000000000000e+00,0.000000000000000000e+00
1.195500000000000007e+01,0.000000000000000000e+00,-0.000000000000000000e+00,0.000000000000000000e+00
1.196499999999999986e+01,0.000000000000000000e+00,0.000000000000000000e+00,0.000000000000000000e+00
1.197499999999999964e+01,0.000000000000000000e+00,-0.000000000000000000e+00,-0.000000000000000000e+00
1.198499999999999943e+01,0.000000000000000000e+00,-0.000000000000000000e+00,0.000000000000000000e+00
1.199500000000000099e+01,0.000000000000000000e+00,0.000000000000000000e+00,0.000000000000000000e+00
1.200500000000000078e+01,0.000000000000000000e+00,-0.000000000000000000e+00,0.000000000000000000e+00
1.201500000000000057e+01,0.000000000000000000e+00,0.000000000000000000e+00,0.000000000000000000e+00
1.202500000000000036e+01,0.000000000000000000e+00,-0.000000000000000000e+00,0.000000000000000000e+00
1.203500000000000014e+01,0.000000000000000000e+00,0.000000000000000000e+00,0.000000000000000000e+00
1.204499999999999993e+01,0.000000000000000000e+00,-0.000000000000000000e+00,0.000000000000000000e+00
1.205499999999999972e+01,0.000000000000000000e+00,0.000000000000000000e+00,0.000000000000000000e+00
1.206499999999999950e+01,0.000000000000000000e+00,-0.000000000000000000e+00,0.000000000000000000e+00
1.207500000000000107e+01,0.000000000000000000e+00,0.000000000000000000e+00,0.000000000000000000e+00
1.208500000000000085e+01,0.000000000000000000e+00,-0.000000000000000000e+00,0.000000000000000000e+00
1.209500000000000064e+01,0.000000000000000000e+00,0.000000000000000000e+00,0.000000000000000000e+00
1.210500000000000043e+01,0.000000000000000000e+00,-0.000000000000000000e+00,0.000000000000000000e+00
1.211500000000000021e+01,0.000000000000000000e+00,0.000000000000000000e+00,0.000000000000000000e+00
1.212500000000000000e+01,0.000000000000000000e+00,-0.000000000000000000e+00,0.000000000000000000e+00
1.213499999999999979e+01,0.000000000000000000e+00,0.000000000000000000e+00,0.000000000000000000e+00
1.214499999999999957e+01,0.000000000000000000e+00,-0.000000000000000000e+00,0.000000000000000000e+00
1.215500000000000114e+01,0.000000000000000000e+00,0.000000000000000000e+00,0.000000000000000000e+00
1.216500000000000092e+01,0.000000000000000000e+00,-0.000000000000000000e+00,0.000000000000000000e+00
1.217500000000000071e+01,0.000000000000000000e+00,0.000000000000000000e+00,0.000000000000000000e+00
1.218500000000000050e+01,0.000000000000000000e+00,-0.000000000000000000e+00,0.000000000000000000e+00
1.219500000000000028e+01,0.000000000000000000e+00,0.000000000000000000e+00,0.000000000000000000e+00
1.220500000000000007e+01,0.000000000000000000e+00,-0.000000000000000000e+00,0.000000000000000000e+00
1.221499999999999986e+01,0.000000000000000000e+00,0.000000000000000000e+00,0.000000000000000000e+00
1.222499999999999964e+01,0.000000000000000000e+00,-0.000000000000000000e+00,0.000000000000000000e+00
1.223499999999999943e+01,0.000000000000000000e+00,0.000000000000000000e+00,0.000000000000000000e+00
1.224500000000000099e+01,0.000000000000000000e+00,-0.000000000000000000e+00,0.000000000000000000e+00
1.225500000000000078e+01,0.000000000000000000e+00,-0.000000000000000000e+00,0.000000000000000000e+00
1.226500000000000057e+01,0.000000000000000000e+00,0.000000000000000000e+00,0.000000000000000000e+00
1.227500000000000036e+01,0.000000000000000000e+00,-0.000000000000000000e+00,0.000000000000000000e+00
1.228500000000000014e+01,0.000000000000000000e+00,0.000000000000000000e+00,0.000000000000000000e+00
1.229499999999999993e+01,0.000000000000000000e+00,-0.000000000000000000e+00,0.000000000000000000e+00
1.230499999999999972e+01,0.000000000000000000e+00,0.000000000000000000e+00,0.000000000000000000e+00
1.231499999999999950e+01,0.000000000000000000e+00,-0.000000000000000000e+00,0.000000000000000000e+00
1.232500000000000107e+01,0.000000000000000000e+00,0.000000000000000000e+00,0.000000000000000000e+00
1.233500000000000085e+01,0.000000000000000000e+00,-0.000000000000000000e+00,0.000000000000000000e+00
1.234500000000000064e+01,0.000000000000000000e+00,0.000000000000000000e+00,0.000000000000000000e+00
1.235500000000000043e+01,0.000000000000000000e+00,-0.000000000000000000e+00,0.000000000000000000e+00
1.236500000000000021e+01,0.000000000000000000e+00,0.000000000000000000e+00,0.000000000000000000e+00
1.237500000000000000e+01,0.000000000000000000e+00,-0.000000000000000000e+00,0.000000000000000000e+00
1.238499999999999979e+01,0.000000000000000000e+00,0.000000000000000000e+00,0.000000000000000000e+00
1.239499999999999957e+01,0.000000000000000000e+00,-0.000000000000000000e+00,0.000000000000000000e+00
1.240500000000000114e+01,0.000000000000000000e+00,0.000000000000000000e+00,0.000000000000000000e+00
1.241500000000000092e+01,0.000000000000000000e+00,-0.000000000000000000e+00,0.000000000000000000e+00
1.242500000000000071e+01,0.000000000000000000e+00,0.000000000000000000e+00,0.000000000000000000e+00
1.243500000000000050e+01,0.000000000000000000e+00,0.000000000000000000e+00,0.000000000000000000e+00
1.244500000000000028e+01,0.000000000000000000e+00,-0.000000000000000000e+00,0.000000000000000000e+00
1.245500000000000007e+01,0.000000000000000000e+00,0.000000000000000000e+00,0.000000000000000000e+00
1.246499999999999986e+01,0.000000000000000000e+00,-0.000000000000000000e+00,0.000000000000000000e+00
1.247499999999999964e+01,0.000000000000000000e+00,0.000000000000000000e+00,0.000000000000000000e+00
1.248499999999999943e+01,0.000000000000000000e+00,-0.000000000000000000e+00,0.000000000000000000e+00
1.249500000000000099e+01,0.000000000000000000e+00,0.000000000000000000e+00,0.000000000000000000e+00
1.250500000000000078e+01,0.000000000000000000e+00,-0.000000000000000000e+00,0.000000000000000000e+00
1.251500000000000057e+01,0.000000000000000000e+00,0.000000000000000000e+00,0.000000000000000000e+00
1.252500000000000036e+01,0.000000000000000000e+00,-0.000000000000000000e+00,0.000000000000000000e+00
1.253500000000000014e+01,0.000000000000000000e+00,0.000000000000000000e+00,0.000000000000000000e+00
1.254499999999999993e+01,0.000000000000000000e+00,-0.000000000000000000e+00,0.000000000000000000e+00
1.255499999999999972e+01,0.000000000000000000e+00,0.000000000000000000e+00,0.000000000000000000e+00
1.256499999999999950e+01,0.000000000000000000e+00,-0.000000000000000000e+00,0.000000000000000000e+00
1.257500000000000107e+01,0.000000000000000000e+00,0.000000000000000000e+00,0.000000000000000000e+00
1.258500000000000085e+01,0.000000000000000000e+00,-0.000000000000000000e+00,0.000000000000000000e+00
1.259500000000000064e+01,0.000000000000000000e+00,0.000000000000000000e+00,0.000000000000000000e+00
1.260500000000000043e+01,0.000000000000000000e+00,-0.000000000000000000e+00,0.000000000000000000e+00
1.261500000000000021e+01,0.000000000000000000e+00,0.000000000000000000e+00,0.000000000000000000e+00
1.262500000000000000e+01,0.000000000000000000e+00,-0.000000000000000000e+00,0.000000000000000000e+00
1.263499999999999979e+01,0.000000000000000000e+00,0.000000000000000000e+00,0.000000000000000000e+00
1.264499999999999957e+01,0.000000000000000000e+00,-0.000000000000000000e+00,0.000000000000000000e+00
1.265500000000000114e+01,0.000000000000000000e+00,0.000000000000000000e+00,0.000000000000000000e+00
1.266500000000000092e+01,0.000000000000000000e+00,-0.000000000000000000e+00,0.000000000000000000e+00
1.267500000000000071e+01,0.000000000000000000e+00,0.000000000000000000e+00,0.000000000000000000e+00
1.268500000000000050e+01,0.000000000000000000e+00,-0.000000000000000000e+00,0.000000000000000000e+00
1.269500000000000028e+01,0.000000000000000000e+00,0.000000000000000000e+00,0.000000000000000000e+00
1.270500000000000007e+01,0.000000000000000000e+00,-0.000000000000000000e+00,0.000000000000000000e+00
1.271499999999999986e+01,0.000000000000000000e+00,0.000000000000000000e+00,0.000000000000000000e+00
1.272499999999999964e+01,0.000000000000000000e+00,-0.000000000000000000e+00,0.000000000000000000e+00
1.273499999999999943e+01,0.000000000000000000e+00,0.000000000000000000e+00,0.000000000000000000e+00
1.274500000000000099e+01,0.000000000000000000e+00,-0.000000000000000000e+00,0.000000000000000000e+00
1.275500000000000078e+01,0.000000000000000000e+00,0.000000000000000000e+00,0.000000000000000000e+00
1.276500000000000057e+01,0.000000000000000000e+00,-0.000000000000000000e+00,0.000000000000000000e+00
1.277500000000000036e+01,0.000000000000000000e+00,0.000000000000000000e+00,0.000000000000000000e+00
1.278500000000000014e+01,0.000000000000000000e+00,-0.000000000000000000e+00,0.000000000000000000e+00
1.279499999999999993e+01,0.000000000000000000e+00,0.000000000000000000e+00,0.000000000000000000e+00
1.280499999999999972e+01,0.000000000000000000e+00,-0.000000000000000000e+00,0.000000000000000000e+00
1.281499999999999950e+01,0.000000000000000000e+00,0.000000000000000000e+00,0.000000000000000000e+00
1.282500000000000107e+01,0.000000000000000000e+00,-0.000000000000000000e+00,0.000000000000000000e+00
1.283500000000000085e+01,0.000000000000000000e+00,0.000000000000000000e+00,0.000000000000000000e+00
1.284500000000000064e+01,0.000000000000000000e+00,-0.000000000000000000e+00,0.000000000000000000e+00
1.285500000000000043e+01,0.000000000000000000e+00,0.000000000000000000e+00,0.000000000000000000e+00
1.286500000000000021e+01,0.000000000000000000e+00,-0.000000000000000000e+00,0.000000000000000000e+00
1.287500000000000000e+01,0.000000000000000000e+00,0.000000000000000000e+00,0.000000000000000000e+00
1.288499999999999979e+01,0.000000000000000000e+00,-0.000000000000000000e+00,0.000000000000000000e+00
1.289499999999999957e+01,0.000000000000000000e+00,0.000000000000000000e+00,0.000000000000000000e+00
1.290500000000000114e+01,0.000000000000000000e+00,-0.000000000000000000e+00,-0.000000000000000000e+00
1.291500000000000092e+01,0.000000000000000000e+00,-0.000000000000000000e+00,0.000000000000000000e+00
1.292500000000000071e+01,0.000000000000000000e+00,0.000000000000000000e+00,0.000000000000000000e+00
1.293500000000000050e+01,0.000000000000000000e+00,-0.000000000000000000e+00,0.000000000000000000e+00
1.294500000000000028e+01,0.000000000000000000e+00,0.000000000000000000e+00,0.000000000000000000e+00
1.295500000000000007e+01,0.000000000000000000e+00,-0.000000000000000000e+00,0.000000000000000000e+00
1.296499999999999986e+01,0.000000000000000000e+00,0.000000000000000000e+00,0.000000000000000000e+00
1.297499999999999964e+01,0.000000000000000000e+00,-0.000000000000000000e+00,0.000000000000000000e+00
1.298499999999999943e+01,0.000000000000000000e+00,0.000000000000000000e+00,0.000000000000000000e+00
1.299500000000000099e+01,0.000000000000000000e+00,-0.000000000000000000e+00,0.000000000000000000e+00
1.300500000000000078e+01,0.000000000000000000e+00,0.000000000000000000e+00,0.000000000000000000e+00
1.301500000000000057e+01,0.000000000000000000e+00,-0.000000000000000000e+00,0.000000000000000000e+00
1.302500000000000036e+01,0.000000000000000000e+00,0.000000000000000000e+00,0.000000000000000000e+00
1.303500000000000014e+01,0.000000000000000000e+00,-0.000000000000000000e+00,0.000000000000000000e+00
1.304499999999999993e+01,0.000000000000000000e+00,0.000000000000000000e+00,0.000000000000000000e+00
1.305499999999999972e+01,0.000000000000000000e+00,-0.000000000000000000e+00,0.000000000000000000e+00
1.306499999999999950e+01,0.000000000000000000e+00,0.000000000000000000e+00,0.000000000000000000e+00
1.307500000000000107e+01,0.000000000000000000e+00,-0.000000000000000000e+00,0.000000000000000000e+00
1.308500000000000085e+01,0.000000000000000000e+00,0.000000000000000000e+00,0.000000000000000000e+00
1.309500000000000064e+01,0.000000000000000000e+00,-0.000000000000000000e+00,0.000000000000000000e+00
1.310500000000000043e+01,0.000000000000000000e+00,0.000000000000000000e+00,0.000000000000000000e+00
1.311500000000000021e+01,0.000000000000000000e+00,-0.000000000000000000e+00,0.000000000000000000e+00
1.312500000000000000e+01,0.000000000000000000e+00,0.000000000000000000e+00,0.000000000000000000e+00
1.313499999999999979e+01,0.000000000000000000e+00,-0.000000000000000000e+00,0.000000000000000000e+00
1.314499999999999957e+01,0.000000000000000000e+00,0.000000000000000000e+00,0.000000000000000000e+00
1.315500000000000114e+01,0.000000000000000000e+00,-0.000000000000000000e+00,0.000000000000000000e+00
1.316500000000000092e+01,0.000000000000000000e+00,0.000000000000000000e+00,0.000000000000000000e+00
1.317500000000000071e+01,0.000000000000000000e+00,-0.000000000000000000e+00,0.000000000000000000e+00
1.318500000000000050e+01,0.000000000000000000e+00,0.000000000000000000e+00,0.000000000000000000e+00
1.319500000000000028e+01,0.000000000000000000e+00,-0.000000000000000000e+00,0.000000000000000000e+00
1.320500000000000007e+01,0.000000000000000000e+00,0.000000000000000000e+00,0.000000000000000000e+00
1.321499999999999986e+01,0.000000000000000000e+00,-0.000000000000000000e+00,0.000000000000000000e+00
1.322499999999999964e+01,0.000000000000000000e+00,0.000000000000000000e+00,0.000000000000000000e+00
1.323499999999999943e+01,0.000000000000000000e+00,-0.000000000000000000e+00,0.000000000000000000e+00
1.324500000000000099e+01,0.000000000000000000e+00,0.000000000000000000e+00,0.000000000000000000e+00
1.325500000000000078e+01,0.000000000000000000e+00,-0.000000000000000000e+00,0.000000000000000000e+00
1.326500000000000057e+01,0.000000000000000000e+00,0.000000000000000000e+00,0.000000000000000000e+00
1.327500000000000036e+01,0.000000000000000000e+00,-0.000000000000000000e+00,0.000000000000000000e+00
1.328500000000000014e+01,0.000000000000000000e+00,0.000000000000000000e+00,0.000000000000000000e+00
1.329499999999999993e+01,0.000000000000000000e+00,-0.000000000000000000e+00,0.000000000000000000e+00
1.330499999999999972e+01,0.000000000000000000e+00,0.000000000000000000e+00,0.000000000000000000e+00
1.331499999999999950e+01,0.000000000000000000e+00,-0.000000000000000000e+00,0.000000000000000000e+00
1.332500000000000107e+01,0.000000000000000000e+00,0.000000000000000000e+00,0.000000000000000000e+00
1.333500000000000085e+01,0.000000000000000000e+00,-0.000000000000000000e+00,0.000000000000000000e+00
1.334500000000000064e+01,0.000000000000000000e+00,0.000000000000000000e+00,0.000000000000000000e+00
1.335500000000000043e+01,0.000000000000000000e+00,-0.000000000000000000e+00,0.000000000000000000e+00
1.336500000000000021e+01,0.000000000000000000e+00,0.000000000000000000e+00,0.000000000000000000e+00
1.337500000000000000e+01,0.000000000000000000e+00,-0.000000000000000000e+00,0.000000000000000000e+00
1.338499999999999979e+01,0.000000000000000000e+00,0.000000000000000000e+00,0.000000000000000000e+00
1.339499999999999957e+01,0.000000000000000000e+00,-0.000000000000000000e+00,0.000000000000000000e+00
1.340500000000000114e+01,0.000000000000000000e+00,0.000000000000000000e+00,0.000000000000000000e+00
1.341500000000000092e+01,0.000000000000000000e+00,-0.000000000000000000e+00,0.000000000000000000e+00
1.342500000000000071e+01,0.000000000000000000e+00,0.000000000000000000e+00,0.000000000000000000e+00
1.343500000000000050e+01,0.000000000000000000e+00,-0.000000000000000000e+00,0.000000000000000000e+00
1.344500000000000028e+01,0.000000000000000000e+00,0.000000000000000000e+00,0.000000000000000000e+00
1.345500000000000007e+01,0.000000000000000000e+00,-0.000000000000000000e+00,0.000000000000000000e+00
1.346499999999999986e+01,0.000000000000000000e+00,0.000000000000000000e+00,0.000000000000000000e+00
1.347499999999999964e+01,0.000000000000000000e+00,-0.000000000000000000e+00,0.000000000000000000e+00
1.348499999999999943e+01,0.000000000000000000e+00,0.000000000000000000e+00,0.000000000000000000e+00
1.349500000000000099e+01,0.000000000000000000e+00,-0.000000000000000000e+00,0.000000000000000000e+00
1.350500000000000078e+01,0.000000000000000000e+00,0.000000000000000000e+00,0.000000000000000000e+00
1.351500000000000057e+01,0.000000000000000000e+00,0.000000000000000000e+00,0.000000000000000000e+00
1.352500000000000036e+01,0.000000000000000000e+00,-0.000000000000000000e+00,0.000000000000000000e+00
1.353500000000000014e+01,0.000000000000000000e+00,0.000000000000000000e+00,0.000000000000000000e+00
1.354499999999999993e+01,0.000000000000000000e+00,-0.000000000000000000e+00,0.000000000000000000e+00
1.355499999999999972e+01,0.000000000000000000e+00,0.000000000000000000e+00,0.000000000000000000e+00
1.356499999999999950e+01,0.000000000000000000e+00,-0.000000000000000000e+00,0.000000000000000000e+00
1.357500000000000107e+01,0.000000000000000000e+00,0.000000000000000000e+00,0.000000000000000000e+00
1.358500000000000085e+01,0.000000000000000000e+00,-0.000000000000000000e+00,0.000000000000000000e+00
1.359500000000000064e+01,0.000000000000000000e+00,0.000000000000000000e+00,0.000000000000000000e+00
1.360500000000000043e+01,0.000000000000000000e+00,-0.000000000000000000e+00,0.000000000000000000e+00
1.361500000000000021e+01,0.000000000000000000e+00,0.000000000000000000e+00,0.000000000000000000e+00
1.362500000000000000e+01,0.000000000000000000e+00,-0.000000000000000000e+00,0.000000000000000000e+00
1.363499999999999979e+01,0.000000000000000000e+00,0.000000000000000000e+00,0.000000000000000000e+00
1.364499999999999957e+01,0.000000000000000000e+00,-0.000000000000000000e+00,0.000000000000000000e+00
1.365500000000000114e+01,0.000000000000000000e+00,0.000000000000000000e+00,0.000000000000000000e+00
1.366500000000000092e+01,0.000000000000000000e+00,-0.000000000000000000e+00,0.000000000000000000e+00
1.367500000000000071e+01,0.000000000000000000e+00,0.000000000000000000e+00,0.000000000000000000e+00
1.368500000000000050e+01,0.000000000000000000e+00,-0.000000000000000000e+00,0.000000000000000000e+00
1.369500000000000028e+01,0.000000000000000000e+00,0.000000000000000000e+00,0.000000000000000000e+00
1.370500000000000007e+01,0.000000000000000000e+00,-0.000000000000000000e+00,0.000000000000000000e+00
1.371499999999999986e+01,0.000000000000000000e+00,0.000000000000000000e+00,0.000000000000000000e+00
1.372499999999999964e+01,0.000000000000000000e+00,-0.000000000000000000e+00,0.000000000000000000e+00
1.373499999999999943e+01,0.000000000000000000e+00,0.000000000000000000e+00,0.000000000000000000e+00
1.374500000000000099e+01,0.000000000000000000e+00,-0.000000000000000000e+00,0.000000000000000000e+00
1.375500000000000078e+01,0.000000000000000000e+00,0.000000000000000000e+00,0.000000000000000000e+00
1.376500000000000057e+01,0.000000000000000000e+00,-0.000000000000000000e+00,0.000000000000000000e+00
1.377500000000000036e+01,0.000000000000000000e+00,0.000000000000000000e+00,0.000000000000000000e+00
1.378500000000000014e+01,0.000000000000000000e+00,-0.000000000000000000e+00,0.000000000000000000e+00
1.379499999999999993e+01,0.000000000000000000e+00,0.000000000000000000e+00,0.000000000000000000e+00
1.380499999999999972e+01,0.000000000000000000e+00,-0.000000000000000000e+00,0.000000000000000000e+00
1.381499999999999950e+01,0.000000000000000000e+00,0.000000000000000000e+00,0.000000000000000000e+00
1.382500000000000107e+01,0.000000000000000000e+00,-0.000000000000000000e+00,0.000000000000000000e+00
1.383500000000000085e+01,0.000000000000000000e+00,0.000000000000000000e+00,0.000000000000000000e+00
1.384500000000000064e+01,0.000000000000000000e+00,-0.000000000000000000e+00,0.000000000000000000e+00
1.385500000000000043e+01,0.000000000000000000e+00,0.000000000000000000e+00,0.000000000000000000e+00
1.386500000000000021e+01,0.000000000000000000e+00,-0.000000000000000000e+00,0.000000000000000000e+00
1.387500000000000000e+01,0.000000000000000000e+00,0.000000000000000000e+00,0.000000000000000000e+00
1.388499999999999979e+01,0.000000000000000000e+00,-0.000000000000000000e+00,0.000000000000000000e+00
1.389499999999999957e+01,0.000000000000000000e+00,0.000000000000000000e+00,0.000000000000000000e+00
1.390500000000000114e+01,0.000000000000000000e+00,-0.000000000000000000e+00,0.000000000000000000e+00
1.391500000000000092e+01,0.000000000000000000e+00,0.000000000000000000e+00,0.000000000000000000e+00
1.392500000000000071e+01,0.000000000000000000e+00,-0.000000000000000000e+00,0.000000000000000000e+00
1.393500000000000050e+01,0.000000000000000000e+00,0.000000000000000000e+00,0.000000000000000000e+00
1.394500000000000028e+01,0.000000000000000000e+00,-0.000000000000000000e+00,0.000000000000000000e+00
1.395500000000000007e+01,0.000000000000000000e+00,0.000000000000000000e+00,0.000000000000000000e+00
1.396499999999999986e+01,0.000000000000000000e+00,-0.000000000000000000e+00,0.000000000000000000e+00
1.397499999999999964e+01,0.000000000000000000e+00,0.000000000000000000e+00,0.000000000000000000e+00
1.398499999999999943e+01,0.000000000000000000e+00,-0.000000000000000000e+00,0.000000000000000000e+00
1.399500000000000099e+01,0.000000000000000000e+00,0.000000000000000000e+00,0.000000000000000000e+00
1.400500000000000078e+01,0.000000000000000000e+00,-0.000000000000000000e+00,0.000000000000000000e+00
1.401500000000000057e+01,0.000000000000000000e+00,0.000000000000000000e+00,0.000000000000000000e+00
1.402500000000000036e+01,0.000000000000000000e+00,0.000000000000000000e+00,0.000000000000000000e+00
1.403500000000000014e+01,0.000000000000000000e+00,-0.000000000000000000e+00,0.000000000000000000e+00
1.404499999999999993e+01,0.000000000000000000e+00,0.000000000000000000e+00,0.000000000000000000e+00
1.405499999999999972e+01,0.000000000000000000e+00,-0.000000000000000000e+00,0.000000000000000000e+00
1.406499999999999950e+01,0.000000000000000000e+00,0.000000000000000000e+00,0.000000000000000000e+00
1.407500000000000107e+01,0.000000000000000000e+00,-0.000000000000000000e+00,0.000000000000000000e+00
1.408500000000000085e+01,0.000000000000000000e+00,0.000000000000000000e+00,0.000000000000000000e+00
1.409500000000000064e+01,0.000000000000000000e+00,-0.000000000000000000e+00,0.000000000000000000e+00
1.410500000000000043e+01,0.000000000000000000e+00,0.000000000000000000e+00,0.000000000000000000e+00
1.411500000000000021e+01,0.000000000000000000e+00,-0.000000000000000000e+00,0.000000000000000000e+00
1.412500000000000000e+01,0.000000000000000000e+00,0.000000000000000000e+00,0.000000000000000000e+00
1.413499999999999979e+01,0.000000000000000000e+00,0.000000000000000000e+00,0.000000000000000000e+00
1.414499999999999957e+01,0.000000000000000000e+00,-0.000000000000000000e+00,0.000000000000000000e+00
1.415500000000000114e+01,0.000000000000000000e+00,0.000000000000000000e+00,0.000000000000000000e+00
1.416500000000000092e+01,0.000000000000000000e+00,-0.000000000000000000e+00,0.000000000000000000e+00
1.417500000000000071e+01,0.000000000000000000e+00,0.000000000000000000e+00,0.000000000000000000e+00
1.418500000000000050e+01,0.000000000000000000e+00,-0.000000000000000000e+00,0.000000000000000000e+00
1.419500000000000028e+01,0.000000000000000000e+00,0.000000000000000000e+00,0.000000000000000000e+00
1.420500000000000007e+01,0.000000000000000000e+00,-0.000000000000000000e+00,0.000000000000000000e+00
1.421499999999999986e+01,0.000000000000000000e+00,0.000000000000000000e+00,0.000000000000000000e+00
1.422499999999999964e+01,0.000000000000000000e+00,-0.000000000000000000e+00,0.000000000000000000e+00
1.423499999999999943e+01,0.000000000000000000e+00,0.000000000000000000e+00,0.000000000000000000e+00
1.424500000000000099e+01,0.000000000000000000e+00,-0.000000000000000000e+00,0.000000000000000000e+00
1.425500000000000078e+01,0.000000000000000000e+00,0.000000000000000000e+00,0.000000000000000000e+00
1.426500000000000057e+01,0.000000000000000000e+00,-0.000000000000000000e+00,0.000000000000000000e+00
1.427500000000000036e+01,0.000000000000000000e+00,0.000000000000000000e+00,0.000000000000000000e+00
1.428500000000000014e+01,0.000000000000000000e+00,-0.000000000000000000e+00,0.000000000000000000e+00
1.429499999999999993e+01,0.000000000000000000e+00,0.000000000000000000e+00,0.000000000000000000e+00
1.430499999999999972e+01,0.000000000000000000e+00,-0.000000000000000000e+00,0.000000000000000000e+00
1.431499999999999950e+01,0.000000000000000000e+00,0.000000000000000000e+00,0.000000000000000000e+00
1.432500000000000107e+01,0.000000000000000000e+00,-0.000000000000000000e+00,0.000000000000000000e+00
1.433500000000000085e+01,0.000000000000000000e+00,0.000000000000000000e+00,0.000000000000000000e+00
1.434500000000000064e+01,0.000000000000000000e+00,-0.000000000000000000e+00,0.000000000000000000e+00
1.435500000000000043e+01,0.000000000000000000e+00,0.000000000000000000e+00,0.000000000000000000e+00
1.436500000000000021e+01,0.000000000000000000e+00,-0.000000000000000000e+00,0.000000000000000000e+00
1.437500000000000000e+01,0.000000000000000000e+00,0.000000000000000000e+00,0.000000000000000000e+00
1.438499999999999979e+01,0.000000000000000000e+00,-0.000000000000000000e+00,0.000000000000000000e+00
1.439499999999999957e+01,0.000000000000000000e+00,0.000000000000000000e+00,0.000000000000000000e+00
1.440500000000000114e+01,0.000000000000000000e+00,-0.000000000000000000e+00,0.000000000000000000e+00
1.441500000000000092e+01,0.000000000000000000e+00,0.000000000000000000e+00,0.000000000000000000e+00
1.442500000000000071e+01,0.000000000000000000e+00,-0.000000000000000000e+00,0.000000000000000000e+00
1.443500000000000050e+01,0.000000000000000000e+00,0.000000000000000000e+00,0.000000000000000000e+00
1.444500000000000028e+01,0.000000000000000000e+00,-0.000000000000000000e+00,0.000000000000000000e+00
1.445500000000000007e+01,0.000000000000000000e+00,0.000000000000000000e+00,0.000000000000000000e+00
1.446499999999999986e+01,0.000000000000000000e+00,-0.000000000000000000e+00,0.000000000000000000e+00
1.447499999999999964e+01,0.000000000000000000e+00,0.000000000000000000e+00,0.000000000000000000e+00
1.448499999999999943e+01,0.000000000000000000e+00,-0.000000000000000000e+00,0.000000000000000000e+00
1.449500000000000099e+01,0.000000000000000000e+00,0.000000000000000000e+00,0.000000000000000000e+00
1.450500000000000078e+01,0.000000000000000000e+00,-0.000000000000000000e+00,0.000000000000000000e+00
1.451500000000000057e+01,0.000000000000000000e+00,0.000000000000000000e+00,0.000000000000000000e+00
1.452500000000000036e+01,0.000000000000000000e+00,-0.000000000000000000e+00,0.000000000000000000e+00
1.453500000000000014e+01,0.000000000000000000e+00,0.000000000000000000e+00,0.000000000000000000e+00
1.454499999999999993e+01,0.000000000000000000e+00,-0.000000000000000000e+00,0.000000000000000000e+00
1.455499999999999972e+01,0.000000000000000000e+00,0.000000000000000000e+00,0.000000000000000000e+00
1.456499999999999950e+01,0.000000000000000000e+00,0.000000000000000000e+00,0.000000000000000000e+00
1.457500000000000107e+01,0.000000000000000000e+00,-0.000000000000000000e+00,0.000000000000000000e+00
1.458500000000000085e+01,0.000000000000000000e+00,0.000000000000000000e+00,0.000000000000000000e+00
1.459500000000000064e+01,0.000000000000000000e+00,-0.000000000000000000e+00,0.000000000000000000e+00
1.460500000000000043e+01,0.000000000000000000e+00,0.000000000000000000e+00,0.000000000000000000e+00
1.461500000000000021e+01,0.000000000000000000e+00,-0.000000000000000000e+00,0.000000000000000000e+00
1.462500000000000000e+01,0.000000000000000000e+00,0.000000000000000000e+00,-0.000000000000000000e+00
1.463499999999999979e+01,0.000000000000000000e+00,0.000000000000000000e+00,0.000000000000000000e+00
1.464499999999999957e+01,0.000000000000000000e+00,-0.000000000000000000e+00,0.000000000000000000e+00
1.465500000000000114e+01,0.000000000000000000e+00,0.000000000000000000e+00,0.000000000000000000e+00
1.466500000000000092e+01,0.000000000000000000e+00,-0.000000000000000000e+00,0.000000000000000000e+00
1.467500000000000071e+01,0.000000000000000000e+00,0.000000000000000000e+00,0.000000000000000000e+00
1.468500000000000050e+01,0.000000000000000000e+00,-0.000000000000000000e+00,0.000000000000000000e+00
1.469500000000000028e+01,0.000000000000000000e+00,0.000000000000000000e+00,0.000000000000000000e+00
1.470500000000000007e+01,0.000000000000000000e+00,-0.000000000000000000e+00,0.000000000000000000e+00
1.471499999999999986e+01,0.000000000000000000e+00,0.000000000000000000e+00,0.000000000000000000e+00
1.472499999999999964e+01,0.000000000000000000e+00,-0.000000000000000000e+00,0.000000000000000000e+00
1.473499999999999943e+01,0.000000000000000000e+00,0.000000000000000000e+00,0.000000000000000000e+00
1.474500000000000099e+01,0.000000000000000000e+00,-0.000000000000000000e+00,0.000000000000000000e+00
1.475500000000000078e+01,0.000000000000000000e+00,0.000000000000000000e+00,0.000000000000000000e+00
1.476500000000000057e+01,0.000000000000000000e+00,-0.000000000000000000e+00,0.000000000000000000e+00
1.477500000000000036e+01,0.000000000000000000e+00,0.000000000000000000e+00,0.000000000000000000e+00
1.478500000000000014e+01,0.000000000000000000e+00,-0.000000000000000000e+00,0.000000000000000000e+00
1.479499999999999993e+01,0.000000000000000000e+00,0.000000000000000000e+00,0.000000000000000000e+00
1.480499999999999972e+01,0.000000000000000000e+00,-0.000000000000000000e+00,0.000000000000000000e+00
1.481499999999999950e+01,0.000000000000000000e+00,0.000000000000000000e+00,0.000000000000000000e+00
1.482500000000000107e+01,0.000000000000000000e+00,-0.000000000000000000e+00,0.000000000000000000e+00
1.483500000000000085e+01,0.000000000000000000e+00,0.000000000000000000e+00,0.000000000000000000e+00
1.484500000000000064e+01,0.000000000000000000e+00,-0.000000000000000000e+00,0.000000000000000000e+00
1.485500000000000043e+01,0.000000000000000000e+00,0.000000000000000000e+00,0.000000000000000000e+00
1.486500000000000021e+01,0.000000000000000000e+00,-0.000000000000000000e+00,0.000000000000000000e+00
1.487500000000000000e+01,0.000000000000000000e+00,0.000000000000000000e+00,0.000000000000000000e+00
1.488499999999999979e+01,0.000000000000000000e+00,-0.000000000000000000e+00,0.000000000000000000e+00
1.489499999999999957e+01,0.000000000000000000e+00,0.000000000000000000e+00,0.000000000000000000e+00
1.490500000000000114e+01,0.000000000000000000e+00,-0.000000000000000000e+00,0.000000000000000000e+00
1.491500000000000092e+01,0.000000000000000000e+00,0.000000000000000000e+00,0.000000000000000000e+00
1.492500000000000071e+01,0.000000000000000000e+00,-0.000000000000000000e+00,0.000000000000000000e+00
1.493500000000000050e+01,0.000000000000000000e+00,0.000000000000000000e+00,0.000000000000000000e+00
1.494500000000000028e+01,0.000000000000000000e+00,-0.000000000000000000e+00,0.000000000000000000e+00
1.495500000000000007e+01,0.000000000000000000e+00,0.000000000000000000e+00,0.000000000000000000e+00
1.496499999999999986e+01,0.000000000000000000e+00,-0.000000000000000000e+00,0.000000000000000000e+00
1.497499999999999964e+01,0.000000000000000000e+00,0.000000000000000000e+00,0.000000000000000000e+00
1.498499999999999943e+01,0.000000000000000000e+00,-0.000000000000000000e+00,0.000000000000000000e+00
1.499500000000000099e+01,0.000000000000000000e+00,0.000000000000000000e+00,0.000000000000000000e+00
1.500500000000000078e+01,0.000000000000000000e+00,-0.000000000000000000e+00,0.000000000000000000e+00
1.501500000000000057e+01,0.000000000000000000e+00,0.000000000000000000e+00,0.000000000000000000e+00
1.502500000000000036e+01,0.000000000000000000e+00,-0.000000000000000000e+00,0.000000000000000000e+00
1.503500000000000014e+01,0.000000000000000000e+00,0.000000000000000000e+00,0.000000000000000000e+00
1.504499999999999993e+01,0.000000000000000000e+00,-0.000000000000000000e+00,0.000000000000000000e+00
1.505499999999999972e+01,0.000000000000000000e+00,0.000000000000000000e+00,-0.000000000000000000e+00
1.506499999999999950e+01,0.000000000000000000e+00,0.000000000000000000e+00,0.000000000000000000e+00
1.507500000000000107e+01,0.000000000000000000e+00,-0.000000000000000000e+00,0.000000000000000000e+00
1.508500000000000085e+01,0.000000000000000000e+00,0.000000000000000000e+00,0.000000000000000000e+00
1.509500000000000064e+01,0.000000000000000000e+00,-0.000000000000000000e+00,0.000000000000000000e+00
1.510500000000000043e+01,0.000000000000000000e+00,0.000000000000000000e+00,0.000000000000000000e+00
1.511500000000000021e+01,0.000000000000000000e+00,-0.000000000000000000e+00,0.000000000000000000e+00
1.512500000000000000e+01,0.000000000000000000e+00,0.000000000000000000e+00,0.000000000000000000e+00
1.513499999999999979e+01,0.000000000000000000e+00,-0.000000000000000000e+00,0.000000000000000000e+00
1.514499999999999957e+01,0.000000000000000000e+00,0.000000000000000000e+00,0.000000000000000000e+00
1.515500000000000114e+01,0.000000000000000000e+00,-0.000000000000000000e+00,0.000000000000000000e+00
1.516500000000000092e+01,0.000000000000000000e+00,0.000000000000000000e+00,0.000000000000000000e+00
1.517500000000000071e+01,0.000000000000000000e+00,-0.000000000000000000e+00,0.000000000000000000e+00
1.518500000000000050e+01,0.000000000000000000e+00,0.000000000000000000e+00,0.000000000000000000e+00
1.519500000000000028e+01,0.000000000000000000e+00,-0.000000000000000000e+00,0.000000000000000000e+00
1.520500000000000007e+01,0.000000000000000000e+00,0.000000000000000000e+00,0.000000000000000000e+00
1.521499999999999986e+01,0.000000000000000000e+00,-0.000000000000000000e+00,0.000000000000000000e+00
1.522499999999999964e+01,0.000000000000000000e+00,0.000000000000000000e+00,0.000000000000000000e+00
1.523499999999999943e+01,0.000000000000000000e+00,0.000000000000000000e+00,0.000000000000000000e+00
1.524500000000000099e+01,0.000000000000000000e+00,-0.000000000000000000e+00,0.000000000000000000e+00
1.525500000000000078e+01,0.000000000000000000e+00,0.000000000000000000e+00,0.000000000000000000e+00
1.526500000000000057e+01,0.000000000000000000e+00,-0.000000000000000000e+00,0.000000000000000000e+00
1.527500000000000036e+01,0.000000000000000000e+00,0.000000000000000000e+00,0.000000000000000000e+00
1.528500000000000014e+01,0.000000000000000000e+00,-0.000000000000000000e+00,0.000000000000000000e+00
1.529499999999999993e+01,0.000000000000000000e+00,0.000000000000000000e+00,0.000000000000000000e+00
1.530499999999999972e+01,0.000000000000000000e+00,-0.000000000000000000e+00,0.000000000000000000e+00
1.531499999999999950e+01,0.000000000000000000e+00,0.000000000000000000e+00,0.000000000000000000e+00
1.532500000000000107e+01,0.000000000000000000e+00,-0.000000000000000000e+00,0.000000000000000000e+00
1.533500000000000085e+01,0.000000000000000000e+00,0.000000000000000000e+00,0.000000000000000000e+00
1.534500000000000064e+01,0.000000000000000000e+00,-0.000000000000000000e+00,0.000000000000000000e+00
1.535500000000000043e+01,0.000000000000000000e+00,0.000000000000000000e+00,0.000000000000000000e+00
1.536500000000000021e+01,0.000000000000000000e+00,-0.000000000000000000e+00,0.000000000000000000e+00
1.537500000000000000e+01,0.000000000000000000e+00,0.000000000000000000e+00,0.000000000000000000e+00
1.538499999999999979e+01,0.000000000000000000e+00,-0.000000000000000000e+00,0.000000000000000000e+00
1.539499999999999957e+01,0.000000000000000000e+00,0.000000000000000000e+00,0.000000000000000000e+00
1.540500000000000114e+01,0.000000000000000000e+00,-0.000000000000000000e+00,0.000000000000000000e+00
1.541500000000000092e+01,0.000000000000000000e+00,0.000000000000000000e+00,0.000000000000000000e+00
1.542500000000000071e+01,0.000000000000000000e+00,-0.000000000000000000e+00,0.000000000000000000e+00
1.543500000000000050e+01,0.000000000000000000e+00,0.000000000000000000e+00,0.000000000000000000e+00
1.544500000000000028e+01,0.000000000000000000e+00,-0.000000000000000000e+00,0.000000000000000000e+00
1.545500000000000007e+01,0.000000000000000000e+00,0.000000000000000000e+00,0.000000000000000000e+00
1.546499999999999986e+01,0.000000000000000000e+00,-0.000000000000000000e+00,0.000000000000000000e+00
1.547499999999999964e+01,0.000000000000000000e+00,0.000000000000000000e+00,0.000000000000000000e+00
1.548500000000000121e+01,0.000000000000000000e+00,-0.000000000000000000e+00,0.000000000000000000e+00
1.549500000000000099e+01,0.000000000000000000e+00,0.000000000000000000e+00,0.000000000000000000e+00
1.550500000000000078e+01,0.000000000000000000e+00,-0.000000000000000000e+00,0.000000000000000000e+00
1.551500000000000057e+01,0.000000000000000000e+00,0.000000000000000000e+00,0.000000000000000000e+00
1.552500000000000036e+01,0.000000000000000000e+00,0.000000000000000000e+00,0.000000000000000000e+00
1.553500000000000014e+01,0.000000000000000000e+00,-0.000000000000000000e+00,0.000000000000000000e+00
1.554499999999999993e+01,0.000000000000000000e+00,0.000000000000000000e+00,0.000000000000000000e+00
1.555499999999999972e+01,0.000000000000000000e+00,-0.000000000000000000e+00,0.000000000000000000e+00
1.556499999999999950e+01,0.000000000000000000e+00,0.000000000000000000e+00,0.000000000000000000e+00
1.557500000000000107e+01,0.000000000000000000e+00,-0.000000000000000000e+00,0.000000000000000000e+00
1.558500000000000085e+01,0.000000000000000000e+00,0.000000000000000000e+00,0.000000000000000000e+00
1.559500000000000064e+01,0.000000000000000000e+00,0.000000000000000000e+00,0.000000000000000000e+00
1.560500000000000043e+01,0.000000000000000000e+00,-0.000000000000000000e+00,0.000000000000000000e+00
1.561500000000000021e+01,0.000000000000000000e+00,0.000000000000000000e+00,0.000000000000000000e+00
1.562500000000000000e+01,0.000000000000000000e+00,-0.000000000000000000e+00,0.000000000000000000e+00
1.563499999999999979e+01,0.000000000000000000e+00,0.000000000000000000e+00,0.000000000000000000e+00
1.564499999999999957e+01,0.000000000000000000e+00,-0.000000000000000000e+00,0.000000000000000000e+00
1.565500000000000114e+01,0.000000000000000000e+00,0.000000000000000000e+00,0.000000000000000000e+00
1.566500000000000092e+01,0.000000000000000000e+00,-0.000000000000000000e+00,0.000000000000000000e+00
1.567500000000000071e+01,0.000000000000000000e+00,0.000000000000000000e+00,0.000000000000000000e+00
1.568500000000000050e+01,0.000000000000000000e+00,-0.000000000000000000e+00,0.000000000000000000e+00
1.569500000000000028e+01,0.000000000000000000e+00,0.000000000000000000e+00,0.000000000000000000e+00
1.570500000000000007e+01,0.000000000000000000e+00,-0.000000000000000000e+00,0.000000000000000000e+00
1.571499999999999986e+01,0.000000000000000000e+00,0.000000000000000000e+00,0.000000000000000000e+00
1.572499999999999964e+01,0.000000000000000000e+00,-0.000000000000000000e+00,0.000000000000000000e+00
1.573500000000000121e+01,0.000000000000000000e+00,0.000000000000000000e+00,0.000000000000000000e+00
1.574500000000000099e+01,0.000000000000000000e+00,-0.000000000000000000e+00,0.000000000000000000e+00
1.575500000000000078e+01,0.000000000000000000e+00,0.000000000000000000e+00,0.000000000000000000e+00
1.576500000000000057e+01,0.000000000000000000e+00,-0.000000000000000000e+00,0.000000000000000000e+00
1.577500000000000036e+01,0.000000000000000000e+00,0.000000000000000000e+00,0.000000000000000000e+00
1.578500000000000014e+01,0.000000000000000000e+00,-0.000000000000000000e+00,0.000000000000000000e+00
1.579499999999999993e+01,0.000000000000000000e+00,0.000000000000000000e+00,0.000000000000000000e+00
1.580499999999999972e+01,0.000000000000000000e+00,-0.000000000000000000e+00,0.000000000000000000e+00
1.581499999999999950e+01,0.000000000000000000e+00,0.000000000000000000e+00,0.000000000000000000e+00
1.582500000000000107e+01,0.000000000000000000e+00,0.000000000000000000e+00,0.000000000000000000e+00
1.583500000000000085e+01,0.000000000000000000e+00,-0.000000000000000000e+00,0.000000000000000000e+00
1.584500000000000064e+01,0.000000000000000000e+00,0.000000000000000000e+00,0.000000000000000000e+00
1.585500000000000043e+01,0.000000000000000000e+00,-0.000000000000000000e+00,0.000000000000000000e+00
1.586500000000000021e+01,0.000000000000000000e+00,0.000000000000000000e+00,0.000000000000000000e+00
1.587500000000000000e+01,0.000000000000000000e+00,-0.000000000000000000e+00,0.000000000000000000e+00
1.588499999999999979e+01,0.000000000000000000e+00,0.000000000000000000e+00,0.000000000000000000e+00
1.589499999999999957e+01,0.000000000000000000e+00,-0.000000000000000000e+00,0.000000000000000000e+00
1.590500000000000114e+01,0.000000000000000000e+00,0.000000000000000000e+00,0.000000000000000000e+00
1.591500000000000092e+01,0.000000000000000000e+00,0.000000000000000000e+00,0.000000000000000000e+00
1.592500000000000071e+01,0.000000000000000000e+00,-0.000000000000000000e+00,0.000000000000000000e+00
1.593500000000000050e+01,0.000000000000000000e+00,0.000000000000000000e+00,0.000000000000000000e+00
1.594500000000000028e+01,0.000000000000000000e+00,0.000000000000000000e+00,0.000000000000000000e+00
1.595500000000000007e+01,0.000000000000000000e+00,-0.000000000000000000e+00,0.000000000000000000e+00
1.596499999999999986e+01,0.000000000000000000e+00,0.000000000000000000e+00,0.000000000000000000e+00
1.597499999999999964e+01,0.000000000000000000e+00,0.000000000000000000e+00,-0.000000000000000000e+00
1.598500000000000121e+01,0.000000000000000000e+00,0.000000000000000000e+00,0.000000000000000000e+00
1.599500000000000099e+01,0.000000000000000000e+00,0.000000000000000000e+00,0.000000000000000000e+00
1.600499999999999901e+01,0.000000000000000000e+00,-0.000000000000000000e+00,0.000000000000000000e+00
1.601500000000000057e+01,0.000000000000000000e+00,-0.000000000000000000e+00,0.000000000000000000e+00
1.602499999999999858e+01,0.000000000000000000e+00,-0.000000000000000000e+00,0.000000000000000000e+00
1.603500000000000014e+01,0.000000000000000000e+00,-0.000000000000000000e+00,0.000000000000000000e+00
1.604500000000000171e+01,0.000000000000000000e+00,0.000000000000000000e+00,0.000000000000000000e+00
1.605499999999999972e+01,0.000000000000000000e+00,0.000000000000000000e+00,0.000000000000000000e+00
1.606500000000000128e+01,0.000000000000000000e+00,0.000000000000000000e+00,0.000000000000000000e+00
1.607499999999999929e+01,0.000000000000000000e+00,0.000000000000000000e+00,0.000000000000000000e+00
1.608500000000000085e+01,0.000000000000000000e+00,0.000000000000000000e+00,0.000000000000000000e+00
1.609499999999999886e+01,0.000000000000000000e+00,0.000000000000000000e+00,0.000000000000000000e+00
1.610500000000000043e+01,0.000000000000000000e+00,0.000000000000000000e+00,0.000000000000000000e+00
1.611500000000000199e+01,0.000000000000000000e+00,0.000000000000000000e+00,0.000000000000000000e+00
1.612500000000000000e+01,0.000000000000000000e+00,0.000000000000000000e+00,0.000000000000000000e+00
1.613500000000000156e+01,0.000000000000000000e+00,0.000000000000000000e+00,0.000000000000000000e+00
1.614499999999999957e+01,0.000000000000000000e+00,0.000000000000000000e+00,0.000000000000000000e+00
1.615500000000000114e+01,0.000000000000000000e+00,0.000000000000000000e+00,0.000000000000000000e+00
1.616499999999999915e+01,0.000000000000000000e+00,0.000000000000000000e+00,0.000000000000000000e+00
1.617500000000000071e+01,0.000000000000000000e+00,0.000000000000000000e+00,0.000000000000000000e+00
1.618499999999999872e+01,0.000000000000000000e+00,0.000000000000000000e+00,0.000000000000000000e+00
1.619500000000000028e+01,0.000000000000000000e+00,0.000000000000000000e+00,0.000000000000000000e+00
1.620500000000000185e+01,0.000000000000000000e+00,0.000000000000000000e+00,0.000000000000000000e+00
1.621499999999999986e+01,0.000000000000000000e+00,0.000000000000000000e+00,0.000000000000000000e+00
1.622500000000000142e+01,0.000000000000000000e+00,0.000000000000000000e+00,0.000000000000000000e+00
1.623499999999999943e+01,0.000000000000000000e+00,0.000000000000000000e+00,0.000000000000000000e+00
1.624500000000000099e+01,0.000000000000000000e+00,0.000000000000000000e+00,0.000000000000000000e+00
1.625499999999999901e+01,0.000000000000000000e+00,0.000000000000000000e+00,0.000000000000000000e+00
1.626500000000000057e+01,0.000000000000000000e+00,0.000000000000000000e+00,0.000000000000000000e+00
1.627499999999999858e+01,0.000000000000000000e+00,0.000000000000000000e+00,0.000000000000000000e+00
1.628500000000000014e+01,0.000000000000000000e+00,0.000000000000000000e+00,0.000000000000000000e+00
1.629500000000000171e+01,0.000000000000000000e+00,0.000000000000000000e+00,0.000000000000000000e+00
1.630499999999999972e+01,0.000000000000000000e+00,0.000000000000000000e+00,0.000000000000000000e+00
1.631500000000000128e+01,0.000000000000000000e+00,0.000000000000000000e+00,0.000000000000000000e+00
1.632499999999999929e+01,0.000000000000000000e+00,0.000000000000000000e+00,0.000000000000000000e+00
1.633500000000000085e+01,0.000000000000000000e+00,0.000000000000000000e+00,0.000000000000000000e+00
1.634499999999999886e+01,0.000000000000000000e+00,0.000000000000000000e+00,0.000000000000000000e+00
1.635500000000000043e+01,0.000000000000000000e+00,0.000000000000000000e+00,0.000000000000000000e+00
1.636500000000000199e+01,0.000000000000000000e+00,0.000000000000000000e+00,0.000000000000000000e+00
1.637500000000000000e+01,0.000000000000000000e+00,0.000000000000000000e+00,0.000000000000000000e+00
1.638500000000000156e+01,0.000000000000000000e+00,0.000000000000000000e+00,0.000000000000000000e+00
1.639499999999999957e+01,0.000000000000000000e+00,0.000000000000000000e+00,0.000000000000000000e+00
1.640500000000000114e+01,0.000000000000000000e+00,0.000000000000000000e+00,0.000000000000000000e+00
1.641499999999999915e+01,0.000000000000000000e+00,0.000000000000000000e+00,0.000000000000000000e+00
1.642500000000000071e+01,0.000000000000000000e+00,0.000000000000000000e+00,0.000000000000000000e+00
1.643499999999999872e+01,0.000000000000000000e+00,0.000000000000000000e+00,0.000000000000000000e+00
1.644500000000000028e+01,0.000000000000000000e+00,0.000000000000000000e+00,0.000000000000000000e+00
1.645500000000000185e+01,0.000000000000000000e+00,0.000000000000000000e+00,0.000000000000000000e+00
1.646499999999999986e+01,0.000000000000000000e+00,0.000000000000000000e+00,0.000000000000000000e+00
1.647500000000000142e+01,0.000000000000000000e+00,0.000000000000000000e+00,0.000000000000000000e+00
1.648499999999999943e+01,0.000000000000000000e+00,0.000000000000000000e+00,0.000000000000000000e+00
1.649500000000000099e+01,0.000000000000000000e+00,0.000000000000000000e+00,0.000000000000000000e+00
1.650499999999999901e+01,0.000000000000000000e+00,0.000000000000000000e+00,0.000000000000000000e+00
1.651500000000000057e+01,0.000000000000000000e+00,0.000000000000000000e+00,0.000000000000000000e+00
1.652499999999999858e+01,0.000000000000000000e+00,0.000000000000000000e+00,0.000000000000000000e+00
1.653500000000000014e+01,0.000000000000000000e+00,0.000000000000000000e+00,0.000000000000000000e+00
1.654500000000000171e+01,0.000000000000000000e+00,0.000000000000000000e+00,0.000000000000000000e+00
1.655499999999999972e+01,0.000000000000000000e+00,0.000000000000000000e+00,0.000000000000000000e+00
1.656500000000000128e+01,0.000000000000000000e+00,0.000000000000000000e+00,0.000000000000000000e+00
1.657499999999999929e+01,0.000000000000000000e+00,0.000000000000000000e+00,0.000000000000000000e+00
1.658500000000000085e+01,0.000000000000000000e+00,0.000000000000000000e+00,0.000000000000000000e+00
1.659499999999999886e+01,0.000000000000000000e+00,0.000000000000000000e+00,0.000000000000000000e+00
1.660500000000000043e+01,0.000000000000000000e+00,0.000000000000000000e+00,0.000000000000000000e+00
1.661500000000000199e+01,0.000000000000000000e+00,0.000000000000000000e+00,0.000000000000000000e+00
1.662500000000000000e+01,0.000000000000000000e+00,0.000000000000000000e+00,0.000000000000000000e+00
1.663500000000000156e+01,0.000000000000000000e+00,0.000000000000000000e+00,0.000000000000000000e+00
1.664499999999999957e+01,0.000000000000000000e+00,0.000000000000000000e+00,0.000000000000000000e+00
1.665500000000000114e+01,0.000000000000000000e+00,0.000000000000000000e+00,0.000000000000000000e+00
1.666499999999999915e+01,0.000000000000000000e+00,0.000000000000000000e+00,0.000000000000000000e+00
1.667500000000000071e+01,0.000000000000000000e+00,0.000000000000000000e+00,0.000000000000000000e+00
1.668499999999999872e+01,0.000000000000000000e+00,0.000000000000000000e+00,0.000000000000000000e+00
1.669500000000000028e+01,0.000000000000000000e+00,0.000000000000000000e+00,0.000000000000000000e+00
1.670500000000000185e+01,0.000000000000000000e+00,0.000000000000000000e+00,0.000000000000000000e+00
1.671499999999999986e+01,0.000000000000000000e+00,0.000000000000000000e+00,0.000000000000000000e+00
1.672500000000000142e+01,0.000000000000000000e+00,0.000000000000000000e+00,0.000000000000000000e+00
1.673499999999999943e+01,0.000000000000000000e+00,0.000000000000000000e+00,0.000000000000000000e+00
1.674500000000000099e+01,0.000000000000000000e+00,0.000000000000000000e+00,0.000000000000000000e+00
1.675499999999999901e+01,0.000000000000000000e+00,0.000000000000000000e+00,0.000000000000000000e+00
1.676500000000000057e+01,0.000000000000000000e+00,0.000000000000000000e+00,0.000000000000000000e+00
1.677499999999999858e+01,0.000000000000000000e+00,0.000000000000000000e+00,0.000000000000000000e+00
1.678500000000000014e+01,0.000000000000000000e+00,0.000000000000000000e+00,0.000000000000000000e+00
1.679500000000000171e+01,0.000000000000000000e+00,0.000000000000000000e+00,0.000000000000000000e+00
1.680499999999999972e+01,0.000000000000000000e+00,0.000000000000000000e+00,0.000000000000000000e+00
1.681500000000000128e+01,0.000000000000000000e+00,0.000000000000000000e+00,0.000000000000000000e+00
1.682499999999999929e+01,0.000000000000000000e+00,0.000000000000000000e+00,0.000000000000000000e+00
1.683500000000000085e+01,0.000000000000000000e+00,0.000000000000000000e+00,0.000000000000000000e+00
1.684499999999999886e+01,0.000000000000000000e+00,0.000000000000000000e+00,0.000000000000000000e+00
1.685500000000000043e+01,0.000000000000000000e+00,0.000000000000000000e+00,0.000000000000000000e+00
1.686500000000000199e+01,0.000000000000000000e+00,0.000000000000000000e+00,0.000000000000000000e+00
1.687500000000000000e+01,0.000000000000000000e+00,0.000000000000000000e+00,0.000000000000000000e+00
1.688500000000000156e+01,0.000000000000000000e+00,0.000000000000000000e+00,0.000000000000000000e+00
1.689499999999999957e+01,0.000000000000000000e+00,0.000000000000000000e+00,0.000000000000000000e+00
1.690500000000000114e+01,0.000000000000000000e+00,0.000000000000000000e+00,0.000000000000000000e+00
1.691499999999999915e+01,0.000000000000000000e+00,0.000000000000000000e+00,0.000000000000000000e+00
1.692500000000000071e+01,0.000000000000000000e+00,0.000000000000000000e+00,0.000000000000000000e+00
1.693499999999999872e+01,0.000000000000000000e+00,0.000000000000000000e+00,0.000000000000000000e+00
1.694500000000000028e+01,0.000000000000000000e+00,0.000000000000000000e+00,0.000000000000000000e+00
1.695500000000000185e+01,0.000000000000000000e+00,0.000000000000000000e+00,0.000000000000000000e+00
1.696499999999999986e+01,0.000000000000000000e+00,0.000000000000000000e+00,0.000000000000000000e+00
1.697500000000000142e+01,0.000000000000000000e+00,0.000000000000000000e+00,0.000000000000000000e+00
1.698499999999999943e+01,0.000000000000000000e+00,0.000000000000000000e+00,0.000000000000000000e+00
1.699500000000000099e+01,0.000000000000000000e+00,0.000000000000000000e+00,0.000000000000000000e+00
1.700499999999999901e+01,0.000000000000000000e+00,0.000000000000000000e+00,0.000000000000000000e+00
1.701500000000000057e+01,0.000000000000000000e+00,0.000000000000000000e+00,0.000000000000000000e+00
1.702499999999999858e+01,0.000000000000000000e+00,0.000000000000000000e+00,0.000000000000000000e+00
1.703500000000000014e+01,0.000000000000000000e+00,0.000000000000000000e+00,0.000000000000000000e+00
1.704500000000000171e+01,0.000000000000000000e+00,0.000000000000000000e+00,0.000000000000000000e+00
1.705499999999999972e+01,0.000000000000000000e+00,0.000000000000000000e+00,0.000000000000000000e+00
1.706500000000000128e+01,0.000000000000000000e+00,0.000000000000000000e+00,0.000000000000000000e+00
1.707499999999999929e+01,0.000000000000000000e+00,0.000000000000000000e+00,0.000000000000000000e+00
1.708500000000000085e+01,0.000000000000000000e+00,0.000000000000000000e+00,0.000000000000000000e+00
1.709499999999999886e+01,0.000000000000000000e+00,0.000000000000000000e+00,0.000000000000000000e+00
1.710500000000000043e+01,0.000000000000000000e+00,0.000000000000000000e+00,0.000000000000000000e+00
1.711500000000000199e+01,0.000000000000000000e+00,0.000000000000000000e+00,0.000000000000000000e+00
1.712500000000000000e+01,0.000000000000000000e+00,0.000000000000000000e+00,0.000000000000000000e+00
1.713500000000000156e+01,0.000000000000000000e+00,0.000000000000000000e+00,0.000000000000000000e+00
1.714499999999999957e+01,0.000000000000000000e+00,0.000000000000000000e+00,0.000000000000000000e+00
1.715500000000000114e+01,0.000000000000000000e+00,0.000000000000000000e+00,0.000000000000000000e+00
1.716499999999999915e+01,0.000000000000000000e+00,0.000000000000000000e+00,0.000000000000000000e+00
1.717500000000000071e+01,0.000000000000000000e+00,0.000000000000000000e+00,0.000000000000000000e+00
1.718499999999999872e+01,0.000000000000000000e+00,0.000000000000000000e+00,0.000000000000000000e+00
1.719500000000000028e+01,0.000000000000000000e+00,0.000000000000000000e+00,0.000000000000000000e+00
1.720500000000000185e+01,0.000000000000000000e+00,0.000000000000000000e+00,0.000000000000000000e+00
1.721499999999999986e+01,0.000000000000000000e+00,0.000000000000000000e+00,0.000000000000000000e+00
1.722500000000000142e+01,0.000000000000000000e+00,0.000000000000000000e+00,0.000000000000000000e+00
1.723499999999999943e+01,0.000000000000000000e+00,0.000000000000000000e+00,0.000000000000000000e+00
1.724500000000000099e+01,0.000000000000000000e+00,0.000000000000000000e+00,0.000000000000000000e+00
1.725499999999999901e+01,0.000000000000000000e+00,0.000000000000000000e+00,0.000000000000000000e+00
1.726500000000000057e+01,0.000000000000000000e+00,0.000000000000000000e+00,0.000000000000000000e+00
1.727500000000000213e+01,0.000000000000000000e+00,0.000000000000000000e+00,0.000000000000000000e+00
1.728500000000000014e+01,0.000000000000000000e+00,0.000000000000000000e+00,0.000000000000000000e+00
1.729500000000000171e+01,0.000000000000000000e+00,0.000000000000000000e+00,0.000000000000000000e+00
1.730499999999999972e+01,0.000000000000000000e+00,0.000000000000000000e+00,0.000000000000000000e+00
1.731500000000000128e+01,0.000000000000000000e+00,0.000000000000000000e+00,0.000000000000000000e+00
1.732499999999999929e+01,0.000000000000000000e+00,0.000000000000000000e+00,0.000000000000000000e+00
1.733500000000000085e+01,0.000000000000000000e+00,0.000000000000000000e+00,0.000000000000000000e+00
1.734499999999999886e+01,0.000000000000000000e+00,0.000000000000000000e+00,0.000000000000000000e+00
1.735500000000000043e+01,0.000000000000000000e+00,0.000000000000000000e+00,0.000000000000000000e+00
1.736500000000000199e+01,0.000000000000000000e+00,0.000000000000000000e+00,0.000000000000000000e+00
1.737500000000000000e+01,0.000000000000000000e+00,0.000000000000000000e+00,0.000000000000000000e+00
1.738500000000000156e+01,0.000000000000000000e+00,0.000000000000000000e+00,0.000000000000000000e+00
1.739499999999999957e+01,0.000000000000000000e+00,0.000000000000000000e+00,0.000000000000000000e+00
1.740500000000000114e+01,0.000000000000000000e+00,0.000000000000000000e+00,0.000000000000000000e+00
1.741499999999999915e+01,0.000000000000000000e+00,0.000000000000000000e+00,0.000000000000000000e+00
1.742500000000000071e+01,0.000000000000000000e+00,0.000000000000000000e+00,0.000000000000000000e+00
1.743499999999999872e+01,0.000000000000000000e+00,0.000000000000000000e+00,0.000000000000000000e+00
1.744500000000000028e+01,0.000000000000000000e+00,0.000000000000000000e+00,0.000000000000000000e+00
1.745500000000000185e+01,0.000000000000000000e+00,0.000000000000000000e+00,0.000000000000000000e+00
1.746499999999999986e+01,0.000000000000000000e+00,0.000000000000000000e+00,0.000000000000000000e+00
1.747500000000000142e+01,0.000000000000000000e+00,0.000000000000000000e+00,0.000000000000000000e+00
1.748499999999999943e+01,0.000000000000000000e+00,0.000000000000000000e+00,0.000000000000000000e+00
1.749500000000000099e+01,0.000000000000000000e+00,0.000000000000000000e+00,0.000000000000000000e+00
1.750499999999999901e+01,0.000000000000000000e+00,0.000000000000000000e+00,0.000000000000000000e+00
1.751500000000000057e+01,0.000000000000000000e+00,0.000000000000000000e+00,0.000000000000000000e+00
1.752500000000000213e+01,0.000000000000000000e+00,0.000000000000000000e+00,0.000000000000000000e+00
1.753500000000000014e+01,0.000000000000000000e+00,0.000000000000000000e+00,0.000000000000000000e+00
1.754500000000000171e+01,0.000000000000000000e+00,0.000000000000000000e+00,0.000000000000000000e+00
1.755499999999999972e+01,0.000000000000000000e+00,0.000000000000000000e+00,0.000000000000000000e+00
1.756500000000000128e+01,0.000000000000000000e+00,0.000000000000000000e+00,0.000000000000000000e+00
1.757499999999999929e+01,0.000000000000000000e+00,0.000000000000000000e+00,0.000000000000000000e+00
1.758500000000000085e+01,0.000000000000000000e+00,0.000000000000000000e+00,0.000000000000000000e+00
1.759499999999999886e+01,0.000000000000000000e+00,0.000000000000000000e+00,0.000000000000000000e+00
1.760500000000000043e+01,0.000000000000000000e+00,0.000000000000000000e+00,0.000000000000000000e+00
1.761500000000000199e+01,0.000000000000000000e+00,0.000000000000000000e+00,0.000000000000000000e+00
1.762500000000000000e+01,0.000000000000000000e+00,0.000000000000000000e+00,0.000000000000000000e+00
1.763500000000000156e+01,0.000000000000000000e+00,0.000000000000000000e+00,0.000000000000000000e+00
1.764499999999999957e+01,0.000000000000000000e+00,0.000000000000000000e+00,0.000000000000000000e+00
1.765500000000000114e+01,0.000000000000000000e+00,0.000000000000000000e+00,0.000000000000000000e+00
1.766499999999999915e+01,0.000000000000000000e+00,0.000000000000000000e+00,0.000000000000000000e+00
1.767500000000000071e+01,0.000000000000000000e+00,0.000000000000000000e+00,0.000000000000000000e+00
1.768499999999999872e+01,0.000000000000000000e+00,0.000000000000000000e+00,0.000000000000000000e+00
1.769500000000000028e+01,0.000000000000000000e+00,0.000000000000000000e+00,0.000000000000000000e+00
1.770500000000000185e+01,0.000000000000000000e+00,0.000000000000000000e+00,0.000000000000000000e+00
1.771499999999999986e+01,0.000000000000000000e+00,0.000000000000000000e+00,0.000000000000000000e+00
1.772500000000000142e+01,0.000000000000000000e+00,0.000000000000000000e+00,0.000000000000000000e+00
1.773499999999999943e+01,0.000000000000000000e+00,0.000000000000000000e+00,0.000000000000000000e+00
1.774500000000000099e+01,0.000000000000000000e+00,0.000000000000000000e+00,0.000000000000000000e+00
1.775499999999999901e+01,0.000000000000000000e+00,0.000000000000000000e+00,0.000000000000000000e+00
1.776500000000000057e+01,0.000000000000000000e+00,0.000000000000000000e+00,0.000000000000000000e+00
1.777500000000000213e+01,0.000000000000000000e+00,0.000000000000000000e+00,0.000000000000000000e+00
1.778500000000000014e+01,0.000000000000000000e+00,0.000000000000000000e+00,0.000000000000000000e+00
1.779500000000000171e+01,0.000000000000000000e+00,0.000000000000000000e+00,0.000000000000000000e+00
1.780499999999999972e+01,0.000000000000000000e+00,0.000000000000000000e+00,0.000000000000000000e+00
1.781500000000000128e+01,0.000000000000000000e+00,0.000000000000000000e+00,0.000000000000000000e+00
1.782499999999999929e+01,0.000000000000000000e+00,0.000000000000000000e+00,0.000000000000000000e+00
1.783500000000000085e+01,0.000000000000000000e+00,0.000000000000000000e+00,0.000000000000000000e+00
1.784499999999999886e+01,0.000000000000000000e+00,0.000000000000000000e+00,0.000000000000000000e+00
1.785500000000000043e+01,0.000000000000000000e+00,0.000000000000000000e+00,0.000000000000000000e+00
1.786500000000000199e+01,0.000000000000000000e+00,0.000000000000000000e+00,0.000000000000000000e+00
1.787500000000000000e+01,0.000000000000000000e+00,0.000000000000000000e+00,0.000000000000000000e+00
1.788500000000000156e+01,0.000000000000000000e+00,0.000000000000000000e+00,0.000000000000000000e+00
1.789499999999999957e+01,0.000000000000000000e+00,0.000000000000000000e+00,0.000000000000000000e+00
1.790500000000000114e+01,0.000000000000000000e+00,0.000000000000000000e+00,0.000000000000000000e+00
1.791499999999999915e+01,0.000000000000000000e+00,0.000000000000000000e+00,0.000000000000000000e+00
1.792500000000000071e+01,0.000000000000000000e+00,0.000000000000000000e+00,0.000000000000000000e+00
1.793499999999999872e+01,0.000000000000000000e+00,0.000000000000000000e+00,0.000000000000000000e+00
1.794500000000000028e+01,0.000000000000000000e+00,0.000000000000000000e+00,0.000000000000000000e+00
1.795500000000000185e+01,0.000000000000000000e+00,0.000000000000000000e+00,0.000000000000000000e+00
1.796499999999999986e+01,0.000000000000000000e+00,0.000000000000000000e+00,0.000000000000000000e+00
1.797500000000000142e+01,0.000000000000000000e+00,0.000000000000000000e+00,0.000000000000000000e+00
1.798499999999999943e+01,0.000000000000000000e+00,0.000000000000000000e+00,0.000000000000000000e+00
1.799500000000000099e+01,0.000000000000000000e+00,0.000000000000000000e+00,0.000000000000000000e+00
