link_midpoint,probability_left,real_coherence,imaginary_coherence
2.500000000000000052e-03,2.661565195356261942e-86,1.024929116469038635e-86,-2.306037341670199117e-85
7.499999999999999722e-03,2.001947210390239177e-84,7.788553663531001125e-85,-1.218794775016459593e-83
1.250000000000000069e-02,7.450380572890581140e-83,3.118513842172258289e-83,-3.692838980817058119e-82
1.750000000000000167e-02,1.843437511642652508e-81,8.242681828973421741e-82,-7.930460907565316094e-81
2.249999999999999917e-02,3.448537194358766755e-80,1.588003511626131923e-80,-1.337660144855349988e-79
2.750000000000000014e-02,5.261802649633911214e-79,2.347767690841050794e-79,-1.886338186142868419e-78
3.250000000000000111e-02,6.867212862979079229e-78,2.727782867747607237e-78,-2.306925435798205348e-77
3.749999999999999861e-02,7.858083137570794135e-77,2.483385604283839674e-77,-2.482566597290084392e-76
4.250000000000000305e-02,7.921536132411569339e-76,1.678259533501629925e-76,-2.342351393087468991e-75
4.750000000000000056e-02,6.961750230176409713e-75,6.364566859622106861e-76,-1.905533747617617076e-74
5.249999999999999806e-02,5.221545608867079550e-74,-2.702505730508930116e-75,-1.300188498434250961e-73
5.750000000000000250e-02,3.238926961225951287e-73,-8.181286285957926533e-74,-7.141287382287196607e-73
6.250000000000000000e-02,1.595198673754162056e-72,-9.883452212860722196e-73,-3.008609778675893501e-72
6.750000000000000444e-02,6.286714778405551437e-72,-8.979365866129262887e-72,-1.110863756032609286e-71
7.249999999999999500e-02,3.245428606135074511e-71,-6.937844222791224081e-71,-9.463027827291642577e-71
7.749999999999999944e-02,4.242354241271614143e-70,-4.824659449953826900e-70,-1.559763946847180448e-69
8.250000000000000389e-02,6.283390792857451096e-69,-3.135472579799247482e-69,-2.139199702592122651e-68
8.750000000000000833e-02,7.439434223748438251e-68,-1.956649783770982658e-68,-2.302565435613077910e-67
9.249999999999999889e-02,7.178089365984998949e-67,-1.191222825923091529e-67,-2.052665107878324161e-66
9.750000000000000333e-02,5.889623196034154619e-66,-7.099830630424099707e-67,-1.577807606481715026e-65
1.025000000000000078e-01,4.235445154198220560e-65,-4.116663525569430815e-66,-1.073459129462556471e-64
1.074999999999999983e-01,2.724646766682642689e-64,-2.297528888558325473e-65,-6.578966609451620649e-64
1.125000000000000028e-01,1.590502980721409723e-63,-1.221425317576641769e-64,-3.677878111477695245e-63
1.175000000000000072e-01,8.514103000805912945e-63,-6.134651512160814040e-64,-1.893039346219170073e-62
1.224999999999999978e-01,4.213434299434600428e-62,-2.893127003391830760e-63,-9.036815943352727850e-62
1.275000000000000022e-01,1.940168955371662437e-61,-1.274592533570332246e-62,-4.024778355415505746e-61
1.325000000000000067e-01,8.357564235111312421e-61,-5.216133567426451102e-62,-1.680740633713416219e-60
1.375000000000000111e-01,3.383294226893895230e-60,-1.966696019272970394e-61,-6.609152362323393634e-60
1.425000000000000155e-01,1.292219090293687033e-59,-6.734755205658780346e-61,-2.456337560670625616e-59
1.474999999999999922e-01,4.672682790467852429e-59,-2.034904583236664832e-60,-8.656321395349562750e-59
1.524999999999999967e-01,1.604502420304645753e-58,-5.048236667468835047e-60,-2.900784342803332071e-58
1.575000000000000011e-01,5.245924322881286862e-58,-7.734982528075950601e-60,-9.267334060084339530e-58
1.625000000000000056e-01,1.637260819833863863e-57,1.290095355778239448e-59,-2.830055845698024647e-57
1.675000000000000100e-01,4.891940506574257843e-57,1.848735880570929305e-58,-8.288904584804937346e-57
1.725000000000000144e-01,1.405170757231856204e-56,1.071376476896539184e-57,-2.341036818932616810e-56
1.774999999999999911e-01,3.908373295477311483e-56,4.832402822735443258e-57,-6.437354847362712918e-56
1.824999999999999956e-01,1.066250725065060517e-55,1.895768907371567045e-56,-1.752305259661515879e-55
1.875000000000000000e-01,2.913492152935631968e-55,6.732736614034650440e-56,-4.840978095736055325e-55
1.925000000000000044e-01,8.199221103947721453e-55,2.205334786024745219e-55,-1.396254085167549286e-54
1.975000000000000089e-01,2.437012565217338997e-54,6.727173406635854408e-55,-4.280267991156237593e-54
2.025000000000000133e-01,7.703383628172589446e-54,1.920659464578073061e-54,-1.387196590081621265e-53
2.075000000000000178e-01,2.545899051619801329e-53,5.143925304426795132e-54,-4.634265735573367785e-53
2.124999999999999944e-01,8.539623191049973709e-53,1.292736798761068276e-53,-1.548729732730007803e-52
2.174999999999999989e-01,2.828316209410764448e-52,3.045539815825836163e-53,-5.057432000870263053e-52
2.225000000000000033e-01,9.076202825451553875e-52,6.713946243406662171e-53,-1.590313980183819161e-51
2.275000000000000078e-01,2.791482640603050850e-51,1.382548354719981472e-52,-4.777295676012364315e-51
2.325000000000000122e-01,8.182629561559188761e-51,2.659079014155311158e-52,-1.365657224271307260e-50
2.375000000000000167e-01,2.280106548009552189e-50,4.801152698693327699e-52,-3.708692377246551477e-50
2.424999999999999933e-01,6.033360268966108925e-50,8.276362548104521829e-52,-9.561541902548957416e-50
2.474999999999999978e-01,1.515406494821665755e-49,1.412435519867764841e-51,-2.339573944251791709e-49
2.525000000000000022e-01,3.612103918477545667e-49,2.508982230222366019e-51,-5.431482736026941266e-49
2.575000000000000067e-01,8.167437835890506816e-49,4.748014985294283186e-51,-1.195712170999565652e-48
2.625000000000000111e-01,1.750549154154544243e-48,9.075814884151498129e-51,-2.493419203644671029e-48
2.675000000000000155e-01,3.551583616355258677e-48,1.516449995296047471e-50,-4.916031606240511277e-48
2.725000000000000200e-01,6.804738203071225511e-48,1.437231926429765132e-50,-9.135963101559765204e-48
2.775000000000000244e-01,1.226586914379032784e-47,-3.176976044786929792e-50,-1.592532038796229166e-47
2.825000000000000289e-01,2.067663007030541423e-47,-2.444269729172619237e-49,-2.583772890020555401e-47
2.875000000000000333e-01,3.228998037859389970e-47,-9.363893667398921871e-49,-3.854292732209907509e-47
2.924999999999999822e-01,4.603391064889469872e-47,-2.800610432445952811e-48,-5.185648069547272914e-47
2.974999999999999867e-01,5.858589832795394408e-47,-7.173961269669774785e-48,-6.112583036600705200e-47
3.024999999999999911e-01,6.465434458355396330e-47,-1.629072374365128489e-47,-6.119808179264131103e-47
3.074999999999999956e-01,6.203129768035647949e-47,-3.327430332218969402e-47,-5.624747519393122113e-47
3.125000000000000000e-01,6.885165854947898468e-47,-6.132123691977363524e-47,-8.714329782057305248e-47
3.175000000000000044e-01,1.649088590110952905e-46,-1.010068124335353375e-46,-2.891923258368410763e-46
3.225000000000000089e-01,5.690087121067992008e-46,-1.435951811585870486e-46,-9.872210000432156432e-46
3.275000000000000133e-01,1.749050335790810658e-45,-1.559701778120292550e-46,-2.805753879403361135e-45
3.325000000000000178e-01,4.514782317333016159e-45,-4.804121667285149362e-47,-6.705116822830862013e-45
3.375000000000000222e-01,9.958597426435447631e-45,3.953724380186030734e-46,-1.376077347500186354e-44
3.425000000000000266e-01,1.903031098455540612e-44,1.649730582647034413e-45,-2.447510212862456479e-44
3.475000000000000311e-01,3.162072525721166861e-44,4.699496982573804807e-45,-3.770220343082540396e-44
3.524999999999999800e-01,4.565174908818189192e-44,1.145084754163784166e-44,-5.036228502740426122e-44
3.574999999999999845e-01,5.843109444614654151e-44,2.532402211574193369e-44,-6.171575604149795046e-44
3.624999999999999889e-01,7.616048752935449349e-44,5.191699503434269004e-44,-9.074908239298722717e-44
3.674999999999999933e-01,1.435228513256576563e-43,9.934168001648355207e-44,-2.224380189793442940e-43
3.724999999999999978e-01,4.135051744567937934e-43,1.772792645533084973e-43,-7.074693118254844130e-43
3.775000000000000022e-01,1.286418641590585063e-42,2.928984368582095808e-43,-2.147825620718164631e-42
3.825000000000000067e-01,3.652733441049462653e-42,4.405458560003019279e-43,-5.802371407235595902e-42
3.875000000000000111e-01,9.270206858843631810e-42,5.808277153432646405e-43,-1.403362298204367146e-41
3.925000000000000155e-01,2.128107148427364640e-41,6.040939221345587289e-43,-3.087581094313281284e-41
3.975000000000000200e-01,4.481356268022472785e-41,2.747652295678657773e-43,-6.261637649916320620e-41
4.025000000000000244e-01,8.749329147951324501e-41,-8.416944104606971074e-43,-1.181287246056663261e-40
4.075000000000000289e-01,1.594991317672575479e-40,-3.456041473690333815e-42,-2.084715833436766666e-40
4.125000000000000333e-01,2.725553725767147434e-40,-8.604971444790977738e-42,-3.450370499026168130e-40
4.174999999999999822e-01,4.370657243439116527e-40,-1.761578399495366394e-41,-5.354636267953067821e-40
4.224999999999999867e-01,6.567241389093355111e-40,-3.189948068572063130e-41,-7.769720241572106507e-40
4.274999999999999911e-01,9.207870814604766975e-40,-5.246537471048608914e-41,-1.048144920316423395e-39
4.324999999999999956e-01,1.196107560264361709e-39,-7.906907468009038248e-41,-1.302587287643507876e-39
4.375000000000000000e-01,1.423772925676387050e-39,-1.090302629079842241e-40,-1.470554701581472510e-39
4.425000000000000044e-01,1.527222978720545013e-39,-1.361005831690399994e-40,-1.475201537186492840e-39
4.475000000000000089e-01,1.437080881205064503e-39,-1.504476435509130416e-40,-1.265395044772599325e-39
4.525000000000000133e-01,1.129970577176827586e-39,-1.418154212397944282e-40,-8.561955628085187129e-40
4.575000000000000178e-01,6.665505020105949847e-40,-1.086777366168725742e-40,-3.579086330621251530e-40
4.625000000000000222e-01,2.099007346548234767e-40,-7.519576625972077791e-41,1.800812199939548783e-41
4.675000000000000266e-01,2.848344352469032849e-41,-1.124052931146219333e-40,-5.344363743452382032e-41
4.725000000000000311e-01,5.438658527712312250e-40,-3.477173125802820546e-40,-1.119601745732681919e-39
4.775000000000000355e-01,2.527122067900535722e-39,-9.281976719611772753e-40,-4.243027850725109750e-39
4.824999999999999845e-01,7.464948567338293335e-39,-1.886787066762595668e-39,-1.137077119942563220e-38
4.874999999999999889e-01,1.779709557360830507e-38,-2.865427951208564602e-39,-2.524940808806147577e-38
4.924999999999999933e-01,3.628363310576463691e-38,-2.697640316531901819e-39,-4.803582333285093657e-38
4.974999999999999978e-01,6.379508854019609846e-38,1.045723779568494816e-39,-7.840666201213424278e-38
5.025000000000000577e-01,9.638199941103658192e-38,1.231242563953092341e-38,-1.096302810467913121e-37
5.075000000000000622e-01,1.262724826409214869e-37,3.627037767489225325e-38,-1.356893798779768049e-37
5.124999999999999556e-01,1.562268175596650645e-37,7.797590537365716857e-38,-1.763557541856809667e-37
5.174999999999999600e-01,2.379975117846954793e-37,1.392417240756861808e-37,-3.293075094482932019e-37
5.224999999999999645e-01,5.371135712471238376e-37,2.121816567209951916e-37,-8.424104854323756104e-37
5.274999999999999689e-01,1.405059417253215033e-36,2.665699963623487545e-37,-2.174313322997058363e-36
5.324999999999999734e-01,3.415298976397898855e-36,2.269883525094823275e-37,-4.993840530053622215e-36
5.374999999999999778e-01,7.317065687214892662e-36,-6.300292583495921983e-38,-1.008993220973009128e-35
5.424999999999999822e-01,1.391414341728629827e-35,-8.853688336340470964e-37,-1.825334352276692813e-35
5.474999999999999867e-01,2.400208318370506019e-35,-2.681423654725204583e-36,-3.034526756083308118e-35
5.524999999999999911e-01,3.866436463251247126e-35,-6.035391891826376044e-36,-4.792148933212922371e-35
5.574999999999999956e-01,6.033708602922678913e-35,-1.155347029802859338e-35,-7.480739984890365707e-35
5.625000000000000000e-01,9.496033244472220065e-35,-1.959195897945709204e-35,-1.197810833180277615e-34
5.675000000000000044e-01,1.551316470597696277e-34,-2.983282706586741162e-35,-1.999653794847357806e-34
5.725000000000000089e-01,2.634933060916154459e-34,-4.078692769711126915e-35,-3.437935979694299139e-34
5.775000000000000133e-01,4.548791514045576888e-34,-4.940169695012225588e-35,-5.918718468415789251e-34
5.825000000000000178e-01,7.754868730650704230e-34,-5.102073020036795697e-35,-9.942203908123354852e-34
5.875000000000000222e-01,1.278006546390697374e-33,-3.994295517024315597e-35,-1.603584056614130810e-33
5.925000000000000266e-01,2.013352180050690486e-33,-1.072925784397319901e-35,-2.466561971390819212e-33
5.975000000000000311e-01,3.021847412474089054e-33,3.980137052309681404e-35,-3.616287329592744048e-33
6.025000000000000355e-01,4.328186176865963759e-33,1.102353021488833042e-34,-5.070945997552884829e-33
6.075000000000000400e-01,5.943978396642381731e-33,1.925630425307106899e-34,-6.840705066259490431e-33
6.125000000000000444e-01,7.878952984646014095e-33,2.714604322078743083e-34,-8.942188469374549007e-33
6.175000000000000488e-01,1.015825650236006631e-32,3.258762646403935609e-34,-1.141643533411043332e-32
6.225000000000000533e-01,1.284090346089171816e-32,3.336610932596033815e-34,-1.434514595010603696e-32
6.275000000000000577e-01,1.603427225210995540e-32,2.791805417721482385e-34,-1.786062766935824799e-32
6.325000000000000622e-01,1.989987181840209074e-32,1.625917025436264273e-34,-2.214433032414406011e-32
6.375000000000000666e-01,2.464326434068055164e-32,8.085176338288630845e-36,-2.740480309600248137e-32
6.424999999999999600e-01,3.047580416775270124e-32,-1.323119464822802852e-34,-3.382125765158967054e-32
6.474999999999999645e-01,3.753452966457836858e-32,-1.818656936957257527e-34,-4.144371027712706101e-32
6.524999999999999689e-01,4.576090900869649978e-32,-4.883586985855853383e-35,-5.006559238898013864e-32
6.574999999999999734e-01,5.477526518813989457e-32,3.610613269871346478e-34,-5.912765487045531271e-32
6.624999999999999778e-01,6.382826123712737114e-32,1.134071957528371916e-33,-6.774778592517385455e-32
6.674999999999999822e-01,7.192814793923187781e-32,2.339583583387197030e-33,-7.495940329566047465e-32
6.724999999999999867e-01,7.819450319417182473e-32,4.013903401803367019e-33,-8.015634831396498424e-32
6.774999999999999911e-01,8.237345762724629127e-32,6.122396665670944491e-33,-8.361207730591585210e-32
6.824999999999999956e-01,8.532436800391750340e-32,8.495821810415363750e-33,-8.684799689748757249e-32
6.875000000000000000e-01,8.924476947770330369e-32,1.076454935567815119e-32,-9.264681268962244161e-32
6.925000000000000044e-01,9.747694431044760484e-32,1.234359256993575656e-32,-1.046207050952814604e-31
6.975000000000000089e-01,1.138510884873619875e-31,1.252176017204882886e-32,-1.263187615179905058e-31
7.025000000000000133e-01,1.415289410345331255e-31,1.066143802921077333e-32,-1.598062424402479462e-31
7.075000000000000178e-01,1.812470382115201381e-31,6.442655062771881547e-33,-2.036524024739198521e-31
7.125000000000000222e-01,2.290564814041664176e-31,4.189689985574599942e-35,-2.507389548195370596e-31
7.175000000000000266e-01,2.744738975903980232e-31,-7.836748737749900292e-33,-2.873672152457198718e-31
7.225000000000000311e-01,3.010899460909232565e-31,-1.608994899998485935e-32,-2.959783878723076488e-31
7.275000000000000355e-01,2.918134387648389569e-31,-2.347896489898692190e-32,-2.628556288562749146e-31
7.325000000000000400e-01,2.386605075795678316e-31,-2.903393218079172847e-32,-1.887323058387078969e-31
7.375000000000000444e-01,1.527812575900012598e-31,-3.259952354403803280e-32,-9.615699398255025429e-32
7.425000000000000488e-01,6.747487610504629397e-32,-3.534297958431261950e-32,-2.672901250309756838e-32
7.475000000000000533e-01,2.910070278944958618e-32,-3.973622020471575618e-32,-2.639539414541160110e-32
7.525000000000000577e-01,7.820031168025042497e-32,-4.844871058190022149e-32,-1.252024429083191799e-31
7.575000000000000622e-01,2.304713226841443317e-31,-6.216080264381813827e-32,-3.224194420902988025e-31
7.625000000000000666e-01,4.678163893340677740e-31,-7.742811141834236343e-32,-5.843221647073116228e-31
7.675000000000000711e-01,7.426578301384643203e-31,-8.651058036001082940e-32,-8.534678715880716750e-31
7.724999999999999645e-01,9.908890184462155756e-31,-8.043168666696456404e-32,-1.063332334594078490e-30
7.774999999999999689e-01,1.147600678627471700e-30,-5.432001143627374924e-32,-1.154518800933883938e-30
7.824999999999999734e-01,1.164049786856122519e-30,-1.175186139764559208e-32,-1.092645785659907314e-30
7.874999999999999778e-01,1.025740421628758475e-30,3.550884411331244226e-32,-8.854568301307049873e-31
7.924999999999999822e-01,7.655881151572648718e-31,7.339797675263678360e-32,-5.893918303461000717e-31
7.974999999999999867e-01,4.607830054906763754e-31,9.411423948198880294e-32,-2.957460838492159512e-31
8.024999999999999911e-01,2.090425103305369800e-31,1.019381981490530871e-31,-1.007514500324596073e-31
8.074999999999999956e-01,9.826829429591862349e-32,1.118208490305968633e-31,-8.161572994137012300e-32
8.125000000000000000e-01,1.950276006020202069e-31,1.399739380498608141e-31,-3.011414588080269858e-31
8.175000000000000044e-01,5.654526908283696917e-31,1.899371055147524228e-31,-8.410298938749055522e-31
8.225000000000000089e-01,1.314711908707145688e-30,2.405044394279358218e-31,-1.838875333743628004e-30
8.275000000000000133e-01,2.616014090735217320e-30,2.427800003739245387e-31,-3.503208139903463651e-30
8.325000000000000178e-01,4.713816123445179080e-30,1.318997340985151104e-31,-6.104349623626639619e-30
8.375000000000000222e-01,7.908768796029923110e-30,-1.465153654497981613e-31,-9.951491640950592719e-30
8.425000000000000266e-01,1.252453513142852339e-29,-6.039145425495022881e-31,-1.533768044225026986e-29
8.475000000000000311e-01,1.881180831471037057e-29,-1.186553612029982707e-30,-2.238893036751311515e-29
8.525000000000000355e-01,2.672109475421856568e-29,-1.778294714494321477e-30,-3.077275303188726048e-29
8.575000000000000400e-01,3.555710085954187783e-29,-2.230811214139769497e-30,-3.936382111615274241e-29
8.625000000000000444e-01,4.371804489005327761e-29,-2.407986227739242215e-30,-4.616024663746600038e-29
8.675000000000000488e-01,4.887150769614549865e-29,-2.226219943069583211e-30,-4.878121793763528551e-29
8.725000000000000533e-01,4.879250489957898145e-29,-1.681416245382130271e-30,-4.556818557259937831e-29
8.775000000000000577e-01,4.261487909359272520e-29,-8.633343483797718666e-31,-3.675312231545750374e-29
8.825000000000000622e-01,3.171515148884419386e-29,4.642074765506653698e-32,-2.480521665118702620e-29
8.875000000000000666e-01,1.940085098488559864e-29,8.090223595109370626e-31,-1.341217475248983111e-29
8.925000000000000711e-01,9.305826270722164176e-30,1.206451952894911791e-30,-5.554400600656532722e-30
8.974999999999999645e-01,3.471684448791077856e-30,1.138735935835202152e-30,-2.006226227111893113e-30
9.024999999999999689e-01,1.532876413283247579e-30,6.812066968689971273e-31,-1.413494976878332906e-30
9.074999999999999734e-01,1.606137710897450667e-30,5.269292784892646987e-32,-1.792631477880396247e-30
9.124999999999999778e-01,2.002508339297876021e-30,-4.949652820849484466e-31,-2.034491319482516459e-30
9.174999999999999822e-01,2.189326992294235552e-30,-7.972955818397167223e-31,-2.120617955139065519e-30
9.224999999999999867e-01,2.344419437820330301e-30,-8.336098843928054257e-31,-2.230463329218045338e-30
9.274999999999999911e-01,2.418454654861275151e-30,-6.941628757597232351e-31,-2.094196348944487132e-30
9.324999999999999956e-01,2.012657312483137778e-30,-4.943804299452301202e-31,-1.395582922215704971e-30
9.375000000000000000e-01,1.089139064408572899e-30,-3.093679756979905196e-31,-4.506983755470954045e-31
9.425000000000000044e-01,2.743796268757825420e-31,-1.901103055428963089e-31,3.708210391088979369e-32
9.475000000000000089e-01,1.367339519018158556e-31,-2.489333417245190036e-31,-1.399544216786722692e-31
9.525000000000000133e-01,5.964506081716250375e-31,-6.991201379035087664e-31,-8.024615788646714583e-31
9.575000000000000178e-01,1.899090280498584580e-30,-1.707980312470535368e-30,-3.070824947207551193e-30
9.625000000000000222e-01,6.501619607540511893e-30,-3.068506026190486809e-30,-1.082426155706158928e-29
9.675000000000000266e-01,1.946905157933910652e-29,-3.947012811789666783e-30,-2.976252179074664894e-29
9.725000000000000311e-01,4.629843471356703132e-29,-3.076684840848266676e-30,-6.449425031593443608e-29
9.775000000000000355e-01,9.004568597656417316e-29,4.930224072262755917e-31,-1.162750663977590037e-28
9.825000000000000400e-01,1.501474944664880640e-28,6.549511372639858317e-30,-1.826523067164715676e-28
9.875000000000000444e-01,2.224796448769517102e-28,1.362535405976125878e-29,-2.571599663382081915e-28
9.925000000000000488e-01,2.980807462048968189e-28,2.012878438646316884e-29,-3.272046433410597835e-28
9.975000000000000533e-01,3.605333385436264410e-28,2.597365965080834359e-29,-3.727353810220856989e-28
1.002499999999999947e+00,3.872215973847931528e-28,3.300796489838363741e-29,-3.720939679691555000e-28
1.007500000000000062e+00,3.603710322156837994e-28,4.311766072688485620e-29,-3.174599960722926143e-28
1.012499999999999956e+00,2.848175147200739402e-28,5.506489441146914371e-29,-2.299689923079747629e-28
1.017500000000000071e+00,1.963287969654856866e-28,6.300247438190830627e-29,-1.556379054243056970e-28
1.022499999999999964e+00,1.435982383575871011e-28,5.897060698466096753e-29,-1.343787593491062370e-28
1.027500000000000080e+00,1.499682983486024246e-28,3.846548532359973195e-29,-1.644000466008972482e-28
1.032499999999999973e+00,1.900866329582042128e-28,4.976467554813228282e-30,-2.009664633527035442e-28
1.037500000000000089e+00,2.125992974514067578e-28,-3.068120975417389346e-29,-1.996550386859732155e-28
1.042499999999999982e+00,1.919266507171944899e-28,-5.662743096368424435e-29,-1.611661743858766140e-28
1.047500000000000098e+00,1.520435103446075074e-28,-6.731176638046531969e-29,-1.251387738119084029e-28
1.052499999999999991e+00,1.327947937971455365e-28,-6.613360117184180164e-29,-1.195553152385022682e-28
1.057500000000000107e+00,1.405712232532955716e-28,-6.131328135987041217e-29,-1.295548927324146980e-28
1.062500000000000000e+00,1.461450517863405146e-28,-5.900766979465075250e-29,-1.240063966357299634e-28
1.067500000000000115e+00,1.290463910385724815e-28,-5.969563232973424945e-29,-1.004591331153017288e-28
1.072500000000000009e+00,1.058193556257068491e-28,-5.996286150705888927e-29,-8.705189733019326607e-29
1.077500000000000124e+00,1.055910567857098585e-28,-5.654039823849588904e-29,-1.026778789252377315e-28
1.082500000000000018e+00,1.301205222468511763e-28,-4.845371281579436365e-29,-1.317301594557775024e-28
1.087500000000000133e+00,1.514026907954312043e-28,-3.651557355537695838e-29,-1.431014345164512456e-28
1.092500000000000027e+00,1.440622194899756395e-28,-2.234198210302550972e-29,-1.230355347838493562e-28
1.097499999999999920e+00,1.085427327109019065e-28,-8.340003802633768706e-30,-8.289673729189318962e-29
1.102500000000000036e+00,6.395107754986449885e-29,2.367192016133116231e-30,-4.308397012173596395e-29
1.107499999999999929e+00,2.911338089714215147e-29,7.425631616391067170e-30,-1.773544555258867496e-29
1.112500000000000044e+00,1.269814849595408041e-29,7.112347244921420538e-30,-1.018518103499078898e-29
1.117499999999999938e+00,1.215322029798661608e-29,4.135661281969090095e-30,-1.314706617996462433e-29
1.122500000000000053e+00,1.562952359310199073e-29,1.179030390434104549e-30,-1.276842360110108288e-29
1.127499999999999947e+00,1.052001060296485984e-29,-8.877006202819371774e-31,-2.104460153733833861e-30
1.132500000000000062e+00,4.958897026617183449e-31,-1.876861617493976649e-30,2.070680727113081560e-30
1.137499999999999956e+00,1.575013185984151851e-29,2.398886148880365115e-31,-3.837662558748973333e-29
1.142500000000000071e+00,9.351178460830642118e-29,1.007694993863661306e-29,-1.467379393841339810e-28
1.147499999999999964e+00,2.313458979035024941e-28,3.277501985540692742e-29,-2.871378221976480710e-28
1.152500000000000080e+00,3.610279309891579806e-28,7.036539098065186078e-29,-3.719225653554260783e-28
1.157499999999999973e+00,3.968603827295676856e-28,1.183730565259677793e-28,-3.455393220047499347e-28
1.162500000000000089e+00,3.361625633811662711e-28,1.651713526071730761e-28,-2.702575426610247616e-28
1.167499999999999982e+00,2.984291709291483191e-28,1.962981716597502531e-28,-2.956954390228858825e-28
1.172500000000000098e+00,4.221060711447842063e-28,2.016971809945986321e-28,-5.060671049082320932e-28
1.177499999999999991e+00,7.031068439420023922e-28,1.798485677094620059e-28,-8.014206263435538882e-28
1.182500000000000107e+00,9.594850817462491422e-28,1.363966334473378072e-28,-9.622618602014977199e-28
1.187500000000000000e+00,9.844362848197110425e-28,8.176219471486071581e-29,-8.473158301276525178e-28
1.192500000000000115e+00,7.360853959199721652e-28,3.039847704740133275e-29,-5.214242658947797291e-28
1.197500000000000009e+00,3.706191346586247342e-28,-3.167566187563677175e-30,-1.892972240458440358e-28
1.202500000000000124e+00,9.671241756049723793e-29,-1.353689052144486661e-29,-1.387646154426556456e-29
1.207500000000000018e+00,3.885784260785186266e-30,-9.176603956358487327e-30,2.059854365613215829e-30
1.212500000000000133e+00,2.276324526609635049e-29,-4.028191532114782628e-30,-2.842276508925715197e-29
1.217500000000000027e+00,3.620221513695517436e-29,-4.452058156971300643e-30,-2.008521940067296805e-29
1.222499999999999920e+00,1.169091058668906655e-29,-6.935836533598829365e-30,4.264698002396172945e-30
1.227500000000000036e+00,5.670514454872828962e-30,-6.628189351542030894e-30,-1.505373606576231638e-29
1.232499999999999929e+00,4.771134361275439886e-29,-3.355938369456589143e-30,-6.173088490283122618e-29
1.237500000000000044e+00,8.010599123443015661e-29,5.169833954834349199e-31,-6.361857653080089288e-29
1.242499999999999938e+00,5.052793791404821901e-29,3.509130594446600501e-30,-1.543871652631312261e-29
1.247500000000000053e+00,4.960977547414265414e-30,4.461341691707910465e-30,6.674751085293085566e-30
1.252499999999999947e+00,1.299257477478159794e-29,6.774151638459277302e-31,-2.490561384079685015e-29
1.257500000000000062e+00,4.777717295081219628e-29,-1.087609818745635289e-29,-4.302758091230295442e-29
1.262499999999999956e+00,4.122601044176024534e-29,-2.808683462096845736e-29,-1.859219285487247139e-29
1.267500000000000071e+00,2.752000259111082328e-29,-3.874712198309651102e-29,-3.984886800335982739e-29
1.272499999999999964e+00,1.122555033523149325e-28,-2.658388116984342926e-29,-1.818208762744826298e-28
1.277500000000000080e+00,3.007917899695271840e-28,1.084121400971280733e-29,-3.740297242240756430e-28
1.282499999999999973e+00,4.654906523164320622e-28,5.298044028318164601e-29,-4.781959074766992091e-28
1.287500000000000089e+00,4.972779836247042884e-28,7.322537605293709750e-29,-4.452602693127674108e-28
1.292499999999999982e+00,4.094664751541528111e-28,6.384064903937539595e-29,-3.359400287683610010e-28
1.297500000000000098e+00,2.855699757950501544e-28,3.800710021243379811e-29,-2.306804284557909519e-28
1.302499999999999991e+00,1.913996721361653533e-28,1.263372525781190391e-29,-1.702806056973221183e-28
1.307500000000000107e+00,1.523257347577652432e-28,-1.325522113015658544e-30,-1.641456522487943507e-28
1.312500000000000000e+00,1.768942864703994901e-28,2.237351309393078168e-30,-2.160497175729296013e-28
1.317500000000000115e+00,2.639004748863716559e-28,2.232642433597920166e-29,-3.052227826243194911e-28
1.322500000000000009e+00,3.549043111684053133e-28,4.860688057945053336e-29,-3.365600723391871937e-28
1.327500000000000124e+00,3.258210945703442222e-28,6.902873861218975010e-29,-2.124479201056399702e-28
1.332500000000000018e+00,1.531487259209034052e-28,7.920100059623443065e-29,-3.193660925451360767e-29
1.337500000000000133e+00,4.761871482944420116e-29,8.368045633049100422e-29,-4.345841767368703416e-29
1.342500000000000027e+00,1.867134144679229764e-28,9.223490742129589636e-29,-2.447055706322263035e-28
1.347499999999999920e+00,3.662730642056117104e-28,1.131168667997725388e-28,-3.055634603662423298e-28
1.352500000000000036e+00,2.898505629832309240e-28,1.431501159353103128e-28,-1.281825751323534924e-28
1.357499999999999929e+00,1.273853943212467021e-28,1.618623777236085739e-28,-8.257860787675110271e-29
1.362500000000000044e+00,2.592028385760952801e-28,1.390733665846709323e-28,-3.535297922191117405e-28
1.367499999999999938e+00,5.568022174159662742e-28,6.202779584691805312e-29,-5.541933883818333093e-28
1.372500000000000053e+00,5.585066823673306125e-28,-3.348451013239740815e-29,-3.784791155595247756e-28
1.377499999999999947e+00,2.584886768437551710e-28,-8.135426494792984874e-29,-9.709823835095697405e-29
1.382500000000000062e+00,6.207848062055212993e-29,-6.339494825183956498e-29,-3.400570243042699722e-29
1.387499999999999956e+00,8.336717023204318933e-29,-3.826195625954619369e-29,-8.134883831492435286e-29
1.392500000000000071e+00,9.693996772951357900e-29,-5.119612974293944932e-29,-5.474585227169717129e-29
1.397499999999999964e+00,5.795496092268580013e-29,-6.510448554994522221e-29,-5.456675660604287248e-29
1.402500000000000080e+00,1.245126361978355318e-28,-3.795989280359136891e-29,-1.634469606991441784e-28
1.407499999999999973e+00,2.261285543638436829e-28,-1.070382593196143583e-30,-1.721965436158747563e-28
1.412500000000000089e+00,1.311324677043570505e-28,7.184599922869436101e-30,7.493294013501011182e-30
1.417499999999999982e+00,8.218249310112302283e-31,1.042940674424021647e-29,-1.092194026938794752e-29
1.422500000000000098e+00,2.775059452190858543e-28,3.690612823928478568e-29,-4.791301005394671153e-28
1.427499999999999991e+00,8.321541196613323938e-28,7.130590354353274009e-29,-8.957870220647945307e-28
1.432500000000000107e+00,9.703958698281925231e-28,1.006144224476995170e-28,-7.100282124437271730e-28
1.437500000000000000e+00,5.299520952841322695e-28,1.257682201470051509e-28,-2.188728806746894156e-28
1.442500000000000115e+00,1.202429118798322332e-28,1.184654557932840917e-28,-3.531478621742776356e-29
1.447500000000000009e+00,1.270860635607762704e-28,5.401992903890198851e-29,-1.932274203068709067e-28
1.452500000000000124e+00,3.167537616944524189e-28,-2.141921491582648262e-29,-3.533898118505846976e-28
1.457500000000000018e+00,3.957116127584012074e-28,-4.169309896875191641e-29,-3.456434461151513215e-28
1.462500000000000133e+00,3.063031319679215354e-28,-1.741400171848612064e-29,-1.925645798010628558e-28
1.467500000000000027e+00,1.220502206739646427e-28,-3.719409758849582311e-30,-1.676971120335943810e-29
1.472499999999999920e+00,2.417506671999366791e-30,-4.643397507851433714e-30,1.264255321433685432e-29
1.477500000000000036e+00,7.503403994465068512e-29,1.209022304982663063e-29,-1.426946748837517884e-28
1.482499999999999929e+00,2.733152013233193226e-28,3.737438455207041381e-29,-3.293262947610067953e-28
1.487500000000000044e+00,4.019266126061863019e-28,3.241134924869802609e-29,-3.704092238723978489e-28
1.492499999999999938e+00,3.439769459240463303e-28,-2.236019619718068428e-30,-2.442056389267357808e-28
1.497500000000000053e+00,1.733877650059852471e-28,-2.685392909652830422e-29,-9.102347638507803272e-29
1.502499999999999947e+00,5.194372717610917148e-29,-2.042235119686035784e-29,-2.747813544436756586e-29
1.507500000000000062e+00,2.256519544569788753e-29,5.056478793317815772e-31,-1.708773579591377337e-29
1.512499999999999956e+00,1.295120155781957102e-29,1.472361791863810311e-29,-4.170806343774626366e-30
1.517500000000000071e+00,1.808176246241183841e-29,2.241321859465506627e-29,-3.369886777074118072e-29
1.522499999999999964e+00,9.058663723775131552e-29,3.686900727051238701e-29,-1.247666575432878691e-28
1.527500000000000080e+00,1.868492202355797474e-28,6.108946404553377637e-29,-1.897784611108590030e-28
1.532499999999999973e+00,2.127265335593177149e-28,7.673977425442676007e-29,-1.749721572729737990e-28
1.537500000000000089e+00,1.716017657157923209e-28,6.313877983358929019e-29,-1.268674154121489646e-28
1.542499999999999982e+00,1.170258739965000412e-28,2.655496222517807373e-29,-7.376851197528767982e-29
1.547500000000000098e+00,5.252649835379682609e-29,-3.354475219326436349e-30,-1.348761373012464456e-29
1.552499999999999991e+00,3.677538655423410030e-30,-7.830035410432773804e-30,3.079418937237977172e-30
1.557500000000000107e+00,1.924990656869123614e-29,2.391513974853302883e-30,-2.820860075584248593e-29
1.562500000000000000e+00,4.163368236799315878e-29,8.836550605321651335e-30,-2.050356831979780798e-29
1.567500000000000115e+00,1.197302069125274699e-29,8.264498714283353327e-30,1.110250431690703436e-29
1.572500000000000009e+00,1.599993402210404589e-29,2.519401692713209503e-29,-3.287180343431646590e-29
1.577500000000000124e+00,1.072063139497491087e-28,1.029889802775705955e-28,-1.269395272624045991e-28
1.582500000000000018e+00,2.492425367104893524e-28,2.292462974231352235e-28,-2.937380425184290201e-28
1.587500000000000133e+00,5.570313331630127297e-28,3.018984044556840428e-28,-6.531960789737993689e-28
1.592500000000000027e+00,9.295846272405285425e-28,2.267542459467234952e-28,-8.668182873229059059e-28
1.597500000000000142e+00,8.636023098567892363e-28,1.171219222065712962e-28,-6.026813089666521982e-28
1.602500000000000036e+00,4.364767214455777376e-28,1.286361189111109137e-28,-1.994585346507303153e-28
1.607499999999999929e+00,1.290583331614254455e-28,1.500179789603031941e-28,-3.515668129925747566e-29
1.612500000000000044e+00,1.839585687319852416e-28,1.647666359686618132e-28,-2.126797930037492095e-28
1.617499999999999938e+00,3.934621756380416030e-28,1.222439345723049160e-28,-2.500844145757474172e-28
1.622500000000000053e+00,1.969332727542631936e-28,-6.092463912873845376e-29,-3.047294133467405878e-29
1.627499999999999947e+00,2.356337119499294960e-29,3.830011075153278186e-30,-8.503142283545059315e-29
1.632500000000000062e+00,3.074692408952288817e-28,3.226219969297693378e-28,-2.158980994372760544e-28
1.637499999999999956e+00,4.901203834400154282e-28,4.175370990040738796e-28,3.397131450119289235e-29
1.642500000000000071e+00,3.580575001226299561e-28,5.911043167890178398e-28,1.530972526821669870e-28
1.647499999999999964e+00,1.041293875921451500e-27,1.423304501382247025e-27,-2.708465155042100836e-28
1.652500000000000080e+00,2.015908848746640530e-27,2.233484199000312779e-27,-3.135499283904752321e-29
1.657499999999999973e+00,2.475029962719847037e-27,2.864750678910874348e-27,4.851717064154389817e-28
1.662500000000000089e+00,3.410943772070193683e-27,4.897214957466762964e-27,8.407096498865766739e-28
1.667499999999999982e+00,7.238321328311981873e-27,9.838242592546037340e-27,-4.605758146445086258e-28
1.672500000000000098e+00,1.340133202036833922e-26,1.568484896947516364e-26,2.074174977110252294e-27
1.677499999999999991e+00,1.867849320130764355e-26,2.791854049355483355e-26,3.831805445997773305e-27
1.682500000000000107e+00,4.251561556424925664e-26,5.904181197435361399e-26,-2.581259792021904425e-27
1.687500000000000000e+00,8.214860391826734371e-26,1.038155089448521271e-25,7.961960453518795436e-28
1.692500000000000115e+00,1.312048326024508118e-25,1.655047544936017363e-25,8.923991639703567341e-27
1.697500000000000009e+00,2.093784264030205358e-25,2.718830542050683478e-25,2.054661620667271632e-26
1.702500000000000124e+00,3.550631260277155411e-25,4.631380912230472417e-25,2.163890385679449064e-26
1.707500000000000018e+00,6.054279308211561877e-25,7.754778512116123011e-25,5.626228970152354597e-26
1.712500000000000133e+00,9.985190840837117283e-25,1.326216037838858405e-24,8.861839100147741668e-26
1.717500000000000027e+00,1.769322415971548781e-24,2.310021592680062692e-24,9.627127452121976260e-26
1.722500000000000142e+00,3.021194932417581201e-24,3.911153151278021637e-24,2.130825277256804756e-25
1.727500000000000036e+00,5.078296329623715591e-24,6.582318667341261993e-24,3.271253788726117826e-25
1.732499999999999929e+00,8.552854586008393804e-24,1.099181164682080344e-23,5.876807021427258397e-25
1.737500000000000044e+00,1.416664935296228871e-23,1.824211788349216423e-23,1.077290053080327791e-24
1.742499999999999938e+00,2.357194071891555243e-23,3.047218723365972691e-23,1.740626141834172904e-24
1.747500000000000053e+00,3.952088566985459445e-23,5.093613821436058529e-23,2.618470199031035606e-24
1.752499999999999947e+00,6.582207150180067400e-23,8.429955177438923861e-23,4.582041575636485294e-24
1.757500000000000062e+00,1.082829721360077942e-22,1.388959113564112600e-22,7.813868933870878429e-24
1.762499999999999956e+00,1.787273692020150913e-22,2.287477133451100794e-22,1.244771509425072408e-23
1.767500000000000071e+00,2.936341658583122773e-22,3.752241938109032412e-22,2.110712673332623160e-23
1.772499999999999964e+00,4.810022907488603316e-22,6.145698662569187252e-22,3.374502425279287971e-23
1.777500000000000080e+00,7.875946839734798891e-22,1.003073309218030228e-21,5.466188651088387644e-23
1.782499999999999973e+00,1.281298624834952503e-21,1.629436245931788118e-21,9.112566524338527101e-23
1.787500000000000089e+00,2.078646082029006766e-21,2.641716289333654121e-21,1.467052026305881984e-22
1.792499999999999982e+00,3.367666785765009324e-21,4.270987427392544629e-21,2.359366503546015657e-22
1.797500000000000098e+00,5.433138392808461302e-21,6.880596106478531473e-21,3.837815010765243536e-22
1.802499999999999991e+00,8.740784347388569426e-21,1.105442734827765835e-20,6.124760636579363241e-22
1.807500000000000107e+00,1.402339722104276696e-20,1.770007742825493551e-20,9.856789696950796098e-22
1.812500000000000000e+00,2.240999802287213552e-20,2.825302258825152273e-20,1.581323331267067518e-21
1.817500000000000115e+00,3.573109948662262177e-20,4.497738715370242477e-20,2.507187249225065360e-21
1.822500000000000009e+00,5.679230060738671532e-20,7.137450479684003515e-20,3.994695871980914608e-21
1.827500000000000124e+00,8.998187211030314202e-20,1.129257273431240516e-19,6.318573892506650116e-21
1.832500000000000018e+00,1.421635710838242618e-19,1.781259956867865867e-19,9.982633279179313919e-21
1.837500000000000133e+00,2.238866332910880618e-19,2.801171663942533966e-19,1.572633119525112095e-20
1.842500000000000027e+00,3.515750058167575544e-19,4.392019436537759040e-19,2.467622968719624329e-20
1.847500000000000142e+00,5.504010820430352780e-19,6.865695105809059380e-19,3.865074759504301195e-20
1.852500000000000036e+00,8.591399773301810324e-19,1.070104888783994935e-18,6.026978015365646952e-20
1.857499999999999929e+00,1.337100996008815343e-18,1.662892953792376157e-18,9.380641136067693695e-20
1.862500000000000044e+00,2.074647036285966423e-18,2.576382515404996408e-18,1.455631679485892313e-19
1.867499999999999938e+00,3.209671517651810076e-18,3.980029446449137190e-18,2.250873290951895778e-19
1.872500000000000053e+00,4.951066990165860926e-18,6.130292803776904167e-18,3.471006497756456826e-19
1.877499999999999947e+00,7.614715938200340766e-18,9.414412097880177155e-18,5.337238144728371496e-19
1.882500000000000062e+00,1.167686581882691607e-17,1.441547781509196834e-17,8.183465204867252548e-19
1.887499999999999956e+00,1.785373703009163968e-17,2.200872778423936644e-17,1.250795964939246500e-18
1.892500000000000071e+00,2.721831224508429495e-17,3.350338132411832953e-17,1.906708444571902334e-18
1.897499999999999964e+00,4.137332568977571088e-17,5.085330594545569855e-17,2.897791379818379619e-18
1.902500000000000080e+00,6.270842087766271933e-17,7.696460005054299102e-17,4.390459228938192020e-18
1.907499999999999973e+00,9.476918267125262713e-17,1.161448939410422481e-16,6.634385248037648981e-18
1.912500000000000089e+00,1.428064595971306523e-16,1.747644152782769437e-16,9.995003827184296134e-18
1.917499999999999982e+00,2.145736336823180668e-16,2.622122336220288314e-16,1.501517623536047771e-17
1.922500000000000098e+00,3.214780390052960055e-16,3.922862976074228246e-16,2.249172891730034476e-17
1.927499999999999991e+00,4.802642744678596350e-16,5.852036421661151724e-16,3.359309680563977255e-17
1.932500000000000107e+00,7.154223564477803140e-16,8.704948979906177187e-16,5.003342963296030935e-17
1.937500000000000000e+00,1.062679555169904886e-15,1.291174470479098715e-15,7.430317824615067095e-17
1.942500000000000115e+00,1.573995159102341786e-15,1.909702341590649882e-15,1.100334940947248913e-16
1.947500000000000009e+00,2.324702450410515761e-15,2.816509258437633980e-15,1.624813552371297955e-16
1.952500000000000124e+00,3.423717556738977200e-15,4.142135484841860918e-15,2.392512530620668599e-16
1.957500000000000018e+00,5.028022099251200233e-15,6.074467206226621109e-15,3.512984738571362228e-16
1.962500000000000133e+00,7.363245770691938950e-15,8.883131944892005820e-15,5.143570592063450656e-16
1.967500000000000027e+00,1.075267603450862184e-14,1.295390294512220677e-14,7.509913982176183308e-16
1.972500000000000142e+00,1.565820350687583596e-14,1.883713147975474690e-14,1.093402186674128678e-15
1.977500000000000036e+00,2.273779687248602590e-14,2.731563291245682166e-14,1.587487376764440616e-15
1.982500000000000151e+00,3.292596559719491047e-14,3.949963459472294814e-14,2.298388447696094397e-15
1.987500000000000044e+00,4.754617500743873504e-14,5.695908766249314875e-14,3.318365732220802700e-15
1.992499999999999938e+00,6.846711050819643863e-14,8.190754006608675541e-14,4.777680612827816918e-15
1.997500000000000053e+00,9.831978159659481492e-14,1.174569104678565147e-13,6.859633990124366162e-15
2.002499999999999947e+00,1.407975096194881308e-13,1.679692625519585884e-13,9.821617124157093605e-15
2.007499999999999840e+00,2.010698726255301132e-13,2.395413382912447765e-13,1.402368285996832665e-14
2.012500000000000178e+00,2.863517824897996530e-13,3.406695018704217357e-13,1.996841813916934515e-14
2.017500000000000071e+00,4.066831580898932768e-13,4.831599501466128204e-13,2.835504036045898934e-14
2.022499999999999964e+00,5.759951969482407478e-13,6.833706509594922681e-13,4.015342046625801217e-14
2.027499999999999858e+00,8.135618947010936229e-13,9.639002633443798629e-13,5.670555626628339767e-14
2.032500000000000195e+00,1.145972105944528841e-12,1.355879164421587410e-12,7.986220528665341119e-14
2.037500000000000089e+00,1.609800335258008799e-12,1.902066643351708570e-12,1.121687438875677215e-13
2.042499999999999982e+00,2.255210949670157069e-12,2.661025249169425954e-12,1.571161128920050711e-13
2.047499999999999876e+00,3.150809839180132150e-12,3.712730929218752595e-12,2.194776113209048267e-13
2.052500000000000213e+00,4.390154303392685207e-12,5.166088577047048901e-12,3.057615982060884138e-13
2.057500000000000107e+00,6.100460141033448719e-12,7.168969915237518539e-12,4.248169083298135080e-13
2.062500000000000000e+00,8.454214577073940105e-12,9.921580286853457763e-12,5.886393377951356851e-13
2.067499999999999893e+00,1.168461608797595652e-11,1.369420303650476610e-11,8.134447841199996149e-13
2.072500000000000231e+00,1.610603958272006258e-11,1.885068408532216365e-11,1.121090671051473953e-12
2.077500000000000124e+00,2.214108148349104013e-11,2.587941847214461769e-11,1.540954655660730420e-12
2.082500000000000018e+00,3.035618843679030774e-11,3.543411125296665163e-11,2.112409971834982681e-12
2.087499999999999911e+00,4.150845613573862068e-11,4.838723404258726448e-11,2.888072964324874659e-12
2.092500000000000249e+00,5.660690862738032246e-11,6.589991262001369423e-11,3.938060266253705264e-12
2.097500000000000142e+00,7.699248921496495055e-11,8.951302246313834352e-11,5.355542458414733301e-12
2.102500000000000036e+00,1.044421749121369904e-10,1.212655656643611763e-10,7.263966855226247466e-12
2.107499999999999929e+00,1.413040531067714132e-10,1.638480194409290216e-10,9.826439007392971264e-12
2.112499999999999822e+00,1.906720422090281807e-10,2.208003917022043258e-10,1.325784358476512363e-11
2.117500000000000160e+00,2.566112096220482214e-10,2.967672263706219323e-10,1.784047938705915553e-11
2.122500000000000053e+00,3.444474209940264775e-10,3.978249218432502694e-10,2.394415907415974394e-11
2.127499999999999947e+00,4.611385701044673393e-10,5.319005884711699836e-10,3.205195899423042341e-11
2.132499999999999840e+00,6.157488930648744512e-10,7.093063821214756054e-10,4.279311695857438578e-11
2.137500000000000178e+00,8.200531097407699454e-10,9.434190403122862196e-10,5.698494392504925276e-11
2.142500000000000071e+00,1.089303557107753568e-09,1.251541430322121877e-09,7.568601411206429562e-11
2.147499999999999964e+00,1.443201313616387093e-09,1.655991447812177625e-09,1.002634972590426794e-10
2.152499999999999858e+00,1.907121631709713204e-09,2.185473977864263756e-09,1.324781517918391301e-10
2.157500000000000195e+00,2.513655599578303765e-09,2.876804169049813492e-09,1.745911555153156235e-10
2.162500000000000089e+00,3.304543510272479878e-09,3.777065138569662372e-09,2.294981600625944695e-10
2.167499999999999982e+00,4.333091824017079205e-09,4.946301212022810614e-09,3.008967971050441267e-10
2.172499999999999876e+00,5.667185363221975771e-09,6.460869058146386882e-09,3.934954259023984983e-10
2.177500000000000213e+00,7.393029334918269689e-09,8.417594220835967613e-09,5.132724408137268705e-10
2.182500000000000107e+00,9.619783426158446908e-09,1.093891033056656603e-08,6.677973831381831630e-10
2.187500000000000000e+00,1.248528238572466554e-08,1.417919315742099327e-08,8.666272353001908983e-10
2.192499999999999893e+00,1.616307546164527591e-08,1.833254232241645312e-08,1.121794090247513668e-09
2.197500000000000231e+00,2.087106075725552947e-08,2.364231092992536868e-08,1.448403260526807683e-09
2.202500000000000124e+00,2.688204229951894222e-08,3.041273820963485586e-08,1.865364380666653319e-09
2.207500000000000018e+00,3.453659581872830910e-08,3.902310315321880499e-08,2.396282528938264695e-09
2.212499999999999911e+00,4.425869757656770935e-08,4.994488965213446706e-08,3.070540410060935907e-09
2.217500000000000249e+00,5.657464764845178892e-08,6.376253571850152809e-08,3.924608633826769179e-09
2.222500000000000142e+00,7.213590687371384455e-08,8.119843247893634610e-08,5.003626811676179432e-09
2.227500000000000036e+00,9.174656568597981449e-08,1.031429437030011000e-07,6.363305259493785317e-09
2.232499999999999929e+00,1.163962749962405208e-07,1.306903338619136531e-07,8.072204318043414806e-09
2.237500000000000266e+00,1.472995922596703423e-07,1.651816228930511703e-07,1.021445807087193004e-08
2.242500000000000160e+00,1.859428344307969000e-07,2.082555303691747287e-07,1.289301664141553736e-08
2.247500000000000053e+00,2.341396802987063622e-07,2.619088287103446773e-07,1.623349437660090271e-08
2.252499999999999947e+00,2.940969288428649031e-07,3.285675969606417158e-07,2.038872002253927364e-08
2.257499999999999840e+00,3.684920005898843739e-07,4.111710512089165962e-07,2.554409927645318934e-08
2.262500000000000178e+00,4.605639582091640930e-07,5.132698244589957586e-07,3.192391207625626554e-08
2.267500000000000071e+00,5.742200277476222569e-07,6.391407770515411646e-07,3.979868194365795157e-08
2.272499999999999964e+00,7.141598135875860082e-07,7.939206355925853404e-07,4.949376835558613709e-08
2.277499999999999858e+00,8.860196229007896757e-07,9.837609813477136168e-07,6.139934970264646847e-08
2.282500000000000195e+00,1.096539538690231124e-06,1.216007335041949428e-06,7.598197876803625707e-08
2.287500000000000089e+00,1.353756109648756710e-06,1.499405309479324385e-06,9.379790877322375455e-08
2.292499999999999982e+00,1.667223744142967990e-06,1.844337017526788625e-06,1.155084033317630694e-07
2.297499999999999876e+00,2.048268108858595241e-06,2.263091126560858398e-06,1.418972588819096872e-07
2.302500000000000213e+00,2.510275025500414209e-06,2.770170133112243448e-06,1.738907793892986430e-07
2.307500000000000107e+00,3.069018530353239688e-06,3.382638582116345062e-06,2.125804575761785768e-07
2.312500000000000000e+00,3.743031889365357441e-06,4.120516066969586145e-06,2.592486242756310658e-07
2.317499999999999893e+00,4.554025456147929173e-06,5.007218907487420211e-06,3.153973335296978691e-07
2.322500000000000231e+00,5.527355283338473842e-06,6.070054398552226181e-06,3.827807545299442304e-07
2.327500000000000124e+00,6.692546364611262097e-06,7.340771442498841887e-06,4.634413360079738111e-07
2.332500000000000018e+00,8.083874252856210546e-06,8.856171205064478327e-06,5.597500036722034714e-07
2.337499999999999911e+00,9.741008582883620956e-06,1.065878115667990759e-05,6.744506315828881780e-07
2.342500000000000249e+00,1.170972168127079312e-05,1.279759546033991869e-05,8.107090102329347952e-07
2.347500000000000142e+00,1.404266498740049282e-05,1.532888413002293651e-05,9.721664922310631594e-07
2.352500000000000036e+00,1.680021538447013505e-05,1.831707268786872891e-05,1.162998470876576272e-06
2.357499999999999929e+00,2.005139277007859176e-05,2.183569319685340040e-05,1.387977769424924691e-06
2.362500000000000266e+00,2.387484925186327621e-05,2.596840649757627421e-05,1.652542978662508622e-06
2.367500000000000160e+00,2.835992919481349718e-05,3.081009425003002658e-05,1.962871681700475875e-06
2.372500000000000053e+00,3.360779804446275317e-05,3.646801794404566053e-05,2.325958421053231462e-06
2.377499999999999947e+00,3.973263626427063884e-05,4.306304039599768128e-05,2.749697165134940711e-06
2.382499999999999840e+00,4.686289301980349042e-05,5.073090340627308575e-05,3.242967881999627174e-06
2.387500000000000178e+00,5.514259224261457067e-05,5.962355317864097748e-05,3.815726735655206928e-06
2.392500000000000071e+00,6.473268156241788888e-05,6.991050285197221968e-05,4.479099221092980983e-06
2.397499999999999964e+00,7.581241222203906761e-05,8.178021904227568417e-05,5.245475446071583689e-06
2.402499999999999858e+00,8.858073556068294220e-05,9.544151669509931394e-05,6.128606527382115759e-06
2.407500000000000195e+00,1.032576989695734683e-04,1.111249437845593629e-04,7.143700956747757692e-06
2.412500000000000089e+00,1.200858213791371909e-04,1.290841345622304305e-04,8.307519532253752220e-06
2.417499999999999982e+00,1.393314255113687597e-04,1.495971071570698769e-04,9.638467293707245369e-06
2.422499999999999876e+00,1.612859011458408348e-04,1.729674784110867328e-04,1.115668068217304403e-05
2.427500000000000213e+00,1.862668708070671156e-04,1.995255660006948106e-04,1.288410794794912006e-05
2.432500000000000107e+00,2.146192264480522444e-04,2.296293451630958520e-04,1.484458063598126341e-05
2.437500000000000000e+00,2.467160030842189839e-04,2.636652248366553740e-04,1.706387380309925633e-05
2.442499999999999893e+00,2.829590529378898565e-04,3.020486057880476197e-04,1.956975243725717653e-05
2.447500000000000231e+00,3.237794815812764350e-04,3.452241814391010348e-04,2.239200144773917763e-05
2.452500000000000124e+00,3.696378059370327394e-04,3.936659407279293312e-04,2.556243641413870715e-05
2.457500000000000018e+00,4.210237928723749843e-04,4.478768314869570788e-04,2.911489229296552111e-05
2.462499999999999911e+00,4.784559365676751652e-04,5.083880426677205109e-04,3.308518715849238432e-05
2.467500000000000249e+00,5.424805331057187732e-04,5.757578643047311755e-04,3.751105812134742317e-05
2.472500000000000142e+00,6.136703116040695578e-04,6.505700855007067211e-04,4.243206664379272128e-05
2.477500000000000036e+00,6.926225831538848242e-04,7.334318930759509657e-04,4.788947052556151511e-05
2.482499999999999929e+00,7.799568716172918491e-04,8.249712367738782541e-04,5.392606013338040373e-05
2.487500000000000266e+00,8.763119940830557328e-04,9.258336312769449268e-04,6.058595663101907998e-05
2.492500000000000160e+00,9.823425637864320169e-04,1.036678370691184858e-03,6.791437032396329483e-05
2.497500000000000053e+00,1.098714894115165788e-03,1.158174137642018538e-03,7.595731767795575046e-05
2.502499999999999947e+00,1.226102289526674735e-03,1.290993996708123632e-03,8.476129598497044403e-05
2.507499999999999840e+00,1.365179717166697341e-03,1.435809770519414896e-03,9.437291532997468151e-05
2.512500000000000178e+00,1.516617862272324558e-03,1.593285806527514536e-03,1.048384879755231633e-04
2.517500000000000071e+00,1.681076580505965010e-03,1.764072152900715952e-03,1.162035761512326786e-04
2.522499999999999964e+00,1.859197771233843865e-03,1.948797173349319433e-03,1.285124999048436816e-04
2.527499999999999858e+00,2.051597707625659513e-03,2.148059642668319509e-03,1.418078074102305589e-04
2.532500000000000195e+00,2.258858871540730083e-03,2.362420377114646860e-03,1.561297111910135195e-04
2.537500000000000089e+00,2.481521353788581751e-03,2.592393466493981592e-03,1.715154942817448608e-04
2.542499999999999982e+00,2.720073893216422636e-03,2.838437187485096536e-03,1.879988915595764759e-04
2.547499999999999876e+00,2.974944640550649180e-03,3.100944690232461474e-03,2.056094520154400410e-04
2.552500000000000213e+00,3.246491745423305767e-03,3.380234562173288580e-03,2.243718889244293016e-04
2.557500000000000107e+00,3.534993876398714180e-03,3.676541384328043099e-03,2.443054253705497099e-04
2.562500000000000000e+00,3.840640794934982189e-03,3.990006405356330034e-03,2.654231435316229846e-04
2.567499999999999893e+00,4.163524113214410113e-03,4.320668467450217154e-03,2.877313466996074998e-04
2.572500000000000231e+00,4.503628374333028955e-03,4.668455325276207185e-03,3.112289435528867382e-04
2.577500000000000124e+00,4.860822598988718754e-03,5.033175504280744741e-03,3.359068646816367495e-04
2.582500000000000018e+00,5.234852447387377053e-03,5.414510847745074643e-03,3.617475215957545887e-04
2.587499999999999911e+00,5.625333146577347204e-03,5.812009902512082354e-03,3.887243185816942966e-04
2.592500000000000249e+00,6.031743332997063084e-03,6.225082291339911235e-03,4.168012277846142597e-04
2.597500000000000142e+00,6.453419956464759993e-03,6.652994215063587347e-03,4.459324375381438577e-04
2.602500000000000036e+00,6.889554385807318375e-03,7.094865220202784505e-03,4.760620836991159670e-04
2.607499999999999929e+00,7.339189847247860714e-03,7.549666357207708740e-03,5.071240729649877490e-04
2.612500000000000266e+00,7.801220314801441194e-03,8.016219841264108498e-03,5.390420064504802258e-04
2.617500000000000160e+00,8.274390957235446681e-03,8.493200311493835294e-03,5.717292106961424864e-04
2.622500000000000053e+00,8.757300228623985175e-03,8.979137765745305588e-03,6.050888821690877158e-04
2.627499999999999947e+00,9.248403669755671588e-03,9.472422227157363539e-03,6.390143498408578119e-04
2.632499999999999840e+00,9.746019465349378685e-03,9.971310175424808950e-03,6.733894589699629873e-04
2.637500000000000178e+00,1.024833577781097439e-02,1.047393275081151195e-02,7.080890775358084652e-04
2.642500000000000071e+00,1.075341985269992993e-02,1.097830571255959189e-02,7.429797249312597180e-04
2.647499999999999964e+00,1.125922886379985763e-02,1.148234110610850921e-02,7.779203207809790152e-04
2.652499999999999858e+00,1.176362243850979754e-02,1.198386056581066637e-02,8.127630497427182832e-04
2.657500000000000195e+00,1.226437677594278616e-02,1.248061015210284036e-02,8.473543361732801095e-04
2.662500000000000089e+00,1.275920024299604001e-02,1.297027659503126665e-02,8.815359209685609846e-04
2.667499999999999982e+00,1.324575030667353090e-02,1.345050479012143384e-02,9.151460304661582787e-04
2.672499999999999876e+00,1.372165163604101290e-02,1.391891636823736587e-02,9.480206262688070434e-04
2.677500000000000213e+00,1.418451518347783012e-02,1.437312913908913269e-02,9.799947224875555501e-04
2.682500000000000107e+00,1.463195803454659348e-02,1.481077718854725486e-02,1.010903756263047690e-03
2.687500000000000000e+00,1.506162379723142292e-02,1.522953139379669592e-02,1.040584995281710994e-03
2.692499999999999893e+00,1.547120328751524360e-02,1.562712010760390624e-02,1.068878966055612995e-03
2.697500000000000231e+00,1.585845525664726641e-02,1.600134975413972441e-02,1.095630884792126499e-03
2.702500000000000124e+00,1.622122689927135708e-02,1.635012507410262342e-02,1.120692073393424757e-03
2.707500000000000018e+00,1.655747387851597835e-02,1.667146875646310922e-02,1.143921342016143705e-03
2.712499999999999911e+00,1.686527960625562247e-02,1.696354019828420767e-02,1.165186320315347726e-03
2.717500000000000249e+00,1.714287352298712527e-02,1.722465314232136599e-02,1.184364719480888312e-03
2.722500000000000142e+00,1.738864813196674269e-02,1.745329195482778900e-02,1.201345508664297245e-03
2.727500000000000036e+00,1.760117455761222097e-02,1.764812632305249804e-02,1.216029989073018564e-03
2.732499999999999929e+00,1.777921641674783462e-02,1.780802417239967655e-02,1.228332752169773896e-03
2.737500000000000266e+00,1.792174181392347868e-02,1.793206262743072057e-02,1.238182507824148182e-03
2.742500000000000160e+00,1.802793329751954318e-02,1.801953686832055354e-02,1.245522772302919958e-03
2.747500000000000053e+00,1.809719564305122680e-02,1.806996676420440096e-02,1.250312405743449857e-03
2.752499999999999947e+00,1.812916135972608700e-02,1.808310119656025491e-02,1.252525992950336529e-03
2.757499999999999840e+00,1.812369385039327638e-02,1.805892001940302347e-02,1.252154061784945113e-03
2.762500000000000178e+00,1.808088818795231326e-02,1.799763363705371086e-02,1.249203137419360125e-03
2.767500000000000071e+00,1.800106950658634727e-02,1.789968021459496794e-02,1.243695631531272112e-03
2.772499999999999964e+00,1.788478903938774817e-02,1.776572057011104738e-02,1.235669569393415450e-03
2.777499999999999858e+00,1.773281786894639195e-02,1.759663083060039601e-02,1.225178158784227681e-03
2.782500000000000195e+00,1.754613848789758623e-02,1.739349296457943020e-02,1.212289207812679032e-03
2.787500000000000089e+00,1.732593429841779512e-02,1.715758333348650980e-02,1.197084400397588084e-03
2.792499999999999982e+00,1.707357720583203495e-02,1.689035943001801141e-02,1.179658440177760005e-03
2.797499999999999876e+00,1.679061348741595766e-02,1.659344499484105215e-02,1.160118075204109129e-03
2.802500000000000213e+00,1.647874813821425741e-02,1.626861372254777630e-02,1.138581017562271137e-03
2.807500000000000107e+00,1.613982791388451563e-02,1.591777178351521174e-02,1.115174772867427635e-03
2.812500000000000000e+00,1.577582330398165714e-02,1.554293940011932003e-02,1.090035395948594056e-03
2.817499999999999893e+00,1.538880967936104294e-02,1.514623172327577566e-02,1.063306189405315407e-03
2.822500000000000231e+00,1.498094786218483361e-02,1.472983925889748309e-02,1.035136362138278652e-03
2.827500000000000124e+00,1.455446436947810396e-02,1.429600809301724909e-02,1.005679665535629420e-03
2.832500000000000018e+00,1.411163157718124846e-02,1.384702015983753538e-02,9.750930237202320603e-04
2.837499999999999911e+00,1.365474804652917588e-02,1.338517378850923555e-02,9.435351752336028136e-04
2.842500000000000249e+00,1.318611924306172314e-02,1.291276475259422150e-02,9.111653415795365960e-04
2.847500000000000142e+00,1.270803886622724928e-02,1.243206803106447315e-02,8.781419379353187478e-04
2.852500000000000036e+00,1.222277098986317145e-02,1.194532047196093273e-02,8.446213396847122596e-04
2.857499999999999929e+00,1.173253319596926324e-02,1.145470452963094111e-02,8.107567175968078636e-04
2.862500000000000266e+00,1.123948086177836529e-02,1.096233322447269509e-02,7.766969523464757738e-04
2.867500000000000160e+00,1.074569273843244133e-02,1.047023645066938805e-02,7.425856384577565316e-04
2.872500000000000053e+00,1.025315793455695325e-02,9.980348733010775339e-03,7.085601848793829675e-04
2.877499999999999947e+00,9.763764394060498938e-03,9.494498509141215820e-03,6.747510189376544143e-04
2.882499999999999840e+00,9.279288932120944786e-03,9.014398988708488200e-03,6.412808976630360661e-04
2.887500000000000178e+00,8.801388868777132099e-03,8.541640616576478759e-03,6.082643295289898860e-04
2.892500000000000071e+00,8.331595275543685758e-03,8.077685143734527132e-03,5.758071074261886160e-04
2.897499999999999964e+00,7.871307827298711438e-03,7.623861287325796841e-03,5.440059526065987123e-04
2.902499999999999858e+00,7.421791230454870963e-03,7.181361940399560995e-03,5.129482672980395465e-04
2.907500000000000195e+00,6.984173177930592773e-03,6.751242873193064910e-03,4.827119929207498322e-04
2.912500000000000089e+00,6.559443764325990391e-03,6.334422850836004225e-03,4.533655690161785294e-04
2.917499999999999982e+00,6.148456277909230411e-03,5.931685077723867182e-03,4.249679873510407691e-04
2.922499999999999876e+00,5.751929273471415027e-03,5.543679866520428469e-03,3.975689344480194502e-04
2.927500000000000213e+00,5.370449818041492414e-03,5.170928419867450686e-03,3.712090151458577155e-04
2.932500000000000107e+00,5.004477793653374154e-03,4.813827605289027790e-03,3.459200492726188032e-04
2.937500000000000000e+00,4.654351133992620099e-03,4.472655598652662025e-03,3.217254326870596574e-04
2.942499999999999893e+00,4.320291868685763488e-03,4.147578268805426557e-03,2.986405543505620095e-04
2.947500000000000231e+00,4.002412846664906917e-03,3.838656175135511748e-03,2.766732601680059662e-04
2.952500000000000124e+00,3.700725010449695991e-03,3.545852051295019826e-03,2.558243550495364655e-04
2.957500000000000018e+00,3.415145095791333706e-03,3.269038651477795040e-03,2.360881343207986449e-04
2.962499999999999911e+00,3.145503634753678019e-03,3.008006840445194476e-03,2.174529362148742929e-04
2.967500000000000249e+00,2.891553146256595208e-03,2.762473814801053116e-03,1.999017073137206646e-04
2.972500000000000142e+00,2.652976404732380888e-03,2.532091350460118160e-03,1.834125734789917369e-04
2.977500000000000036e+00,2.429394685790763238e-03,2.316453979725793116e-03,1.679594092290723911e-04
2.982499999999999929e+00,2.220375896467499319e-03,2.115107010584277997e-03,1.535123991913540345e-04
2.987500000000000266e+00,2.025442507317397854e-03,1.927554310579881634e-03,1.400385859372963121e-04
2.992500000000000160e+00,1.844079213452141366e-03,1.753265787631118474e-03,1.275023991545554776e-04
2.997500000000000053e+00,1.675740261766218509e-03,1.591684510327755642e-03,1.158661617528419064e-04
3.002499999999999947e+00,1.519856391808742770e-03,1.442233420364446173e-03,1.050905693855718658e-04
3.007500000000000284e+00,1.375841347814032610e-03,1.304321599599184318e-03,9.513514034743583811e-05
3.012500000000000178e+00,1.243097929007056044e-03,1.177350063686349998e-03,8.595863364107798139e-05
3.017500000000000071e+00,1.121023554654947260e-03,1.060717063227554569e-03,7.751943351978574450e-05
3.022499999999999964e+00,1.009015328980736792e-03,9.538228817750830750e-04,6.977589953515253053e-05
3.027499999999999858e+00,9.064745992289336123e-04,8.560741276630643272e-04,6.268668158884860969e-05
3.032500000000000195e+00,8.128110073127579101e-04,7.668875236139476156e-04,5.621099999755812025e-05
3.037500000000000089e+00,7.274460422851335931e-04,6.856932042282763489e-04,5.030889112258469939e-05
3.042499999999999982e+00,6.498161064508761091e-04,6.119375368018551429e-04,4.494141937604132219e-05
3.047499999999999876e+00,5.793751130284059995e-04,5.450854854759120240e-04,4.007085690039416197e-05
3.052500000000000213e+00,5.155966373629797782e-04,4.846225424758512229e-04,3.566083238429236670e-05
3.057500000000000107e+00,4.579756471062143217e-04,4.300562531768060211e-04,3.167645081329432792e-05
3.062500000000000000e+00,4.060298393758783445e-04,3.809173639835130741e-04,2.808438604581740806e-05
3.067499999999999893e+00,3.593006148217233234e-04,3.367606235767914074e-04,2.485294831998803274e-05
3.072500000000000231e+00,3.173537197775242943e-04,2.971652690069731691e-04,2.195212880217173375e-05
3.077500000000000124e+00,2.797795882940272275e-04,2.617352284757006801e-04,1.935362340935412349e-05
3.082500000000000018e+00,2.461934159825511048e-04,2.300990724903127099e-04,1.703083807989436708e-05
3.087499999999999911e+00,2.162349971632824912e-04,2.019097444730823102e-04,1.495887769123879607e-05
3.092500000000000249e+00,1.895683560603912254e-04,1.768441009167435519e-04,1.311452072759860568e-05
3.097500000000000142e+00,1.658812015700986315e-04,1.546022898870124469e-04,1.147618174358825747e-05
3.102500000000000036e+00,1.448842337663168954e-04,1.349069951077449159e-04,1.002386358785776826e-05
3.107499999999999929e+00,1.263103285602882177e-04,1.175025710916028282e-04,8.739101173120376745e-06
3.112500000000000266e+00,1.099136251223091037e-04,1.021540928946647911e-04,7.604898531098056441e-06
3.117500000000000160e+00,9.546853872869201561e-05,8.864634206540402870e-05,6.605660694168579099e-06
3.122500000000000053e+00,8.276871962227178351e-05,7.678274831114270357e-05,5.727121837318586979e-06
3.127499999999999947e+00,7.162597645350719572e-05,6.638430435179270347e-05,4.956270962840908686e-06
3.132500000000000284e+00,6.186918078534004025e-05,5.728846939467675749e-05,4.281276261668765713e-06
3.137500000000000178e+00,5.334316714915275523e-05,4.934807469524100926e-05,3.691409158768666208e-06
3.142500000000000071e+00,4.590764119530577330e-05,4.243024276944117919e-05,3.176968910065127426e-06
3.147499999999999964e+00,3.943610662170891857e-05,3.641533002407697814e-05,2.729208485632108741e-06
3.152499999999999858e+00,3.381481981759339444e-05,3.119590089209862770e-05,2.340262361335645284e-06
3.157500000000000195e+00,2.894177954129864840e-05,2.667574000115190602e-05,2.003076722735489701e-06
3.162500000000000089e+00,2.472575744504861565e-05,2.276890748043800989e-05,1.711342486324988107e-06
3.167499999999999982e+00,2.108537391086672834e-05,1.939884121721229229e-05,1.459431447341390695e-06
3.172499999999999876e+00,1.794822241805562398e-05,1.649750872369629454e-05,1.242335771270364874e-06
3.177500000000000213e+00,1.525004459392391726e-05,1.400461025836544080e-05,1.055610990688505601e-06
3.182500000000000107e+00,1.293395713288371042e-05,1.186683395232880544e-05,8.953225755656721831e-07
3.187500000000000000e+00,1.094973093782671205e-05,1.003716293495579602e-05,7.579961137127185818e-07
3.192499999999999893e+00,9.253122151270299188e-06,8.474233802520857197e-06,6.405710743197505465e-07
3.197500000000000231e+00,7.805254125076827552e-06,7.141745239695412406e-06,5.403580860260806156e-07
3.202500000000000124e+00,6.572048918310003606e-06,6.007915171511166364e-06,4.549996414985586753e-07
3.207500000000000018e+00,5.523706508133071040e-06,5.044984477036792037e-06,3.824340928737383457e-07
3.212499999999999911e+00,4.634229601309165062e-06,4.228765040151903806e-06,3.208628011641189585e-07
3.217500000000000249e+00,3.880991717997950615e-06,3.538229724275251506e-06,2.687202740737743212e-07
3.222500000000000142e+00,3.244346054399349343e-06,2.955141736617733586e-06,2.246471217511019681e-07
3.227500000000000036e+00,2.707272549086090897e-06,2.463720781434112977e-06,1.874656536183098626e-07
3.232499999999999929e+00,2.255060526587090368e-06,2.050343382512194167e-06,1.561579323682757700e-07
3.237500000000000266e+00,1.875024300324377089e-06,1.703274777607933912e-06,1.298461076133357112e-07
3.242500000000000160e+00,1.556249153247176629e-06,1.412429840166625837e-06,1.077748484574875523e-07
3.247500000000000053e+00,1.289365181125630338e-06,1.169160564289002827e-06,8.929570238587786182e-08
3.252499999999999947e+00,1.066346577121660970e-06,9.660677501411682697e-07,7.385321283266229981e-08
3.257500000000000284e+00,8.803340443427171546e-07,7.968346427292355720e-07,6.097263611961656597e-08
3.262500000000000178e+00,7.254781458391147803e-07,6.560804038988219333e-07,5.024910547877599574e-08
3.267500000000000071e+00,5.968015321545949436e-07,5.392314321194927891e-07,4.133810074769387091e-08
3.272499999999999964e+00,4.900781251401045761e-07,4.424086816308716566e-07,3.394709066795096026e-08
3.277499999999999858e+00,4.017274725145102316e-07,3.623292712932026700e-07,2.782822381234288600e-08
3.282500000000000195e+00,3.287226289251186370e-07,2.962208107521650603e-07,2.277195569619887791e-08
3.287500000000000089e+00,2.685100535290683666e-07,2.417470047972909792e-07,1.860150625081407047e-08
3.292499999999999982e+00,2.189401461532102084e-07,1.969432263895560024e-07,1.516805359087680113e-08
3.297499999999999876e+00,1.782071719416888663e-07,1.601608714603223142e-07,1.234657716088316703e-08
3.302500000000000213e+00,1.447974424001455754e-07,1.300194249126707982e-07,1.003227178645738153e-08
3.307500000000000107e+00,1.174447355556460517e-07,1.053652767551212957e-07,8.137462656478825723e-09
3.312500000000000000e+00,9.509204300500466695e-08,8.523642877796420040e-08,6.588958009988236653e-09
3.317499999999999893e+00,7.685882990329379077e-08,6.883232593212037630e-08,5.325783289627499644e-09
3.322500000000000231e+00,6.201308381705492674e-08,5.548813307353052616e-08,4.297246430892225797e-09
3.327500000000000124e+00,4.994751185106836900e-08,4.465285660879356535e-08,3.461290489323872967e-09
3.332500000000000018e+00,4.015932047141719785e-08,3.587078195376832703e-08,2.783093875361404460e-09
3.337499999999999911e+00,3.223308049784301971e-08,2.876576276650972823e-08,2.233884245560248531e-09
3.342500000000000249e+00,2.582624227980277591e-08,2.302795584373492689e-08,1.789935881749871607e-09
3.347500000000000142e+00,2.065692000492823481e-08,1.840264764213541862e-08,1.431723868387913254e-09
3.352500000000000036e+00,1.649361441079403681e-08,1.468086501175506622e-08,1.143212658135114573e-09
3.357499999999999929e+00,1.314658675015402598e-08,1.169150370927303582e-08,9.112587874076928897e-10
3.362500000000000266e+00,1.046063546189748658e-08,9.294744725658349696e-09,7.251107697085252392e-10
3.367500000000000160e+00,8.309061668394537187e-09,7.376560417165605062e-09,5.759912504299975151e-10
3.372500000000000053e+00,6.588639210237582923e-09,5.844140570449686710e-09,4.567486552396753808e-10
3.377499999999999947e+00,5.215431782612385804e-09,4.622093047308311119e-09,3.615676015019555067e-10
3.382500000000000284e+00,4.121322292066337348e-09,3.649294898087398188e-09,2.857284917327259374e-10
3.387500000000000178e+00,3.251139579641225913e-09,2.876288483628671002e-09,2.254085290271708903e-10
3.392500000000000071e+00,2.560285168356774949e-09,2.263133066955522927e-09,1.775173743148534215e-10
3.397499999999999964e+00,2.012777233029318228e-09,1.777636092189370716e-09,1.395616406980331077e-10
3.402499999999999858e+00,1.579642036701392030e-09,1.393900271082463519e-09,1.095334841742120082e-10
3.407500000000000195e+00,1.237594027290793890e-09,1.091132694871670833e-09,8.581917117104593249e-11
3.412500000000000089e+00,9.679551303110195524e-10,8.526708317257156747e-10,6.712422107191311496e-11
3.417499999999999982e+00,7.557718177445632348e-10,6.651876225034612984e-10,5.241223630677177701e-11
3.422499999999999876e+00,5.890952866900373687e-10,5.180441420601140346e-10,4.085502875164348785e-11
3.427500000000000213e+00,4.583959040215217426e-10,4.027635580159172419e-10,3.179206287874941926e-11
3.432500000000000107e+00,3.560878653053231273e-10,3.126045534666435218e-10,2.469751167634016992e-11
3.437500000000000000e+00,2.761441304571537557e-10,2.422161471091789457e-10,1.915357691500104308e-11
3.442499999999999893e+00,2.137851756302826294e-10,1.873589635073922668e-10,1.482892767328866123e-11
3.447500000000000231e+00,1.652279125452159811e-10,1.446806254452196803e-10,1.146129504745735950e-11
3.452500000000000124e+00,1.274835730774031382e-10,1.115351411857380846e-10,8.843468625311876267e-12
3.457500000000000018e+00,9.819535454225752749e-11,8.583796766607562742e-11,6.812044888347727767e-12
3.462499999999999911e+00,7.550826292309291336e-11,6.594994119311321156e-11,5.238406304467353260e-12
3.467500000000000249e+00,5.796498918858312123e-11,5.058451601596816347e-11,4.021505569299078657e-12
3.472500000000000142e+00,4.442277663912359473e-11,3.873378128754982684e-11,3.082100970239604778e-12
3.477500000000000036e+00,3.398718570628014690e-11,2.960957735397259146e-11,2.358167033528867583e-12
3.482499999999999929e+00,2.595943160647983716e-11,2.259672221300878144e-11,1.801244927438430423e-12
3.487500000000000266e+00,1.979459126263154827e-11,1.721593118323478737e-11,1.373543439320410248e-12
3.492500000000000160e+00,1.506850553911981334e-11,1.309448200081335694e-11,1.045645138576942621e-12
3.497500000000000053e+00,1.145162220483440306e-11,9.943053076482996589e-12,7.946931453434265460e-13
3.502499999999999947e+00,8.688362216054489213e-12,7.537472072510927282e-12,6.029601175577038194e-13
3.507500000000000284e+00,6.580877353570127488e-12,5.704362322835289208e-12,4.567229083712910071e-13
3.512500000000000178e+00,4.976288656625388764e-12,4.309876298093620605e-12,3.453766601707231406e-13
3.517500000000000071e+00,3.756678929259942076e-12,3.250870745878762722e-12,2.607412349207889682e-13
3.522499999999999964e+00,2.831263144464054164e-12,2.448007188762546387e-12,1.965189012428675479e-13
3.527499999999999858e+00,2.130271390199768848e-12,1.840367835635166673e-12,1.478690615809456617e-13
3.532500000000000195e+00,1.600180636840657401e-12,1.381263159596951601e-12,1.110783781595512393e-13
3.537500000000000089e+00,1.200005973041606230e-12,1.034972886159450654e-12,8.330336986241853848e-14
3.542499999999999982e+00,8.984191335173279347e-13,7.742177303489311256e-13,6.237010173723364862e-14
3.547499999999999876e+00,6.715163347149782541e-13,5.782021831777658716e-13,4.662001005433141199e-14
3.552500000000000213e+00,5.010915931208474051e-13,4.311016561752486490e-13,3.478976748591628023e-14
3.557500000000000107e+00,3.733029419107691765e-13,3.208956631686406703e-13,2.591874320138400025e-14
3.562500000000000000e+00,2.776453015855296870e-13,2.384696355594706190e-13,1.927796957064863500e-14
3.567499999999999893e+00,2.061601866401501297e-13,1.769246203204086109e-13,1.431509889696436348e-14
3.572500000000000231e+00,1.528289426073623804e-13,1.310479492165414011e-13,1.061239338002307403e-14
3.577500000000000124e+00,1.131080775159458380e-13,9.690804452633026719e-14,7.854519178322955702e-15
3.582500000000000018e+00,8.357371792573527467e-14,7.154478089842924342e-14,5.803820817544342620e-15
3.587499999999999911e+00,6.165024289651500024e-14,5.273336146019693477e-14,4.281517415430889113e-15
3.592500000000000249e+00,4.540353242353003814e-14,3.880459422274478053e-14,3.153336469676632824e-15
3.597500000000000142e+00,3.338374753628969314e-14,2.850834338174842646e-14,2.318645499362662650e-15
3.602500000000000036e+00,2.450598928218227383e-14,2.090993782168308318e-14,1.702125730539197168e-15
3.607499999999999929e+00,1.795980266869776971e-14,1.531179395260639677e-14,1.247490283069041098e-15
3.612500000000000266e+00,1.314086075482130897e-14,1.119420064042968803e-14,9.128047153083573472e-16
3.617500000000000160e+00,9.599320986656399418e-15,8.170612469137882320e-15,6.668302019040034510e-16
3.622500000000000053e+00,7.000867116790813879e-15,5.954032654818495483e-15,4.863433924813823017e-16
3.627499999999999947e+00,5.097516372573877920e-15,4.331754486388612340e-15,3.541345346786052676e-16
3.632500000000000284e+00,3.705629726003617515e-15,3.146396311708563348e-15,2.574473307876803354e-16
3.637500000000000178e+00,2.689445415586895539e-15,2.281712613205902002e-15,1.868571733473593387e-16
3.642500000000000071e+00,1.948776510621444823e-15,1.651987556465165258e-15,1.354026997863403501e-16
3.647499999999999964e+00,1.409805979726768421e-15,1.194131111545884308e-15,9.795673072787940855e-17
3.652499999999999858e+00,1.018256875981561948e-15,8.617841481413720347e-16,7.075612686917583718e-17
3.657500000000000195e+00,7.342728196718960681e-16,6.209338934693791050e-16,5.102527584004920250e-17
3.662500000000000089e+00,5.286352271721601745e-16,4.466764342554039968e-16,3.673551989030066297e-17
3.667499999999999982e+00,3.799772035913073407e-16,3.208072112402353710e-16,2.640685674318352378e-17
3.672499999999999876e+00,2.726863293047361294e-16,2.300374171354638833e-16,1.895113350920583636e-17
3.677500000000000213e+00,1.953759797180775460e-16,1.646862998995260607e-16,1.357870291668998994e-17
3.682500000000000107e+00,1.397610831530987120e-16,1.177122951172524636e-16,9.714262922397861058e-18
3.687500000000000000e+00,9.981713801269510943e-17,8.400220012621735784e-17,6.937775412796885588e-18
3.692499999999999893e+00,7.117517587831363811e-17,5.985049012575629748e-17,4.947371329416131223e-18
3.697500000000000231e+00,5.067156641144688694e-17,4.257473377645674821e-17,3.522457552965291643e-18
3.702500000000000124e+00,3.601656298780476912e-17,3.023728440003736183e-17,2.503528041373227285e-18
3.707500000000000018e+00,2.555938002341831616e-17,2.144106304402864153e-17,1.776902858387739598e-18
3.712499999999999911e+00,1.810985117017921306e-17,1.517954895000691153e-17,1.259067135185437833e-18
3.717500000000000249e+00,1.281092562254691236e-17,1.072954509008941854e-17,8.906484119191356185e-19
3.722500000000000142e+00,9.048244900423593739e-18,7.572074773811770607e-18,6.291924732019667165e-19
3.727500000000000036e+00,6.380485959860333514e-18,5.335233182246526685e-18,4.435707036396742231e-19
3.732499999999999929e+00,4.492050959500771101e-18,3.753302777698661769e-18,3.123121320994094909e-19
3.737500000000000266e+00,3.157760394266190567e-18,2.636290404859142022e-18,2.196398538992471042e-19
3.742500000000000160e+00,2.216212723701457172e-18,1.848725126981037632e-18,1.540955218542290986e-19
3.747500000000000053e+00,1.552887946261147618e-18,1.294398882438943886e-18,1.079751353748276919e-19
3.752499999999999947e+00,1.086444840260661437e-18,9.048775023806777327e-19,7.555072229370230113e-20
3.757500000000000284e+00,7.589075629057939483e-19,6.315884200305459621e-19,5.278016944850848046e-20
3.762500000000000178e+00,5.292998755548809384e-19,4.401418181644710760e-19,3.682092686469873368e-20
3.767500000000000071e+00,3.685634736788725363e-19,3.062417771763472016e-19,2.563071016228101392e-20
3.772499999999999964e+00,2.562406915934276015e-19,2.127444101464649032e-19,1.783187227561251628e-20
3.777499999999999858e+00,1.778724504449085563e-19,1.475505500864941136e-19,1.236838602239894104e-20
3.782500000000000195e+00,1.232576587818276180e-19,1.021815769091763873e-19,8.564874157854862457e-21
3.787500000000000089e+00,8.530449006496955078e-20,7.066169152065191399e-20,5.942809803792478246e-21
3.792499999999999982e+00,5.894638879025129454e-20,4.878068000473298335e-20,4.101912521086239049e-21
3.797499999999999876e+00,4.065355787242254188e-20,3.362100171752729756e-20,2.826720384310753854e-21
3.802500000000000213e+00,2.800153699199997751e-20,2.313760243680181035e-20,1.949607736700910322e-21
3.807500000000000107e+00,1.925428654164719490e-20,1.589716306017380591e-20,1.337745917317027690e-21
3.812500000000000000e+00,1.321832190201111535e-20,1.090690899703639029e-20,9.194495810060701283e-22
3.817499999999999893e+00,9.063635481854741288e-21,7.471838165657873933e-21,6.308621540176797561e-22
3.822500000000000231e+00,6.203509920905108980e-21,5.110454386136339413e-21,4.311970559018927648e-22
3.827500000000000124e+00,4.239966610702376838e-21,3.490501677705320094e-21,2.952337577840583039e-22
3.832500000000000018e+00,2.894071123773831319e-21,2.380330423381877665e-21,2.019477179963951317e-22
3.837499999999999911e+00,1.971878216261583468e-21,1.619905989750651713e-21,1.373338967105141504e-22
3.842500000000000249e+00,1.340324160498320901e-21,1.100624900288979992e-21,9.252797096541735163e-23
3.847500000000000142e+00,9.101802627310266773e-22,7.475872699260786036e-22,6.336878757630167100e-23
3.852500000000000036e+00,6.184514787273133438e-22,5.070776401934998453e-22,4.361485449486239589e-23
3.857499999999999929e+00,4.188363964297796984e-22,3.427862039711907963e-22,2.923609711624874397e-23
3.862500000000000266e+00,2.825855919315091960e-22,2.311748744982304910e-22,1.945742082448302585e-23
3.867500000000000160e+00,1.904570344742070099e-22,1.559645903115664884e-22,1.308955122182837065e-23
3.872500000000000053e+00,1.286184563876589844e-22,1.052114503527307571e-22,9.144057781734756354e-24
3.877499999999999947e+00,8.671432849749997199e-23,7.060931242660415823e-23,5.984989834927167244e-24
3.882500000000000284e+00,5.790848169719439368e-23,4.742084507120987223e-23,3.840261977805782874e-24
3.887500000000000178e+00,3.908726481833374932e-23,3.199435859633811455e-23,2.922865043374994954e-24
3.892500000000000071e+00,2.640712075531865729e-23,2.134949373646955906e-23,1.874567712092287399e-24
3.897499999999999964e+00,1.739359967209834507e-23,1.418243604704854185e-23,1.122111132470927498e-24
3.902500000000000302e+00,1.163650017465417062e-23,9.470762149699925555e-24,8.422303247750184587e-25
3.907500000000000195e+00,7.769061681713604496e-24,6.304629243224471650e-24,4.838848377107079244e-25
3.912500000000000089e+00,5.146373663732919665e-24,4.258605345193677438e-24,3.763557170693448833e-25
3.917499999999999982e+00,3.551503312067211255e-24,2.846739670060185230e-24,3.145103932124208480e-25
3.922499999999999876e+00,2.309682074253339914e-24,1.833614991294082155e-24,1.264238279124780038e-25
3.927500000000000213e+00,1.462593903385816407e-24,1.206138001584483545e-24,8.869378938257504012e-26
3.932500000000000107e+00,1.000028417837199917e-24,8.090177130598265461e-25,7.309730946155724083e-26
3.937500000000000000e+00,6.598341256363094178e-25,5.432039543179121239e-25,4.305240212025971632e-26
3.942499999999999893e+00,4.499980128014795227e-25,3.616144490473235981e-25,4.465237403163937163e-26
3.947500000000000231e+00,2.950209567370435133e-25,2.286547882808063418e-25,1.245768885321508484e-26
3.952500000000000124e+00,1.777440043421824680e-25,1.547757461366537751e-25,1.054827216569744956e-26
3.957500000000000018e+00,1.354014596830366524e-25,1.037750275623390056e-25,2.118650915434285193e-26
3.962499999999999911e+00,8.285083884599140020e-26,5.721343999932366640e-26,-2.132660866737739801e-27
3.967500000000000249e+00,3.956418552408319605e-26,3.944104149150571532e-26,-1.658683052105819607e-27
3.972500000000000142e+00,3.938781912882885501e-26,3.341155167384970870e-26,9.475907689376520363e-27
3.977500000000000036e+00,3.062176679157958630e-26,2.157398801288632089e-26,3.163742520526537474e-27
3.982499999999999929e+00,1.552641389872674108e-26,1.247914263381137037e-26,9.607511679985482069e-28
3.987500000000000266e+00,1.008938990700650685e-26,7.092955513083284082e-27,9.609700184439663974e-28
3.992500000000000160e+00,5.077956324331170400e-27,3.958368242368742310e-27,-4.570068401243366197e-28
3.997500000000000053e+00,3.126756785606088538e-27,2.688558333953405351e-27,4.184553552680002198e-28
4.002500000000000391e+00,2.367773161476548285e-27,1.555753009549846947e-27,-2.696596781259980357e-28
4.007500000000000284e+00,1.052923400472927931e-27,1.538516324629780008e-27,-5.702538785173957036e-29
4.012500000000000178e+00,2.251146070974714062e-27,1.784613295381551172e-27,1.424182566307236446e-27
4.017500000000000071e+00,2.315771803279228781e-27,7.818253016645715501e-28,7.872741259904231533e-28
4.022499999999999964e+00,5.315944127282591672e-28,-4.446388410835019214e-29,-1.455892870594372348e-28
4.027499999999999858e+00,4.359202606653760451e-29,1.223799294913481966e-28,8.817370215585404058e-29
4.032499999999999751e+00,5.219176750227085575e-28,3.187862971832896511e-28,4.270002655381539586e-28
4.037499999999999645e+00,5.440588499501034380e-28,6.215915221033936435e-29,2.650819690683624918e-28
4.042500000000000426e+00,1.362577054586415085e-28,-1.209955423991961735e-28,3.263016728139583146e-29
4.047500000000000320e+00,1.152569613911075676e-28,-8.566057690382409763e-30,1.947283705188199658e-28
4.052500000000000213e+00,3.296331533532953117e-28,-9.067859414255050725e-30,2.418907138346762339e-28
4.057500000000000107e+00,1.777531868919949105e-28,-1.039441805286046528e-28,7.084007640546538861e-29
4.062500000000000000e+00,8.901505153046511902e-29,-5.131996285253885219e-29,1.212452216796390922e-28
4.067499999999999893e+00,1.947327117077300511e-28,-9.289058779308990937e-31,1.430213493633976528e-28
4.072499999999999787e+00,1.050463944165631847e-28,-2.106171039495828832e-29,1.394416693856187757e-29
4.077499999999999680e+00,6.073844227736518667e-30,-1.528993014962818292e-29,3.257414175229163570e-30
4.082500000000000462e+00,4.023690794924587571e-29,-7.887764344597095219e-30,3.757348653988587281e-29
4.087500000000000355e+00,3.663262890324820904e-29,-1.304154388321144557e-29,1.277585035666374173e-29
4.092500000000000249e+00,9.098561287367530566e-30,-1.064121821414064046e-29,1.103417952232638428e-30
4.097500000000000142e+00,1.257924771218222841e-29,-1.475410119756932875e-29,1.447457446055842361e-29
4.102500000000000036e+00,3.396044165253642789e-29,-2.217543766661074458e-29,4.158471178920865672e-29
4.107499999999999929e+00,6.540074811222026320e-29,-3.406543606369446405e-29,6.557600177400976984e-29
4.112499999999999822e+00,8.349546603816676743e-29,-5.587017055038173503e-29,8.825900828681940164e-29
4.117499999999999716e+00,1.306792933656300925e-28,-5.725079080190516401e-29,1.772157452637857463e-28
4.122500000000000497e+00,2.654060373574417365e-28,-2.329378560371912088e-29,3.309624304048005775e-28
4.127500000000000391e+00,4.147559410600499028e-28,1.261956908796890912e-29,4.357828490161287181e-28
4.132500000000000284e+00,4.582597286847826162e-28,1.986809275897345196e-29,4.124671177954819930e-28
4.137500000000000178e+00,3.721118258892160476e-28,2.222976154003322444e-30,2.849249458542283207e-28
4.142500000000000071e+00,2.181794846186560118e-28,-2.001673637459152337e-29,1.297440713297537894e-28
4.147499999999999964e+00,7.899089967341724303e-29,-3.126996611954280634e-29,2.553938542077926198e-29
4.152499999999999858e+00,2.063618714975890238e-29,-2.989795047244273732e-29,1.710112999350254077e-29
4.157499999999999751e+00,5.748814356537619190e-29,-2.820536916104134008e-29,8.591648916654401535e-29
4.162499999999999645e+00,1.422412597289092167e-28,-3.742190007298008360e-29,1.727962797506374968e-28
4.167500000000000426e+00,2.197600960530552764e-28,-5.119169308859350983e-29,2.408815829532002735e-28
4.172500000000000320e+00,2.759578628536602937e-28,-5.305113210796266825e-29,2.887581665267997667e-28
4.177500000000000213e+00,3.123509526509303044e-28,-3.766354183737965119e-29,3.079457388891648940e-28
4.182500000000000107e+00,3.081441553703010288e-28,-1.610999459969813153e-29,2.722527149734153206e-28
4.187500000000000000e+00,2.413840127748432408e-28,-2.957747413787569458e-30,1.780771442454674759e-28
4.192499999999999893e+00,1.314097698838596647e-28,-2.931497327095958265e-30,6.841064324001536128e-29
4.197499999999999787e+00,3.567930899837383465e-29,-8.358178962968818010e-30,2.109799274031719615e-30
4.202499999999999680e+00,2.082731158193286368e-30,-6.932034483713737728e-30,4.435613183662398975e-30
4.207500000000000462e+00,3.251872721644405027e-29,8.079255735933169463e-30,5.536292810990782520e-29
4.212500000000000355e+00,9.626232174814298932e-29,3.334348250419206918e-29,1.229619358360944334e-28
4.217500000000000249e+00,1.686166009223675329e-28,5.871187366474224899e-29,1.932110991157743427e-28
4.222500000000000142e+00,2.418362884062915371e-28,7.516326625874678906e-29,2.597742841936349877e-28
4.227500000000000036e+00,3.024037285923551129e-28,8.166915470994974939e-29,3.015983668432450258e-28
4.232499999999999929e+00,3.228512630052884141e-28,8.438688364965287725e-29,2.953750124729692086e-28
4.237499999999999822e+00,2.922941767273215740e-28,8.784292651697356120e-29,2.512491500995842366e-28
4.242499999999999716e+00,2.423671793876280746e-28,8.784055971126034998e-29,2.148341712394560860e-28
4.247500000000000497e+00,2.222647686813046816e-28,7.575198737001800806e-29,2.219154774760196564e-28
4.252500000000000391e+00,2.473844283110716836e-28,5.040829354623006186e-29,2.597098843671383544e-28
4.257500000000000284e+00,2.829208797581495345e-28,2.321942599281188874e-29,2.788522902311127299e-28
4.262500000000000178e+00,2.767478369836257699e-28,9.137271775700333523e-30,2.376073220449634885e-28
4.267500000000000071e+00,2.043041414203620325e-28,1.264946137692274632e-29,1.376181397244500785e-28
4.272499999999999964e+00,9.348200737178514996e-29,2.389091718806294132e-29,3.289071997243468742e-29
4.277499999999999858e+00,1.767800490012559205e-29,2.892586012546806573e-29,3.233278011427241068e-30
4.282499999999999751e+00,4.792166737612473883e-29,2.344352037223097443e-29,9.037317767988349582e-29
4.287500000000000533e+00,1.818991360001361695e-28,1.603032932954726026e-29,2.405295302197340260e-28
4.292500000000000426e+00,3.194706013672115185e-28,1.823621511740068433e-29,3.287729309374009321e-28
4.297500000000000320e+00,3.393870960112233624e-28,3.224117778240510615e-29,2.717669106921234188e-28
4.302500000000000213e+00,2.206823658653787749e-28,4.899404380709663299e-29,1.202015530168279031e-28
4.307500000000000107e+00,7.634878124565315568e-29,5.790709910014259754e-29,2.015865878584976800e-29
4.312500000000000000e+00,4.924248414839108232e-29,5.643291997873961076e-29,7.414414566520347454e-29
4.317499999999999893e+00,1.763117548575869524e-28,4.890499003469111026e-29,2.479221441752858134e-28
4.322499999999999787e+00,3.621828146078177713e-28,3.769799998024989514e-29,4.134775946124560182e-28
4.327499999999999680e+00,4.759609056428501744e-28,1.907397045179400443e-29,4.669872266725871665e-28
4.332500000000000462e+00,4.589471186275605837e-28,-1.057767420445683816e-29,3.994755721873455225e-28
4.337500000000000355e+00,3.479542925196457105e-28,-4.611743826716259336e-29,2.772329795345348695e-28
4.342500000000000249e+00,2.269980418461479336e-28,-7.396947429827476275e-29,1.845577002151310761e-28
4.347500000000000142e+00,1.741558099582883453e-28,-8.214898663474500484e-29,1.836709349201894752e-28
4.352500000000000036e+00,2.324554566928780778e-28,-6.990318137607867324e-29,2.934752583310549978e-28
4.357499999999999929e+00,3.915338590619755519e-28,-4.781265635932643905e-29,4.745048897534712205e-28
4.362499999999999822e+00,5.808972461615067003e-28,-2.916091043182406712e-29,6.366380919119652235e-28
4.367499999999999716e+00,6.991915032380730405e-28,-2.084080115251042949e-29,6.878379878699840587e-28
4.372500000000000497e+00,6.772900333550852059e-28,-2.079668028199584159e-29,5.963415282762791461e-28
4.377500000000000391e+00,5.257064222455038342e-28,-2.235866631586800884e-29,4.103648387938990755e-28
4.382500000000000284e+00,3.212804784775703863e-28,-2.057248816764312322e-29,2.166698043210191737e-28
4.387500000000000178e+00,1.474382495892091019e-28,-1.534275976613912026e-29,7.966963721652763295e-29
4.392500000000000071e+00,4.464683614865948640e-29,-9.855869768630678122e-30,1.392249816736906438e-29
4.397499999999999964e+00,6.517239500415069074e-30,-6.769642877501004724e-30,-2.879222334785008392e-31
4.402499999999999858e+00,7.044541465524987757e-30,-5.878573745059667455e-30,1.178496016515520203e-29
4.407499999999999751e+00,2.462089494670524500e-29,-4.888369603501791598e-30,3.390955168821782402e-29
4.412500000000000533e+00,4.767307831892713917e-29,-1.906707129934102049e-30,5.767745112040905754e-29
4.417500000000000426e+00,6.985753841082074245e-29,2.903385057695274683e-30,7.739068079077125752e-29
4.422500000000000320e+00,8.585683455922151408e-29,7.733249090440943864e-30,8.788947452264949469e-29
4.427500000000000213e+00,9.066678166422304896e-29,1.078018433006235638e-29,8.508069331167605340e-29
4.432500000000000107e+00,8.112052301386412277e-29,1.152862285216796468e-29,6.802319053528736798e-29
4.437500000000000000e+00,5.867890662704440377e-29,1.080430744671228826e-29,4.153811458527492477e-29
4.442499999999999893e+00,3.139370054065541617e-29,9.901667220178033532e-30,1.643444521449397657e-29
4.447499999999999787e+00,1.172636538246301854e-29,9.596557225713289577e-30,4.921400594110425524e-30
4.452499999999999680e+00,9.919023550813974141e-30,9.655241904634637569e-30,1.344596076936597991e-29
4.457500000000000462e+00,2.762545686524307076e-29,9.028198656472645359e-30,3.870023133536777391e-29
4.462500000000000355e+00,5.716525464520387652e-29,6.577546240866654166e-30,7.017446676585029488e-29
4.467500000000000249e+00,8.690103684929445194e-29,1.928720792108570808e-30,9.695395948001622853e-29
4.472500000000000142e+00,1.082126354724027403e-28,-4.091326297704523297e-30,1.134316598261619014e-28
4.477500000000000036e+00,1.190570800308994481e-28,-9.778959446785789549e-30,1.203735487912111837e-28
4.482499999999999929e+00,1.225077861196205948e-28,-1.348486635101596742e-29,1.216879328502202443e-28
4.487499999999999822e+00,1.223578932952715121e-28,-1.453402042403371192e-29,1.199943145698836050e-28
4.492499999999999716e+00,1.194027854298387612e-28,-1.351549138239717210e-29,1.143581483520649667e-28
4.497500000000000497e+00,1.110564929794909652e-28,-1.179367147871469326e-29,1.016909294617427313e-28
4.502500000000000391e+00,9.436761003858077722e-29,-1.063287606038125027e-29,8.052352638100348800e-29
4.507500000000000284e+00,6.990848185569677310e-29,-1.052583005604730609e-29,5.401038149922665386e-29
4.512500000000000178e+00,4.331254702842689442e-29,-1.109868124863985158e-29,2.961841985815393271e-29
4.517500000000000071e+00,2.309796096027771907e-29,-1.155943863790674539e-29,1.558977303895786975e-29
4.522499999999999964e+00,1.630713835206085767e-29,-1.134004998790957418e-29,1.668739401626841748e-29
4.527499999999999858e+00,2.496243326046442931e-29,-1.050690230592020078e-29,3.198388682965385875e-29
4.532499999999999751e+00,4.540278589720985211e-29,-9.688969402735920005e-30,5.570807167064977279e-29
4.537500000000000533e+00,7.042002630825094836e-29,-9.590381659492604248e-30,8.016943832562906317e-29
4.542500000000000426e+00,9.257472062400727094e-29,-1.042618591296322029e-29,9.891735480349448690e-29
4.547500000000000320e+00,1.068687906085503828e-28,-1.166736410243575369e-29,1.086144848609246749e-28
4.552500000000000213e+00,1.116624754406837830e-28,-1.226754492976667391e-29,1.090034722840376509e-28
4.557500000000000107e+00,1.077555336391629634e-28,-1.122374743885873917e-29,1.013969078001638604e-28
4.562500000000000000e+00,9.658256115975244093e-29,-8.125856762789836150e-30,8.701618960478233594e-29
4.567499999999999893e+00,7.908101327766017034e-29,-3.392665479465655553e-30,6.668643678293924263e-29
4.572499999999999787e+00,5.638004427442042530e-29,1.894273086049600490e-30,4.239440350458506115e-29
4.577499999999999680e+00,3.194168685410488549e-29,6.433078053638024718e-30,1.946220539904616345e-29
4.582500000000000462e+00,1.315403078609998550e-29,9.196355139895599999e-30,6.971969991227740513e-30
4.587500000000000355e+00,1.012475305732130099e-29,9.776728602201832700e-30,1.483160098057267886e-29
4.592500000000000249e+00,3.116725988490662973e-29,8.465967519712047695e-30,4.829727589114091687e-29
4.597500000000000142e+00,7.714183003024053294e-29,6.054765584217196554e-30,1.031310669059717970e-28
4.602500000000000036e+00,1.383513606464876020e-28,3.449179437496958793e-30,1.649290944323969046e-28
4.607499999999999929e+00,1.966984849438374240e-28,1.286082146501103854e-30,2.139572619006010548e-28
4.612499999999999822e+00,2.327387724433219373e-28,-2.609405129988403173e-31,2.334405810648550968e-28
4.617499999999999716e+00,2.341447985041658136e-28,-1.396218711764383329e-30,2.169667275462743231e-28
4.622500000000000497e+00,2.010572542699160061e-28,-2.417407877875664151e-30,1.710433308216472789e-28
4.627500000000000391e+00,1.455389659312078095e-28,-3.434915601203644049e-30,1.116202429692932729e-28
4.632500000000000284e+00,8.568754907607416194e-29,-4.280950702425940620e-30,5.671667477501329953e-29
4.637500000000000178e+00,3.775470031916858357e-29,-4.646198585951932441e-30,1.912237605636590910e-29
4.642500000000000071e+00,1.025706532080628608e-29,-4.318314200669363157e-30,2.571393702386993391e-30
4.647499999999999964e+00,2.462683264494658868e-30,-3.339781168388653091e-30,2.500868902581494864e-30
4.652499999999999858e+00,7.068908848980567803e-30,-1.985168550111761993e-30,1.008333961768551156e-29
4.657499999999999751e+00,1.494072625270448619e-29,-6.008132825122905692e-31,1.698441769801503978e-29
4.662500000000000533e+00,1.933181936780396987e-29,5.617900801457086832e-31,1.859633935157525445e-29
4.667500000000000426e+00,1.790516654369178322e-29,1.410437231835669628e-30,1.477164182781815947e-29
4.672500000000000320e+00,1.229760890170950473e-29,1.962315421458830454e-30,8.444529037507875882e-30
4.677500000000000213e+00,6.111818409525178201e-30,2.251058266724446154e-30,3.330382470102458983e-30
4.682500000000000107e+00,2.643846664712928695e-30,2.273582711463500002e-30,1.948843955422415462e-30
4.687500000000000000e+00,3.391713758644119887e-30,2.006824751686499653e-30,4.719429412839178845e-30
4.692499999999999893e+00,7.754298103642757639e-30,1.461866256914297271e-30,1.020420760962240380e-29
4.697499999999999787e+00,1.370374268219852861e-29,7.197418301533326412e-31,1.606552142394017366e-29
4.702499999999999680e+00,1.887214412316024777e-29,-8.223297729040351656e-32,2.014370853153698140e-29
4.707500000000000462e+00,2.150130652977020908e-29,-8.017006656738576764e-31,2.120442993327196578e-29
4.712500000000000355e+00,2.094154474422043736e-29,-1.342638309111402801e-30,1.918340495749518278e-29
4.717500000000000249e+00,1.765895056497229870e-29,-1.676058348495433439e-30,1.499159687417388660e-29
4.722500000000000142e+00,1.288622149929318688e-29,-1.825630628915107062e-30,1.005767087983390332e-29
4.727500000000000036e+00,8.108635314550750577e-30,-1.836514128023713563e-30,5.799082868747143259e-30
4.732499999999999929e+00,4.563301323297623760e-30,-1.749951519161377235e-30,3.183611675858978989e-30
4.737499999999999822e+00,2.892141606932858193e-30,-1.594459174448113097e-30,2.497268090960378597e-30
4.742499999999999716e+00,3.035345142183575943e-30,-1.389822230267914501e-30,3.368511265025593881e-30
4.747500000000000497e+00,4.374617498950679369e-30,-1.153686917202567682e-30,5.012192995198158519e-30
4.752500000000000391e+00,6.046945162721776755e-30,-9.038857393436951033e-31,6.576955509503370261e-30
4.757500000000000284e+00,7.288531980656804474e-30,-6.565739413795534892e-31,7.448460882580526493e-30
4.762500000000000178e+00,7.671045281575698485e-30,-4.240823067022845676e-31,7.398426381059239290e-30
4.767500000000000071e+00,7.158940757488387681e-30,-2.151996306569441675e-31,6.554799144545578130e-30
4.772499999999999964e+00,6.008109881532299905e-30,-3.720439634620500714e-32,5.251568778558106878e-30
4.777499999999999858e+00,4.590521702642313921e-30,1.029030836578680653e-31,3.853894002476057567e-30
4.782499999999999751e+00,3.237777531558558624e-30,1.995512628082726402e-31,2.635549382171704273e-30
4.787500000000000533e+00,2.157634730694801461e-30,2.513685423492503141e-31,1.735786188717120440e-30
4.792500000000000426e+00,1.425700000682375248e-30,2.633283695920357796e-31,1.177689542847366665e-30
4.797500000000000320e+00,1.021459275350368709e-30,2.464304067813812810e-31,9.121346553718123141e-31
4.802500000000000213e+00,8.739629630466494463e-31,2.147522356050282895e-31,8.590882065310668177e-31
4.807500000000000107e+00,8.972360414044991505e-31,1.812762550234354655e-31,9.353170884778515441e-31
4.812500000000000000e+00,1.011639183835237249e-30,1.544174572579096446e-31,1.069834128444846016e-30
4.817499999999999893e+00,1.154947171047532430e-30,1.365992781167692474e-31,1.211303035097153027e-30
4.822499999999999787e+00,1.286564825532131320e-30,1.251220610679171103e-31,1.329495531331061696e-30
4.827499999999999680e+00,1.386027242939427449e-30,1.146003794052346231e-31,1.411465577420026880e-30
4.832500000000000462e+00,1.446846253143317636e-30,9.979094969883906845e-32,1.454229231289672497e-30
4.837500000000000355e+00,1.468532600587715051e-30,7.773304182519338883e-32,1.457475675645500463e-30
4.842500000000000249e+00,1.450616601931176832e-30,4.859811235079987447e-32,1.419736897953893807e-30
4.847500000000000142e+00,1.391142658404200695e-30,1.523517640786588846e-32,1.339136355135514704e-30
4.852500000000000036e+00,1.289241097892275140e-30,-1.813350024531201250e-32,1.216995052700290208e-30
4.857499999999999929e+00,1.149052558555583912e-30,-4.741170244699317111e-32,1.061149446422645231e-30
4.862499999999999822e+00,9.819272484718365594e-31,-6.975666197844681921e-32,8.865057016746083414e-31
4.867499999999999716e+00,8.053125648795409910e-31,-8.404652800584170035e-32,7.123145175921043128e-31
4.872500000000000497e+00,6.388274730560817982e-31,-9.071465408708113834e-32,5.575007952408371664e-31
4.877500000000000391e+00,4.994091497569278788e-31,-9.119361426656602980e-32,4.361493313858584925e-31
4.882500000000000284e+00,3.975548198265192022e-31,-8.727162642989031708e-32,3.548229137818650055e-31
4.887500000000000178e+00,3.358420782890603223e-31,-8.059242192423935027e-32,3.123144547692211908e-31
4.892500000000000071e+00,3.097749324903440275e-31,-7.239848395885868062e-32,3.013982731290668981e-31
4.897499999999999964e+00,3.101686077446556884e-31,-6.349844455743574606e-32,3.115842261240553467e-31
4.902499999999999858e+00,3.260058558659294331e-31,-5.437248090939956121e-32,3.318606534076257715e-31
4.907499999999999751e+00,3.468890448608597233e-31,-4.531892146697434362e-32,3.527486816776644909e-31
4.912500000000000533e+00,3.646279377862582082e-31,-3.657213827543085860e-32,3.674216060044402662e-31
4.917500000000000426e+00,3.739048595251594527e-31,-2.836152073604896689e-32,3.719791203296135997e-31
4.922500000000000320e+00,3.722145842030432402e-31,-2.091510730308245694e-32,3.651353686945484940e-31
4.927500000000000213e+00,3.593660347071098097e-31,-1.443037251046174478e-32,3.476034516541680777e-31
4.932500000000000107e+00,3.368053281700070008e-31,-9.038358840926112958e-33,3.213990934934721350e-31
4.937500000000000000e+00,3.069401241086692270e-31,-4.780521550770664288e-33,2.892018111838322551e-31
4.942499999999999893e+00,2.725630649340818210e-31,-1.606601309673906262e-33,2.538394417813248251e-31
4.947499999999999787e+00,2.364115012692811047e-31,6.081797975934536399e-34,2.179142390412445678e-31
4.952499999999999680e+00,2.008658005411568242e-31,2.034349936669582854e-33,1.835639496413920920e-31
4.957500000000000462e+00,1.677730210758667209e-31,2.857148271708794740e-33,1.523412847342148494e-31
4.962500000000000355e+00,1.383776138847698956e-31,3.250704089193500185e-33,1.251918620989765799e-31
4.967500000000000249e+00,1.133389207443967224e-31,3.361503587019696683e-33,1.025086355478209959e-31
4.972500000000000142e+00,9.281295427159422784e-32,3.301743221320574910e-33,8.423820951843508516e-32
4.977500000000000036e+00,7.657311963558969812e-32,3.150622519838264002e-33,7.001227256281692328e-32
4.982499999999999929e+00,6.414319744379123181e-32,2.960377794329092735e-33,5.927797786119808509e-32
4.987499999999999822e+00,5.491841124828151626e-32,2.763818325929351628e-33,5.140621626816452004e-32
4.992499999999999716e+00,4.825772819185435159e-32,2.580942332016511556e-33,4.576622602968596350e-32
4.997500000000000497e+00,4.354139299653506854e-32,2.423411184570889172e-33,4.176648178061510669e-32
5.002500000000000391e+00,4.019880398036972876e-32,2.296801942920183013e-33,3.887153958342209788e-32
5.007500000000000284e+00,3.771932840317820332e-32,2.201332267081002407e-33,3.660902417937166024e-32
5.012500000000000178e+00,3.565987444788589551e-32,2.132043773644764309e-33,3.457880092885625818e-32
5.017500000000000071e+00,3.365797280313656917e-32,2.079302567357103626e-33,3.246904967389020359e-32
5.022499999999999964e+00,3.145057761154056107e-32,2.030095775420927485e-33,3.007527203873201869e-32
5.027499999999999858e+00,2.889114751036235136e-32,1.970154950583652667e-33,2.731258330336210666e-32
5.032499999999999751e+00,2.595461869292152215e-32,1.886563870731408910e-33,2.421171168174472455e-32
5.037500000000000533e+00,2.272297323170180332e-32,1.770290773995274777e-33,2.089472590035716137e-32
5.042500000000000426e+00,1.935149486784906412e-32,1.618050897823354088e-33,1.753465018090408139e-32
5.047500000000000320e+00,1.602367402581402343e-32,1.433042096056333694e-33,1.430970266645759606e-32
5.052500000000000213e+00,1.290722712645712136e-32,1.224360847797247573e-33,1.136482733385966332e-32
5.057500000000000107e+00,1.012288375605013860e-32,1.005228330833325992e-33,8.789867950028357748e-33
5.062500000000000000e+00,7.732209957391317763e-33,7.904499339646441396e-34,6.617066333911262968e-33
5.067499999999999893e+00,5.743555621253416827e-33,5.937132192826618867e-34,4.833771300798778353e-33
5.072499999999999787e+00,4.129469955407333794e-33,4.253445613487523541e-34,3.402140495547540589e-33
5.077499999999999680e+00,2.846728048455762955e-33,2.909894274566068271e-34,2.277388466299875934e-33
5.082500000000000462e+00,1.851660216080924055e-33,1.914066490119964197e-34,1.419082485156963231e-33
5.087500000000000355e+00,1.107347658689261823e-33,1.232628408925709161e-34,7.942201364364812813e-34
5.092500000000000249e+00,5.833573114975641921e-34,8.057503821163598684e-35,3.743467669561970528e-34
5.097500000000000142e+00,2.513516773055412657e-34,5.634399060769131666e-35,1.305818989566596016e-34
5.102500000000000036e+00,8.047003238470513954e-35,4.396208407090228273e-35,3.002056741627840891e-35
5.107499999999999929e+00,3.521682817653535669e-35,3.813147200773051564e-35,3.530521356600080539e-35
5.112499999999999822e+00,7.668116074736564049e-35,3.522136008668850479e-35,1.072674385111702138e-34
5.117499999999999716e+00,1.662318025296946727e-34,3.315907659770940234e-35,2.092343865564633086e-34
5.122500000000000497e+00,2.699757338578784495e-34,3.104263793865949020e-35,3.112120244623667811e-34
5.127500000000000391e+00,3.623161539090338801e-34,2.867353565163691333e-35,3.925631253110470113e-34
5.132500000000000284e+00,4.276043928188748984e-34,2.615817371760309110e-35,4.425987475946818134e-34
5.137500000000000178e+00,4.597190878436268815e-34,2.365007187728127546e-35,4.592863303800814101e-34
5.142500000000000071e+00,4.600706491563920531e-34,2.123553020847130076e-35,4.467762900214778698e-34
5.147499999999999964e+00,4.348462598851511609e-34,1.892244069917289509e-35,4.125853863796597079e-34
5.152499999999999858e+00,3.922875175725797293e-34,1.667903099593213208e-35,3.651231632838720982e-34
5.157499999999999751e+00,3.405489811861460976e-34,1.447873074975419985e-35,3.119513639566085948e-34
5.162500000000000533e+00,2.863708086244589689e-34,1.232680116554429975e-35,2.588641650492415544e-34
5.167500000000000426e+00,2.345302103109661238e-34,1.026318129661940003e-35,2.096588919759627753e-34
5.172500000000000320e+00,1.878742351208963005e-34,8.348169373900888794e-36,1.663627771681299417e-34
5.177500000000000213e+00,1.476853148125052132e-34,6.641878612889344165e-36,1.296758455516873699e-34
5.182500000000000107e+00,1.141612454322764929e-34,5.186862693820670883e-36,9.944510123092389123e-35
5.187500000000000000e+00,8.686162861910803096e-35,3.998989056928819478e-36,7.506107504014409161e-35
5.192499999999999893e+00,6.504778910415963830e-35,3.067213130571759944e-36,5.573571591150367000e-35
5.197499999999999787e+00,4.790136401971794827e-35,2.359907303946163418e-36,4.066666094953373851e-35
5.202499999999999680e+00,3.464090238817633266e-35,1.834226737380536669e-36,2.911554627329489939e-35
5.207500000000000462e+00,2.456862736944721932e-35,1.445295324330641156e-36,2.043279293598799768e-35
5.212500000000000355e+00,1.707819893354235188e-35,1.153105963898435010e-36,1.405589311907147509e-35
5.217500000000000249e+00,1.164629745283588973e-35,9.263172232688911976e-37,9.499156588945639932e-36
5.222500000000000142e+00,7.821544990442687086e-36,7.431668511684172390e-37,6.344270093928502930e-36
5.227500000000000036e+00,5.216624086832982682e-36,5.903261514072354081e-37,4.234716077687882165e-36
5.232499999999999929e+00,3.504432161367817747e-36,4.606948360906323984e-37,2.873413797874994903e-36
5.237499999999999822e+00,2.416581687377716068e-36,3.510018552232816157e-37,2.021449420965794809e-36
5.242499999999999716e+00,1.741906795818231991e-36,2.597868019153239889e-37,1.495768110391512084e-36
5.247500000000000497e+00,1.323154274411645476e-36,1.860224201293298191e-37,1.164532270529872750e-36
5.252500000000000391e+00,1.051079059178221051e-36,1.283885062656425916e-37,9.399344103163778594e-37
5.257500000000000284e+00,8.562251301453461349e-37,8.505723358858836034e-38,7.691710698710820055e-37
5.262500000000000178e+00,6.994175324084579322e-37,5.379565017961555822e-38,6.247965325094053453e-37
5.267500000000000071e+00,5.622745510250644455e-37,3.220586816903202053e-38,4.957270627451602108e-37
5.272499999999999964e+00,4.389004237032671698e-37,1.797392545456569890e-38,3.798555028818259505e-37
5.277499999999999858e+00,3.294899190245978100e-37,9.056304564122482719e-39,2.787440229348986061e-37
5.282499999999999751e+00,2.360626000472045072e-37,3.781019405815874298e-39,1.943770927641691258e-37
5.287500000000000533e+00,1.601132508565079570e-37,8.710416869591003561e-40,1.276090568811257091e-37
5.292500000000000426e+00,1.017081973203149610e-37,-5.877027212474324797e-40,7.778127830166837662e-38
5.297500000000000320e+00,5.948657834998008711e-38,-1.208980088292855235e-39,4.299126413093711410e-38
5.302500000000000213e+00,3.109458428668403297e-38,-1.378856511267895442e-39,2.060862238920251832e-38
5.307500000000000107e+00,1.371996351924537180e-38,-1.324152026231309302e-39,7.781880206268390597e-39
5.312500000000000000e+00,4.541632931157496645e-39,-1.169038861762480251e-39,1.814993139351138772e-39
5.317499999999999893e+00,1.026250255547345076e-39,-9.771161449135315375e-40,3.872467798366493634e-40
5.322499999999999787e+00,1.076458712846158035e-39,-7.796405730509637661e-40,1.641725353338575333e-39
5.327499999999999680e+00,3.068488851010830147e-39,-5.924182951109463580e-40,4.185132162896512371e-39
5.332500000000000462e+00,5.822504667536086324e-39,-4.245180939607485822e-40,7.039073221465014459e-39
5.337500000000000355e+00,8.540786185456110626e-39,-2.818324657422130870e-40,9.571747401184575435e-39
5.342500000000000249e+00,1.073645632377261215e-38,-1.679363275060992747e-40,1.142700036881007020e-38
5.347500000000000142e+00,1.216458541816053378e-38,-8.394922976704564367e-41,1.245857154454939406e-38
5.352500000000000036e+00,1.276024188807138500e-38,-2.839088631432091173e-41,1.267195704722742722e-38
5.357499999999999929e+00,1.258434619482538059e-38,2.554939154662376071e-42,1.217398069170547652e-38
5.362499999999999822e+00,1.177699739940985223e-38,1.434229992016551895e-41,1.112973519780856935e-38
5.367499999999999716e+00,1.051806390660434134e-38,1.311364794760392912e-41,9.726913522547542262e-39
5.372500000000000497e+00,8.995288437396998861e-39,4.745007182306341415e-42,8.147918217059454801e-39
5.377500000000000391e+00,7.380374097953172704e-39,-5.904874993496711652e-42,6.550136490156164365e-39
5.382500000000000284e+00,5.813299209199004249e-39,-1.542076653388884898e-41,5.054356323832428363e-39
5.387500000000000178e+00,4.394536515147885386e-39,-2.191239663505451624e-41,3.740639327023308716e-39
5.392500000000000071e+00,3.184149836909203751e-39,-2.481339506017644645e-41,2.650297878950558378e-39
5.397499999999999964e+00,2.206144469182073172e-39,-2.450793782901171282e-41,1.792154101796295427e-39
5.402499999999999858e+00,1.456122664891894960e-39,-2.190520990977466461e-41,1.151100866785784959e-39
5.407499999999999751e+00,9.103031466339991095e-40,-1.806079119374572053e-41,6.971495853385983208e-40
5.412500000000000533e+00,5.342656875510783991e-40,-1.390549538975388495e-41,3.935608396422387330e-40
5.417500000000000426e+00,2.902741106448309430e-40,-1.010048441585155748e-41,2.031910671744421072e-40
5.422500000000000320e+00,1.425846399907333410e-40,-7.003956234218194785e-42,9.272559541056715085e-41
5.427500000000000213e+00,6.064532229935158195e-41,-4.715254987965100043e-42,3.490627804553970794e-41
5.432500000000000107e+00,2.045799790575641224e-41,-3.157265383503904961e-42,9.146067976672994204e-42
5.437500000000000000e+00,4.576150831917579953e-42,-2.163875036043976297e-42,1.044759065018711022e-42
5.442499999999999893e+00,1.261732160417802189e-42,-1.550877430800043825e-42,1.307937928773735346e-42
5.447499999999999787e+00,3.262120567273922115e-42,-1.161034959232659803e-42,4.472833178177822452e-42
5.452499999999999680e+00,6.546121878693753653e-42,-8.837860045308539121e-43,7.710885749397258862e-42
5.457500000000000462e+00,9.202217413355388216e-42,-6.558355144668281408e-43,9.848045649159766914e-42
5.462500000000000355e+00,1.058594020921427627e-41,-4.507712403134700719e-43,1.064425681992987208e-41
5.467500000000000249e+00,1.072208946172972330e-41,-2.649841331474900786e-43,1.031133430724229824e-41
5.472500000000000142e+00,9.922863651369694983e-42,-1.048991603495810655e-43,9.219610264831489793e-42
5.477500000000000036e+00,8.567306803363528289e-42,2.199868886979007979e-44,7.738474253446121798e-42
5.482499999999999929e+00,6.989882478592904135e-42,1.118923280085755236e-43,6.163534727047646884e-42
5.487499999999999822e+00,5.436669406241491245e-42,1.659114858869544983e-43,4.695160291572273495e-42
5.492499999999999716e+00,4.059848987574402360e-42,1.892530463450252631e-43,3.444590839817853451e-42
5.497500000000000497e+00,2.931395430158183628e-42,1.893826563109685476e-43,2.452595923380854100e-42
5.502500000000000391e+00,2.064236196741718026e-42,1.742194629414817920e-43,1.711660165181574828e-42
5.507500000000000284e+00,1.434008834361803819e-42,1.507959251053349769e-43,1.186568762331070246e-42
5.512500000000000178e+00,9.976820257212564601e-43,1.245393549172484500e-43,8.308079380114459069e-43
5.517500000000000071e+00,7.073915963112837420e-43,9.909887407388391590e-44,5.979055217856634653e-43
5.522499999999999964e+00,5.192478985329428990e-43,7.654056585546963985e-44,4.479745354760263200e-43
5.527499999999999858e+00,3.977669302850986339e-43,5.772333197045457363e-44,3.503938215808543367e-43
5.532499999999999751e+00,3.170394611875334993e-43,4.270841559500544358e-44,2.838312710019600961e-43
5.537500000000000533e+00,2.598547160427210170e-43,3.111272726861637871e-44,2.347755154710004592e-43
5.542500000000000426e+00,2.158419339733834306e-43,2.236795420865957006e-44,1.955066270931920539e-43
5.547500000000000320e+00,1.794052059300594095e-43,1.588383117569152416e-44,1.621237389835481524e-43
5.552500000000000213e+00,1.479132263595999055e-43,1.113356139036990145e-44,1.329512476193819304e-43
5.557500000000000107e+00,1.203407624245097434e-43,7.685689358728378700e-45,1.074198042178929976e-43
5.562500000000000000e+00,9.637702076555191996e-44,5.204788939045691844e-45,8.537983105141261690e-44
5.567499999999999893e+00,7.591856772649918868e-44,3.437683270507147482e-45,6.674309247012168945e-44
5.572499999999999787e+00,5.883222237324338966e-44,2.195706832985064844e-45,5.133853298779757261e-44
5.577499999999999680e+00,4.488129109051757197e-44,1.338428743565484483e-45,3.888771341478014344e-44
5.582500000000000462e+00,3.373444946309841031e-44,7.608235862584082549e-46,2.903381516010275018e-44
5.587500000000000355e+00,2.500533693911785743e-44,3.839686568324735933e-46,2.138493995882037410e-44
5.592500000000000249e+00,1.829461806835866525e-44,1.485451768885037440e-46,1.555240446801601424e-44
5.597500000000000142e+00,1.322243238434787010e-44,1.027627059975288649e-47,1.117728865963388127e-44
5.602500000000000036e+00,9.448479958226625676e-45,-6.340701633885860046e-47,7.945111865488585874e-45
5.607499999999999929e+00,6.681373436145495385e-45,-9.594239099139179614e-47,5.591201687143090088e-45
5.612499999999999822e+00,4.680286403320853442e-45,-1.037208937653780452e-46,3.899840662987693378e-45
5.617499999999999716e+00,3.251834163331741105e-45,-9.780788723729885341e-47,2.699829605906198140e-45
5.622500000000000497e+00,2.244470633230400656e-45,-8.535670700937377104e-47,1.858385706863301865e-45
5.627500000000000391e+00,1.541959672657490421e-45,-7.074368458109951322e-47,1.274620982149942995e-45
5.632500000000000284e+00,1.056878040290348223e-45,-5.644980598849290044e-47,8.733303676760170583e-46
5.637500000000000178e+00,7.246744491832356635e-46,-4.371968414434648648e-47,5.994635018556519921e-46
5.642500000000000071e+00,4.985244080923506819e-46,-3.303402885739638479e-47,4.134277936361940702e-46
5.647499999999999964e+00,3.450458690110466233e-46,-2.443378740922670070e-47,2.872354563219109383e-46
5.652499999999999858e+00,2.408410730254394404e-46,-1.773219760978127938e-47,2.014330466804030761e-46
5.657499999999999751e+00,1.697787782348183230e-46,-1.264624959033759286e-47,1.427164873541375346e-46
5.662500000000000533e+00,1.209098310450377098e-46,-8.872965659854026049e-48,1.021225426537842874e-46
5.667500000000000426e+00,8.690561509229891445e-47,-6.129719982643298693e-48,7.368942482594290591e-47
5.672500000000000320e+00,6.291543754033475419e-47,-4.172328401716400052e-48,5.348833920577319815e-47
5.677500000000000213e+00,4.575046868963265534e-47,-2.800211780930364848e-48,3.894041239116043861e-47
5.682500000000000107e+00,3.331543800243286960e-47,-1.854627367656627209e-48,2.834721825313178651e-47
5.687500000000000000e+00,2.422313719257171402e-47,-1.213641480316062427e-48,2.057663320010623653e-47
5.692499999999999893e+00,1.753987339116212164e-47,-7.859760899908545382e-49,1.485822172746810169e-47
5.697499999999999787e+00,1.262178502543765753e-47,-5.048884089669053511e-49,1.065333923432168476e-47
5.702499999999999680e+00,9.012081010554419952e-48,-3.226544904573513227e-49,7.574427786631064328e-48
5.707500000000000462e+00,6.377668170957235732e-48,-2.058871739839506690e-49,5.335515772837757687e-48
5.712500000000000355e+00,4.470304400665055233e-48,-1.317298237514058414e-49,3.721781851930752922e-48
5.717500000000000249e+00,3.102476175394982456e-48,-8.486842566526274789e-50,2.570372311178280975e-48
5.722500000000000142e+00,2.131850848751428360e-48,-5.525803107838073905e-50,1.757700994821923681e-48
5.727500000000000036e+00,1.450648500577738562e-48,-3.644311633411674302e-50,1.190476408143635900e-48
5.732499999999999929e+00,9.778813947760293790e-49,-2.435230584466237578e-50,7.989535506366513467e-49
5.737499999999999822e+00,6.533714766310695084e-49,-1.645843822235773595e-50,5.316318883554344513e-49
5.742499999999999716e+00,4.329900447503427099e-49,-1.121035428177135876e-50,3.510044946385423383e-49
5.747500000000000497e+00,2.848329396826939713e-49,-7.659900642416143773e-51,2.301463357107734867e-49
5.752500000000000391e+00,1.861653008883702110e-49,-5.224374303131810024e-51,1.500060919696291211e-49
5.757500000000000284e+00,1.210167609503616701e-49,-3.539663177314363115e-51,9.729332611803024593e-50
5.762500000000000178e+00,7.832403088697850339e-50,-2.371966384831005996e-51,6.286252922777212501e-50
5.767500000000000071e+00,5.052502738468204850e-50,-1.565990162392954246e-51,4.050209642476152056e-50
5.772499999999999964e+00,3.251600691833508201e-50,-1.015038373061068001e-51,2.604463659724117129e-50
5.777499999999999858e+00,2.089289131003558847e-50,-6.437870610537655501e-52,1.672570818190438562e-50
5.782499999999999751e+00,1.340952632207639522e-50,-3.981782778186134795e-52,1.072997288182427127e-50
5.787500000000000533e+00,8.597683558427039329e-51,-2.392216983523283352e-52,6.875564885556535449e-51
5.792500000000000426e+00,5.505043212490581201e-51,-1.389350890174472891e-52,4.398242252174544099e-51
5.797500000000000320e+00,3.517472455772631023e-51,-7.749228005284593425e-53,2.806126991993911781e-51
5.802500000000000213e+00,2.240345545771624757e-51,-4.110598634842072415e-53,1.783411194219224355e-51
5.807500000000000107e+00,1.420426056947424425e-51,-2.040818872172064392e-53,1.127388153001503506e-51
5.812500000000000000e+00,8.950980133576234800e-52,-9.202964440495772108e-54,7.077505538865544152e-52
5.817499999999999893e+00,5.597102592172237461e-52,-3.515938006444483541e-54,4.405129044785855261e-52
5.822499999999999787e+00,3.467222149967921462e-52,-8.847605319341530844e-55,2.713926728614409934e-52
5.827499999999999680e+00,2.124316311395202117e-52,1.562644028828093463e-55,1.652338179298380513e-52
5.832500000000000462e+00,1.285224750183412668e-52,4.389765875504482074e-55,9.925830614276434574e-53
5.837500000000000355e+00,7.665899709268067687e-53,4.080790830119114399e-55,5.873486776723428492e-53
5.842500000000000249e+00,4.500386583458036656e-53,2.827124221861247821e-55,3.417768371891278325e-53
5.847500000000000142e+00,2.595763650610809634e-53,1.579528741818338556e-55,1.952060783079386070e-53
5.852500000000000036e+00,1.468080805833155271e-53,6.562989743984180641e-56,1.092023775287055319e-53
5.857499999999999929e+00,8.123251757588229877e-54,8.781371462262917206e-57,5.969178784362128079e-54
5.862499999999999822e+00,4.386318870257749565e-54,-2.016875321825729821e-56,3.179565729486029777e-54
5.867499999999999716e+00,2.304904250186060977e-54,-3.074201295700303513e-56,1.645725941117998408e-54
5.872500000000000497e+00,1.175475703344579635e-54,-3.092877189623992075e-56,8.257100089717124426e-55
5.877500000000000391e+00,5.808317482908725625e-55,-2.629919418616111721e-56,4.013862425378548637e-55
5.882500000000000284e+00,2.785704531296912049e-55,-2.023051812444618111e-56,1.900383201675658316e-55
5.887500000000000178e+00,1.311116688268793612e-55,-1.448597857367360533e-56,8.934423277887074060e-56
5.892500000000000071e+00,6.248288637755840784e-56,-9.793954195292183778e-57,4.369810108303850960e-56
5.897499999999999964e+00,3.209591767135802799e-56,-6.299388458432192147e-57,2.397230027802956981e-56
5.902499999999999858e+00,1.914117184187839576e-56,-3.868112719277747106e-57,1.560565371774553074e-56
5.907499999999999751e+00,1.350485362665527771e-56,-2.268729049724101848e-57,1.175882150577472596e-56
5.912500000000000533e+00,1.061966450511260072e-56,-1.267778596068423219e-57,9.493562260978170267e-57
5.917500000000000426e+00,8.638218931262319911e-57,-6.704442809334214837e-58,7.716088117062540464e-57
5.922500000000000320e+00,6.944430540769355513e-57,-3.308538469404119151e-58,6.121765984755675089e-57
5.927500000000000213e+00,5.412320393945922542e-57,-1.478146537782477865e-58,4.688796180974751037e-57
5.932500000000000107e+00,4.066030315428307336e-57,-5.529018587625288276e-59,3.459233930035193197e-57
5.937500000000000000e+00,2.943744994213140921e-57,-1.243444247425966915e-59,2.460851650966458033e-57
5.942499999999999893e+00,2.057224887117891425e-57,4.767290111021423859e-60,1.691324602457677363e-57
5.947499999999999787e+00,1.390514792936049543e-57,9.720357036247815047e-60,1.125212591692437168e-57
5.952499999999999680e+00,9.105964699379911793e-58,9.487340323199065472e-60,7.256828684637421889e-58
5.957500000000000462e+00,5.784182704376619619e-58,7.531078144135040688e-60,4.540699837968689859e-58
5.962500000000000355e+00,3.565521316732484369e-58,5.382265300126568718e-60,2.756569639747123659e-58
5.967500000000000249e+00,2.131966795732948950e-58,3.601224289527709624e-60,1.621985367137436284e-58
5.972500000000000142e+00,1.234603380368975734e-58,2.303338615908459125e-60,9.228519120169439411e-59
5.977500000000000036e+00,6.902509760961424781e-59,1.428883389938208976e-60,5.055739969360964974e-59
5.982499999999999929e+00,3.706032240605098531e-59,8.708395342483536583e-61,2.648267037072344781e-59
5.987499999999999822e+00,1.894452465270972919e-59,5.282262477182258329e-61,1.311329170586701907e-59
5.992499999999999716e+00,9.091674005518170995e-60,3.230811755127755974e-61,6.022725317228091995e-60
5.997500000000000497e+00,4.001199522846027038e-60,2.014914710468223669e-61,2.481290126278940278e-60
6.002500000000000391e+00,1.548885395064179030e-60,1.289197744245221245e-61,8.595113120199260375e-61
6.007500000000000284e+00,4.876926376444945449e-61,8.452717171077619301e-62,2.178927581811568459e-61
6.012500000000000178e+00,1.120010691345152637e-61,5.633549028650697180e-62,3.621561406047850347e-62
6.017500000000000071e+00,4.004656564672411602e-62,3.770199663931573596e-62,4.097398746774610986e-62
6.022499999999999964e+00,7.741757999793929321e-62,2.500036843174627569e-62,9.870321670013738276e-62
6.027499999999999858e+00,1.339145890242667202e-61,1.621671927275386128e-62,1.519586980374086344e-61
6.032499999999999751e+00,1.743979357541363417e-61,1.016278235483772045e-62,1.820748670758738040e-61
6.037500000000000533e+00,1.906819551624206025e-61,6.068049452314194499e-63,1.882920116824401377e-61
6.042500000000000426e+00,1.861251257747245348e-61,3.384681174110093705e-63,1.766257539478723115e-61
6.047500000000000320e+00,1.676727572078434062e-61,1.700758532646540943e-63,1.543661945334519184e-61
6.052500000000000213e+00,1.421328961912667784e-61,7.024504456645608331e-64,1.277078188101771643e-61
6.057500000000000107e+00,1.147502151784323842e-61,1.548663043947125570e-64,1.010251523288309377e-61
6.062500000000000000e+00,8.894192808933399597e-62,-1.116190863417396928e-64,7.693556722728505997e-62
6.067499999999999893e+00,6.655009724389323451e-62,-2.139847502890045577e-64,5.667222479432359343e-62
6.072499999999999787e+00,4.826118947416598665e-62,-2.287012716549758470e-64,4.051876609204749374e-62
6.077500000000000568e+00,3.401952433792737701e-62,-2.027562722763653182e-64,2.819091734014934519e-62
6.082500000000000462e+00,2.336214118370302515e-62,-1.629157051398128302e-64,1.912490263532023219e-62
6.087500000000000355e+00,1.565731665865570212e-62,-1.229272208504146589e-64,1.267127694732404399e-62
6.092500000000000249e+00,1.025567624888276419e-62,-8.873141537697224136e-65,8.210033605278873460e-63
6.097500000000000142e+00,6.573191609010378296e-63,-6.197671953967819725e-65,5.207900245686956451e-63
6.102500000000000036e+00,4.126772456413318195e-63,-4.222570562407284406e-65,3.237510892686944872e-63
6.107499999999999929e+00,2.540304778420794984e-63,-2.823321684743625942e-65,1.974247699330116938e-63
6.112499999999999822e+00,1.534639121242501570e-63,-1.861555081195723651e-65,1.182064145173257367e-63
6.117499999999999716e+00,9.107171599435370029e-64,-1.215073908733669956e-65,6.955933186847272392e-64
6.122500000000000497e+00,5.314467836415951443e-64,-7.874823060561115422e-66,4.027293287006603069e-64
6.127500000000000391e+00,3.053041810171948702e-64,-5.078268726931746324e-66,2.296953946360594893e-64
6.132500000000000284e+00,1.728956444501004527e-64,-3.262741275472877738e-66,1.292438199862450225e-64
6.137500000000000178e+00,9.667456076426266612e-65,-2.089547177218180841e-66,7.187170411596816013e-65
6.142500000000000071e+00,5.347744038419502134e-65,-1.333656651941147568e-66,3.958619574263299462e-65
6.147499999999999964e+00,2.933658608505476253e-65,-8.477455129533473628e-67,2.165366758104697855e-65
6.152499999999999858e+00,1.600731560256258150e-65,-5.361693367308971486e-67,1.180160533115440094e-65
6.157499999999999751e+00,8.718848894791555824e-66,-3.370590675220886555e-67,6.433847781278997622e-66
6.162500000000000533e+00,4.760720892004848340e-66,-2.104140586671944495e-67,3.524368537248176559e-66
6.167500000000000426e+00,2.618394975299669242e-66,-1.303499412977336237e-67,1.949460119150918827e-66
6.172500000000000320e+00,1.457910628215801067e-66,-8.010628881894064418e-68,1.094255753751623948e-66
6.177500000000000213e+00,8.257108829778618319e-67,-4.883973159915187274e-68,6.260138748926227484e-67
6.182500000000000107e+00,4.775021125055517633e-67,-2.955673890690863484e-68,3.661219013878888155e-67
6.187500000000000000e+00,2.825513101559849198e-67,-1.777207087033483571e-68,2.191415998392611613e-67
6.192499999999999893e+00,1.710800323539295503e-67,-1.063210654822170718e-68,1.340983487661717828e-67
6.197499999999999787e+00,1.057716004754481789e-67,-6.339313791794423086e-69,8.364295381634537531e-68
6.202500000000000568e+00,6.652381727085054314e-68,-3.774168183181648704e-69,5.295209232494345485e-68
6.207500000000000462e+00,4.236329998307454838e-68,-2.247741602179210875e-69,3.385947246230721480e-68
6.212500000000000355e+00,2.718192912723924978e-68,-1.341115193677786710e-69,2.176443495283082256e-68
6.217500000000000249e+00,1.749284300437033240e-68,-8.023603984603828374e-70,1.400305500803297951e-68
6.222500000000000142e+00,1.124627550352249563e-68,-4.813885566418152555e-70,8.985423984988538434e-69
6.227500000000000036e+00,7.199679494523509896e-69,-2.893974648644786358e-70,5.733678643065180686e-69
6.232499999999999929e+00,4.577817901433270296e-69,-1.740396437672149282e-70,3.630144000703932087e-69
6.237499999999999822e+00,2.885268821923649225e-69,-1.044579371977304287e-70,2.276455204978149144e-69
6.242499999999999716e+00,1.799887664350581483e-69,-6.239633104965574747e-71,1.412118092193322358e-69
6.247500000000000497e+00,1.110053059421936352e-69,-3.698074251940617088e-71,8.656221966024938571e-70
6.252500000000000391e+00,6.762463795731769164e-70,-2.167798638544541834e-71,5.239587195824418622e-70
6.257500000000000284e+00,4.066604764579612461e-70,-1.252831303820450422e-71,3.129729251926465384e-70
6.262500000000000178e+00,2.412553375871707899e-70,-7.114631465478707417e-72,1.843842931485088697e-70
6.267500000000000071e+00,1.411292528541984259e-70,-3.955762551931666826e-72,1.070853644063737575e-70
6.272499999999999964e+00,8.136458668335902011e-71,-2.144314537139601991e-72,6.127809143440645647e-71
6.277499999999999858e+00,4.620686625384890609e-71,-1.127098708073226982e-72,3.453145452935283161e-71
6.282499999999999751e+00,2.583364335622027931e-71,-5.700023324552097153e-73,1.915146580061287371e-71
6.287500000000000533e+00,1.421028926927014582e-71,-2.739414577448239127e-73,1.044679700995522786e-71
6.292500000000000426e+00,7.685319392170965791e-72,-1.223353804834726774e-73,5.600801707474098948e-72
6.297500000000000320e+00,4.083622828185077327e-72,-4.833984370613828122e-74,2.949042335107679031e-72
6.302500000000000213e+00,2.130262220767619880e-72,-1.457003901689471618e-74,1.523927322897133977e-72
6.307500000000000107e+00,1.090272713315295393e-72,-7.207280921392465290e-76,7.724131973099425813e-73
6.312500000000000000e+00,5.472233318701923689e-73,3.856840739463697344e-75,3.839233080242932672e-73
6.317499999999999893e+00,2.693817552716736187e-73,4.509096728591022136e-75,1.872374654004158015e-73
6.322499999999999787e+00,1.302174320139203908e-73,3.769589363663947291e-75,8.978410815492083438e-74
6.327500000000000568e+00,6.201470691175897003e-74,2.741012160244936474e-75,4.253854673042204140e-74
6.332500000000000462e+00,2.930016436559778004e-74,1.836691084170144714e-75,2.010516051647597192e-74
6.337500000000000355e+00,1.391087464377843172e-74,1.162508544235901392e-75,9.636504431619165153e-75
6.342500000000000249e+00,6.772661402579303780e-75,7.037547732688264364e-76,4.796392853394222688e-75
6.347500000000000142e+00,3.469929144256321657e-75,4.102905929358544649e-76,2.543804707654176314e-75
6.352500000000000036e+00,1.913376465431583862e-75,2.312442340446991429e-76,1.460473372050607062e-75
6.357499999999999929e+00,1.142721469480712091e-75,1.262528851115248622e-76,9.038245000333461368e-76
6.362499999999999822e+00,7.288202244401512355e-76,6.683393098404098767e-77,5.902071626932190058e-76
6.367499999999999716e+00,4.840854539899383451e-76,3.431254480743476229e-77,3.963439415342948348e-76
6.372500000000000497e+00,3.269378772232066013e-76,1.708684617236862647e-77,2.681061686257873641e-76
6.377500000000000391e+00,2.207541034410140182e-76,8.259306168362132552e-78,1.802803658924855500e-76
6.382500000000000284e+00,1.475362222356775458e-76,3.885826008199018779e-78,1.196175425115000074e-76
6.387500000000000178e+00,9.708433565132162731e-77,1.792443008142450277e-78,7.802880855995826087e-77
6.392500000000000071e+00,6.274655716965939875e-77,8.237777571394131715e-79,4.996138265465794240e-77
6.397499999999999964e+00,3.979211735565358537e-77,3.885158439928003262e-79,3.138316613221936113e-77
6.402499999999999858e+00,2.475500492319388517e-77,1.959924615914850242e-79,1.933832442645765166e-77
6.407499999999999751e+00,1.510842780392687500e-77,1.095151641135375399e-79,1.169134938781190472e-77
6.412500000000000533e+00,9.047906628877070071e-78,6.788886131160851317e-80,6.936257725033617601e-78
6.417500000000000426e+00,5.317946139277346776e-78,4.516101510742303446e-80,4.039203182106303693e-78
6.422500000000000320e+00,3.068327778483397484e-78,3.091130361676638025e-80,2.309257292702622411e-78
6.427500000000000213e+00,1.738283891960141231e-78,2.110750566840748507e-80,1.296465429380595922e-78
6.432500000000000107e+00,9.671999747283547344e-79,1.413371416821626547e-80,7.149772141973487151e-79
6.437500000000000000e+00,5.287346898879092780e-79,9.206604459714403242e-81,3.874726513808215810e-79
6.442499999999999893e+00,2.841118996100060088e-79,5.815520788347471534e-81,2.064661567554689893e-79
6.447499999999999787e+00,1.501594766920178427e-79,3.558600883239333692e-81,1.082545907680107655e-79
6.452500000000000568e+00,7.812840268921441943e-80,2.108787986603407863e-81,5.590798760693255731e-80
6.457500000000000462e+00,4.006417586035562454e-80,1.209697981562361371e-81,2.847703120138388988e-80
6.462500000000000355e+00,2.027758359694800339e-80,6.711010125036214517e-82,1.432823067016556302e-80
6.467500000000000249e+00,1.014660202103291507e-80,3.593286129182416397e-82,7.134184881881037828e-81
6.472500000000000142e+00,5.028847182056653226e-81,1.850074573611204432e-82,3.521757600369709135e-81
6.477500000000000036e+00,2.473132291515500953e-81,9.100452045560153684e-83,1.726566470728831708e-81
6.482499999999999929e+00,1.208715607670367302e-81,4.227105787898480432e-83,8.417405875327646154e-82
6.487499999999999822e+00,5.876602027198478732e-82,1.812425811170668232e-83,4.083339538124871600e-82
6.492499999999999716e+00,2.842886174612751668e-82,6.810646200128142608e-84,1.970752592651794088e-82
6.497500000000000497e+00,1.367801604698359141e-82,1.900636418158965721e-84,9.456316108544571832e-83
6.502500000000000391e+00,6.540278811296471242e-83,1.568206458418373771e-86,4.508536385189997015e-83
6.507500000000000284e+00,3.107956615052042708e-83,-5.415918468694214161e-85,2.137845242200860775e-83
6.512500000000000178e+00,1.471486273243949833e-83,-5.792843831168520031e-85,1.012950640475548321e-83
6.517500000000000071e+00,6.995815881691148428e-84,-4.557717532651700393e-85,4.852020179969980589e-84
6.522499999999999964e+00,3.394861745871036581e-84,-3.137430307457316063e-85,2.399946147224422429e-84
6.527499999999999858e+00,1.725600816010787607e-84,-1.993121712307506159e-85,1.261554373323402033e-84
6.532499999999999751e+00,9.453198928261982377e-85,-1.195415221005918245e-85,7.219698189858495037e-85
6.537500000000000533e+00,5.665072734601246152e-85,-6.842657502214616689e-86,4.510683272489852865e-85
6.542500000000000426e+00,3.674177574899398066e-85,-3.754990007310712627e-86,3.010368670947429497e-85
6.547500000000000320e+00,2.504865060808558641e-85,-1.975360946483226215e-86,2.079030322485249337e-85
6.552500000000000213e+00,1.741166683483618417e-85,-9.913790009693714639e-87,1.446486452589871269e-85
6.557500000000000107e+00,1.207323457715033495e-85,-4.690168630768924591e-87,9.967160034388450940e-86
6.562500000000000000e+00,8.246692742754707048e-86,-2.037162260698135383e-87,6.741225334673471711e-86
6.567499999999999893e+00,5.515619501353421473e-86,-7.604384427694346131e-88,4.458014255761032207e-86
6.572499999999999787e+00,3.604250395797413375e-86,-1.903981942330192216e-88,2.879635665844001010e-86
6.577500000000000568e+00,2.300801324012839958e-86,3.432864953996578283e-89,1.817717602358302202e-86
6.582500000000000462e+00,1.436068830455248777e-86,1.011888878536673984e-88,1.122601063864589978e-86
6.587500000000000355e+00,8.776289226336185243e-87,1.030538702552880551e-88,6.793646446205315417e-87
6.592500000000000249e+00,5.260110616874552834e-87,8.326858355642775028e-89,4.035473959417613732e-87
6.597500000000000142e+00,3.097270175627128371e-87,6.032542914214407371e-89,2.357017923032297619e-87
6.602500000000000036e+00,1.794862033878288695e-87,4.090208978222587422e-89,1.356057823304106995e-87
6.607499999999999929e+00,1.025463665926334271e-87,2.648210084551815541e-89,7.698539006393027331e-88
6.612499999999999822e+00,5.786419838276039667e-88,1.655510349646221681e-89,4.320271710151125449e-88
6.617499999999999716e+00,3.230348871518969446e-88,1.006070799561478332e-89,2.400633953899576919e-88
6.622500000000000497e+00,1.787164605053376149e-88,5.970238351143809647e-90,1.323009462032596423e-88
6.627500000000000391e+00,9.813972402236243037e-89,3.470530436651408087e-90,7.242496396544790346e-89
6.632500000000000284e+00,5.357076392134726133e-89,1.980908117648040222e-90,3.943735410732296571e-89
6.637500000000000178e+00,2.910596716982068162e-89,1.112233946309832786e-90,2.138698794072063240e-89
6.642500000000000071e+00,1.575760444076249017e-89,6.152370544264500546e-91,1.156243240881789897e-89
6.647499999999999964e+00,8.508168887321964382e-90,3.357022523789678694e-91,6.236461803442712275e-90
6.652499999999999858e+00,4.584553074184430065e-90,1.808891982189390304e-91,3.357692735885705812e-90
6.657499999999999751e+00,2.466286512052945794e-90,9.634940908523870306e-92,1.805001940616248639e-90
6.662500000000000533e+00,1.324791421552954264e-90,5.077600138209818967e-92,9.688947317371900520e-91
6.667500000000000426e+00,7.105535167196199530e-91,2.649771544296865695e-92,5.192675325687491244e-91
6.672500000000000320e+00,3.804652189349564859e-91,1.370392656748191175e-92,2.777930177926443491e-91
6.677500000000000213e+00,2.033214982285571064e-91,7.029066236952737093e-93,1.482981094278881946e-91
6.682500000000000107e+00,1.084082953553287453e-91,3.578346915598606871e-93,7.897542239981828610e-92
6.687500000000000000e+00,5.765169435966860713e-92,1.809279458371717501e-93,4.194259879303740867e-92
6.692499999999999893e+00,3.057074220016593077e-92,9.092152681472680508e-94,2.220810689452111154e-92
6.697499999999999787e+00,1.616011417085015267e-92,4.544244291030759889e-94,1.172132728591904555e-92
6.702500000000000568e+00,8.514544727263975310e-93,2.260406142504900990e-94,6.166000953519544735e-93
6.707500000000000462e+00,4.471250470526112784e-93,1.119799381443031131e-94,3.232833058776528651e-93
6.712500000000000355e+00,2.340228793139826578e-93,5.528757149750399547e-95,1.689452949261615377e-93
6.717500000000000249e+00,1.220952409314340018e-93,2.722447722596406130e-95,8.801550978227671921e-94
6.722500000000000142e+00,6.350895927377607456e-94,1.337990606476676661e-95,4.572178852578191652e-94
6.727500000000000036e+00,3.294451977775169138e-94,6.567899840496020421e-96,2.369013736068047085e-94
6.732499999999999929e+00,1.704847983944074537e-94,3.222501530574809142e-96,1.224743580839584431e-94
6.737499999999999822e+00,8.804511044712966609e-95,1.581433046177593835e-96,6.320130708306877466e-95
6.742499999999999716e+00,4.539611714029262777e-95,7.767294588896226305e-97,3.256797861134713385e-95
6.747500000000000497e+00,2.337813465855882264e-95,3.820140490602883556e-97,1.676576383149209818e-95
6.752500000000000391e+00,1.202990639306999851e-95,1.882157343090265027e-97,8.625885694133637678e-96
6.757500000000000284e+00,6.188022311942831505e-96,9.292123746597056343e-98,4.437115414194648724e-96
6.762500000000000178e+00,3.183024650257261785e-96,4.597364410275978977e-98,2.282786295247367172e-96
6.767500000000000071e+00,1.637821700595356353e-96,2.279465419058776534e-98,1.174962399634270295e-96
6.772499999999999964e+00,8.432274626181652804e-97,1.132503691108986466e-98,6.051657681575096544e-97
6.777499999999999858e+00,4.344662379391698461e-97,5.637162775836229668e-99,3.119472330811987898e-97
6.782499999999999751e+00,2.240515955691040848e-97,2.810835575049455175e-99,1.609438626393899168e-97
6.787500000000000533e+00,1.156467002705415272e-97,1.403923961996139096e-99,8.310931074623638985e-98
6.792500000000000426e+00,5.974341264422136323e-98,7.024839936778050820e-100,4.295064281715083014e-98
6.797500000000000320e+00,3.088627047732473526e-98,3.522622805810882537e-100,2.221099520341949606e-98
6.802500000000000213e+00,1.597643189076240360e-98,1.771356673332969866e-100,1.149090701117007915e-98
6.807500000000000107e+00,8.266696962565445506e-99,8.940402991069150404e-101,5.945935014847869556e-99
6.812500000000000000e+00,4.277662099081481176e-99,4.534557107130056868e-101,3.076421801519700455e-99
6.817499999999999893e+00,2.212990905409330165e-99,2.314360410846345422e-101,1.591135871157779815e-99
6.822499999999999787e+00,1.144265428613577569e-99,1.190276964133169400e-101,8.223979572716342786e-100
6.827500000000000568e+00,5.911915707086709077e-100,6.176073215853654880e-102,4.246738594411491268e-100
6.832500000000000462e+00,3.051228057206174598e-100,3.235782504724443998e-102,2.190411225285421462e-100
6.837500000000000355e+00,1.572792421518395319e-100,1.712183363096947425e-102,1.128252945242202526e-100
6.842500000000000249e+00,8.095460330393631086e-101,9.145895122351967068e-103,5.802708775751301392e-101
6.847500000000000142e+00,4.160330914042342839e-101,4.926167390197081763e-103,2.979554667854954840e-101
6.852500000000000036e+00,2.134487115262556419e-101,2.670864525655151291e-103,1.527359033446531074e-101
6.857499999999999929e+00,1.093255120678074707e-101,1.454588772719347086e-103,7.816134586222685109e-102
6.862499999999999822e+00,5.590014352461410339e-102,7.939380458576378735e-104,3.993122720158905722e-102
6.867499999999999716e+00,2.853540515049326734e-102,4.333250897529591935e-104,2.036689805252485689e-102
6.872500000000000497e+00,1.454327719290070519e-102,2.360033661391833437e-104,1.037192090114255650e-102
6.877500000000000391e+00,7.400838156404493304e-103,1.280289372274888053e-104,5.274106817731050866e-103
6.882500000000000284e+00,3.760735412045073149e-103,6.907511151503413082e-105,2.678080355290790078e-103
6.887500000000000178e+00,1.908372957437730756e-103,3.701926749075558197e-105,1.358005806133179506e-103
6.892500000000000071e+00,9.670804590182931945e-104,1.968882308587651414e-105,6.876740322623422348e-104
6.897499999999999964e+00,4.893938451438644975e-104,1.038488578213123038e-105,3.477284339880640677e-104
6.902499999999999858e+00,2.472914419692443759e-104,5.429699989346367947e-106,1.755559789676005156e-104
6.907499999999999751e+00,1.247490942168699880e-104,2.813384147654876083e-106,8.847347379081883538e-105
6.912500000000000533e+00,6.280984037732100741e-105,1.444514013440696665e-106,4.449355484251025218e-105
6.917500000000000426e+00,3.155179238401722106e-105,7.349848291333997132e-107,2.231990898853079090e-105
6.922500000000000320e+00,1.580634576589009438e-105,3.706630639519362951e-107,1.116313548187995021e-105
6.927500000000000213e+00,7.892588631269906774e-106,1.853337064439546791e-107,5.563300074725672593e-106
6.932500000000000107e+00,3.925791366019991447e-106,9.191301480937258375e-108,2.760948018653968701e-106
6.937500000000000000e+00,1.943883730056010697e-106,4.523329488006138399e-108,1.363547100519956843e-106
6.942499999999999893e+00,9.575195869603046499e-107,2.210247739765164741e-108,6.696713444329142768e-107
6.947499999999999787e+00,4.688658437650449952e-107,1.072984298671899346e-108,3.268282667785667129e-107
6.952500000000000568e+00,2.280649079432337052e-107,5.178472757515170650e-109,1.583904244635847066e-107
6.957500000000000462e+00,1.101192786226714080e-107,2.486352305758339945e-109,7.616875632796527000e-108
6.962500000000000355e+00,5.274154953591908178e-108,1.188436671617692396e-109,3.632073990102441853e-108
6.967500000000000249e+00,2.503924401729847176e-108,5.658980238570054047e-110,1.716159873660935339e-108
6.972500000000000142e+00,1.177514431210882730e-108,2.686194840606870488e-110,8.029412060597775465e-109
6.977500000000000036e+00,5.481343816713772719e-109,1.271900053574052330e-110,3.717314918177924942e-109
6.982499999999999929e+00,2.523944485326087540e-109,6.011125939838524477e-111,1.701709118093464190e-109
6.987499999999999822e+00,1.148768248654366870e-109,2.837360378230283766e-111,7.697161607102666654e-110
6.992499999999999716e+00,5.164383940321164184e-110,1.338448423679708551e-111,3.437367748109084771e-110
6.997500000000000497e+00,2.291350065044375207e-110,6.313943673872748530e-112,1.514288393201441798e-110
7.002500000000000391e+00,1.002490174373160530e-110,2.980637538142113676e-112,6.574899943721559703e-111
7.007500000000000284e+00,4.321054946835133178e-111,1.409077071633951416e-112,2.810973184468848518e-111
7.012500000000000178e+00,1.833215574252965856e-111,6.675464801509202725e-113,1.182221266728894760e-111
7.017500000000000071e+00,7.648327486575319270e-112,3.171204859116732904e-113,4.887123872439061187e-112
7.022499999999999964e+00,3.135920263514781459e-112,1.511376366256130643e-113,1.984834896221896170e-112
7.027499999999999858e+00,1.263556410080349805e-112,7.228171722790324352e-114,7.923561062890946751e-113
7.032499999999999751e+00,5.010087723576771837e-113,3.468528473818939581e-114,3.116892754635516509e-113
7.037500000000000533e+00,1.963104816578886070e-113,1.669155551480939657e-114,1.215992564492028681e-113
7.042500000000000426e+00,7.674061551515527666e-114,8.047531743698717177e-115,4.768706447813352628e-114
7.047500000000000320e+00,3.047693675646394293e-114,3.881800194069219016e-115,1.924950469200681998e-114
7.052500000000000213e+00,1.265257747901723761e-114,1.869952361240339234e-115,8.265478807173609674e-115
7.057500000000000107e+00,5.675907684757560419e-115,8.977173887430720813e-116,3.890409134668381371e-115
7.062500000000000000e+00,2.808569242232799513e-115,4.284870030864468648e-116,2.022563358692467523e-115
7.067499999999999893e+00,1.521900755539592872e-115,2.028211832577006037e-116,1.137291825168470012e-115
7.072499999999999787e+00,8.769094325732879508e-116,9.494378590077477153e-117,6.685800362058951032e-116
7.077500000000000568e+00,5.200235855099398647e-116,4.382076796077962363e-117,3.990554219591305316e-116
7.082500000000000462e+00,3.099195767084524196e-116,1.987241373161176851e-117,2.373748669647915317e-116
7.087500000000000355e+00,1.830853697488459197e-116,8.817803369530998743e-118,1.393507652022150837e-116
7.092500000000000249e+00,1.064879703138021043e-116,3.807507288610978589e-118,8.038190502573380022e-117
7.097500000000000142e+00,6.081201236380012581e-117,1.587546166165630787e-118,4.549195960901840149e-117
7.102500000000000036e+00,3.407285191456189430e-117,6.314389089987347283e-119,2.525809328679960709e-117
7.107499999999999929e+00,1.873544348976685844e-117,2.344509126445349309e-119,1.376534826096736195e-117
7.112499999999999822e+00,1.011664229243796860e-117,7.760951322738995001e-120,7.369272730966712393e-118
7.117499999999999716e+00,5.368599803168932240e-118,2.003934489375307976e-120,3.878473743309848798e-118
7.122500000000000497e+00,2.802026730323286395e-118,1.409261922996360043e-121,2.008288900250215236e-118
7.127500000000000391e+00,1.439396080429985181e-118,-3.103334709100563485e-121,1.023811749795438736e-118
7.132500000000000284e+00,7.282221648070555336e-119,-3.161320657343245643e-121,5.141727667362247298e-119
7.137500000000000178e+00,3.630535306097580936e-119,-2.221326557832627687e-121,2.545243064704260050e-119
7.142500000000000071e+00,1.784518023199373973e-119,-1.343628155682497356e-121,1.242485604582175363e-119
7.147499999999999964e+00,8.651921645979989565e-120,-7.436233191547420623e-122,5.983919550795886941e-120
7.152499999999999858e+00,4.139291178560910034e-120,-3.856974514079571549e-122,2.844378494243670578e-120
7.157499999999999751e+00,1.954918437646471818e-120,-1.893225604977218554e-122,1.334935477805489247e-120
7.162500000000000533e+00,9.117573019408166316e-121,-8.810521032772214823e-123,6.188157252766889180e-121
7.167500000000000426e+00,4.200794732493899680e-121,-3.867204463964645710e-123,2.834290572654936364e-121
7.172500000000000320e+00,1.912661553093138019e-121,-1.577073160777641413e-123,1.283112851167111652e-121
7.177500000000000213e+00,8.609088744125842887e-122,-5.763909366386606378e-124,5.743642727672342760e-122
7.182500000000000107e+00,3.832316639873577629e-122,-1.704287131667888900e-124,2.543306299662317105e-122
7.187500000000000000e+00,1.687933957768723936e-122,-2.315208993658452720e-125,1.114627715573962237e-122
7.192499999999999893e+00,7.360479352880846157e-123,1.974314443089982081e-125,4.838334965017579835e-123
7.197499999999999787e+00,3.180482398378199592e-123,2.506692493403709171e-125,2.082383837127738529e-123
7.202500000000000568e+00,1.363614147988368634e-123,1.962782656512295524e-125,8.901024691478139001e-124
7.207500000000000462e+00,5.812990854693497344e-124,1.299522000579383282e-125,3.788378991597888072e-124
7.212500000000000355e+00,2.471826176481701155e-124,7.860741210893310519e-126,1.611865577969229585e-124
7.217500000000000249e+00,1.053589362981576907e-124,4.482705207779577192e-126,6.896466273845976923e-125
7.222500000000000142e+00,4.533283573680946479e-125,2.448667442214929783e-126,2.991464618951135921e-125
7.227500000000000036e+00,1.987261582567863598e-125,1.293142528165282749e-126,1.328841398783198433e-125
7.232499999999999929e+00,8.969838972070563884e-126,6.641173891066269871e-127,6.108412905621718889e-126
7.237499999999999822e+00,4.208967435160637321e-126,3.330202011540560688e-127,2.928905019044100955e-126
7.242499999999999716e+00,2.064493774023883790e-126,1.635272597182650397e-127,1.468510830688402007e-126
7.247500000000000497e+00,1.057530544286759717e-126,7.880923382321794186e-128,7.667054973126701300e-127
7.252500000000000391e+00,5.617314962244620846e-127,3.734444588538880661e-128,4.129976050874440804e-127
7.257500000000000284e+00,3.061278041239421798e-127,1.742728367457237315e-128,2.269808919112426609e-127
7.262500000000000178e+00,1.692888878793746468e-127,8.021156994710790753e-129,1.259680449059947933e-127
7.267500000000000071e+00,9.411301294816780648e-128,3.646711968363451742e-129,7.001809545684371849e-128
7.272499999999999964e+00,5.223328895326355945e-128,1.640310278933590181e-129,3.875426343269589533e-128
7.277499999999999858e+00,2.880507014153773199e-128,7.313189914879851166e-130,2.127824504801870473e-128
7.282499999999999751e+00,1.573676222843747790e-128,3.238737049582770449e-130,1.156240548426276347e-128
7.287500000000000533e+00,8.502010312991656804e-129,1.428354830366185433e-130,6.209920233435411526e-129
7.292500000000000426e+00,4.538163312021223378e-129,6.291940883039520411e-131,3.294337089678790776e-129
7.297500000000000320e+00,2.392292865195618026e-129,2.777801295051751864e-131,1.725828195418124467e-129
7.302500000000000213e+00,1.245355291338899446e-129,1.233645042049280393e-131,8.928795228480812483e-130
7.307500000000000107e+00,6.402879851846243256e-130,5.531695055183058483e-132,4.562911441332233639e-130
7.312500000000000000e+00,3.252164848986611981e-130,2.512638936334801913e-132,2.303956034716150999e-130
7.317499999999999893e+00,1.632403334966757485e-130,1.158876241128730047e-132,1.149849941245244825e-130
7.322499999999999787e+00,8.100260263330357576e-131,5.432977026724155797e-133,5.674219889227788492e-131
7.327500000000000568e+00,3.975146727199954418e-131,2.587847616777356152e-133,2.769724417435362319e-131
7.332500000000000462e+00,1.930002480555105985e-131,1.250102173212911716e-133,1.337825902709247345e-131
7.337500000000000355e+00,9.274259694160292209e-132,6.106996524103773575e-134,6.396755684966040974e-132
7.342500000000000249e+00,4.412450608814344622e-132,3.006986888342220366e-134,3.028846521616973877e-132
7.347500000000000142e+00,2.079301563217098560e-132,1.487230650603681635e-134,1.420715950040394189e-132
7.352500000000000036e+00,9.708332027975402687e-133,7.365564347561924006e-135,6.603883784782114821e-133
7.357499999999999929e+00,4.492708538504720726e-133,3.642891380855436207e-135,3.042971410521068532e-133
7.362499999999999822e+00,2.061340501311961218e-133,1.795344961529892118e-135,1.390404410662661204e-133
7.367499999999999716e+00,9.380045413713284405e-134,8.801712573438783572e-136,6.301765344467188856e-134
7.372500000000000497e+00,4.234520380155197588e-134,4.286864750571395376e-136,2.833927177264467540e-134
7.377500000000000391e+00,1.897022624952559045e-134,2.072278581384508261e-136,1.264860329001329018e-134
7.382500000000000284e+00,8.435856613851704524e-135,9.935496896055398784e-137,5.604544710134015736e-135
7.387500000000000178e+00,3.724671275962098500e-135,4.722247602129983697e-137,2.465997058371368934e-135
7.392500000000000071e+00,1.633263985844352292e-135,2.224205306844080294e-137,1.077713727934950234e-135
7.397499999999999964e+00,7.114352599304057256e-136,1.037920162925183343e-137,4.679182579583041668e-136
7.402499999999999858e+00,3.079060545560016915e-136,4.797830939578094733e-138,2.018743596939270067e-136
7.407499999999999751e+00,1.324309011797669376e-136,2.196692437032846168e-138,8.655978439835996418e-137
7.412500000000000533e+00,5.661383911128251302e-137,9.960997398139963521e-139,3.689289379501860921e-137
7.417500000000000426e+00,2.405909665629323599e-137,4.473219474867942546e-139,1.563200403376050528e-137
7.422500000000000320e+00,1.016495550643367800e-137,1.989299669606777144e-139,6.585200704927512906e-138
7.427500000000000213e+00,4.270008012180763902e-138,8.760377444051471140e-140,2.758179828990751922e-138
7.432500000000000107e+00,1.783422974529374367e-138,3.820033242566252848e-140,1.148597378263768641e-138
7.437500000000000000e+00,7.405619539584328163e-139,1.649340661092464375e-140,4.755194252308986644e-139
7.442499999999999893e+00,3.057013056415596820e-139,7.050626008530374622e-141,1.956830510868828708e-139
7.447499999999999787e+00,1.254216684790347058e-139,2.983962270281870120e-141,8.002245580161848993e-140
7.452500000000000568e+00,5.112750883571885768e-140,1.250210148357735778e-141,3.250774099250643510e-140
7.457500000000000462e+00,2.069954656409106254e-140,5.185349825615682158e-142,1.311192386085897357e-140
7.462500000000000355e+00,8.318608590190830024e-141,2.128980933149807056e-142,5.247792550131530506e-141
7.467500000000000249e+00,3.316017570520210772e-141,8.653243960668394598e-143,2.082432031977979690e-141
7.472500000000000142e+00,1.310008447944002208e-141,3.482165153661605487e-143,8.184976513618419243e-142
7.477500000000000036e+00,5.123256676351433482e-142,1.387671280695757757e-143,3.182617869225222974e-142
7.482499999999999929e+00,1.980832399865542657e-142,5.478650749858895511e-144,1.222415728498998014e-142
7.487499999999999822e+00,7.558952361579222589e-143,2.144403502125172273e-144,4.629331975307434155e-143
7.492499999999999716e+00,2.841226955016311713e-143,8.329848732310576098e-145,1.724612188630306506e-143
7.497500000000000497e+00,1.049274094031470594e-143,3.216053484335123088e-145,6.302340498821873002e-144
7.502500000000000391e+00,3.795283424012277132e-144,1.236748047475441921e-145,2.251056386193917685e-144
7.507500000000000284e+00,1.339175429955273571e-144,4.750373514008587445e-146,7.822337246474463010e-145
7.512500000000000178e+00,4.586002633341233023e-145,1.828893975414790179e-146,2.628624342209269539e-145
7.517500000000000071e+00,1.513979606926139682e-145,7.086641432134592265e-147,8.474098826659421021e-146
7.522499999999999964e+00,4.776322974302443510e-146,2.775589159332182018e-147,2.593454552796913376e-146
7.527499999999999858e+00,1.424326936398310050e-146,1.103151553604225705e-147,7.439606169276958553e-147
7.532499999999999751e+00,3.971327218398193188e-147,4.461563497506820609e-148,1.980795649931316559e-147
7.537500000000000533e+00,1.038092977106153270e-147,1.837961958061534408e-148,5.004457083011396581e-148
7.542500000000000426e+00,2.737971981490234676e-148,7.703799721840811053e-149,1.406609870281459851e-148
7.547500000000000320e+00,9.393947951635544181e-149,3.275723257662353343e-149,6.139719197904969283e-149
7.552500000000000213e+00,5.155075899849066958e-149,1.407091294501276160e-149,4.055739159658432149e-149
7.557500000000000107e+00,3.574908769585282771e-149,6.077448826598138918e-150,2.908252376405576423e-149
7.562500000000000000e+00,2.469233845173595872e-149,2.627493980965032358e-150,1.966828113675360025e-149
7.567499999999999893e+00,1.594603962941806592e-149,1.132545869436113822e-150,1.233536467974611678e-149
7.572499999999999787e+00,9.622695383600063189e-150,4.851061641088433545e-151,7.248983583364857744e-150
7.577500000000000568e+00,5.485270901571683216e-150,2.059461021497584113e-151,4.040956878471070176e-150
7.582500000000000462e+00,2.984674154554949286e-150,8.648218545820914205e-152,2.158196698161825032e-150
7.587500000000000355e+00,1.563082572762078572e-150,3.586486641497968904e-152,1.112642817900705566e-150
7.592500000000000249e+00,7.928310061567161632e-151,1.466985468519741355e-152,5.568317296022083838e-151
7.597500000000000142e+00,3.913529835725678557e-151,5.911706916979441634e-153,2.716787181716254106e-151
7.602500000000000036e+00,1.886896926450975344e-151,2.344551590632497489e-153,1.296560297916166942e-151
7.607499999999999929e+00,8.912083510101921158e-152,9.139963117704432486e-154,6.068435281537113225e-152
7.612499999999999822e+00,4.133069513658816992e-152,3.497145140054859129e-154,2.791451955174746802e-152
7.617499999999999716e+00,1.885626891758424443e-152,1.310599836140562627e-154,1.264194213101511097e-152
7.622500000000000497e+00,8.476537869810833500e-153,4.796149273935344942e-155,5.645043301985266267e-153
7.627500000000000391e+00,3.759649832931816226e-153,1.705772556181001322e-155,2.488503792118601981e-153
7.632500000000000284e+00,1.647212470465814802e-153,5.849839016995417452e-156,1.084186579686786222e-153
7.637500000000000178e+00,7.136266761367092444e-154,1.907472624442755651e-156,4.672903602691117164e-154
7.642500000000000071e+00,3.059918113408885847e-154,5.749129807533921320e-157,1.994188337105518851e-154
7.647499999999999964e+00,1.299649215746778207e-154,1.494343958299444709e-157,8.433107652033660878e-155
7.652499999999999858e+00,5.472055622048071437e-155,2.566445526862581219e-158,3.536468384288945306e-155
7.657499999999999751e+00,2.285542414687107211e-155,-4.078430088119884961e-159,1.471666537320026915e-155
7.662500000000000533e+00,9.476098756626833306e-156,-7.637382667195174813e-159,6.081151506059683662e-156
7.667500000000000426e+00,3.902498582911533379e-156,-5.563431152137804713e-159,2.496686164510651933e-156
7.672500000000000320e+00,1.597303015847476400e-156,-3.271417838293315034e-159,1.019053444546020086e-156
7.677500000000000213e+00,6.501462870304526608e-157,-1.744096452466336459e-159,4.137406146235837757e-157
7.682500000000000107e+00,2.633012623103977702e-157,-8.785552009926998460e-160,1.671831373285960900e-157
7.687500000000000000e+00,1.061558650384397627e-157,-4.262957398775067187e-160,6.726938871801485170e-158
7.692499999999999893e+00,4.262932043288008585e-158,-2.013339676156120672e-160,2.696646197076655600e-158
7.697499999999999787e+00,1.705939947441432912e-158,-9.311956741829915341e-161,1.077521714177140688e-158
7.702500000000000568e+00,6.806451533086390253e-159,-4.233744260154987398e-161,4.293689466572930194e-159
7.707500000000000462e+00,2.708836110090518570e-159,-1.896792647877953761e-161,1.707012016529958949e-159
7.712500000000000355e+00,1.075830979938907906e-159,-8.387218751152751061e-162,6.773806521912270084e-160
7.717500000000000249e+00,4.265678363598079555e-160,-3.664244065682780080e-162,2.684082220151806485e-160
7.722500000000000142e+00,1.689213161142889527e-160,-1.582858016782166742e-162,1.062396448852311514e-160
7.727500000000000036e+00,6.683210766131576159e-161,-6.764326551644311059e-163,4.201908129804293907e-161
7.732499999999999929e+00,2.642533381138237671e-161,-2.860967488979054171e-163,1.661088999867256643e-161
7.737499999999999822e+00,1.044465586954459462e-161,-1.198006541039161426e-163,6.564685230940659550e-162
7.742500000000000604e+00,4.127416443059295703e-162,-4.968262841296980675e-164,2.593963792680472478e-162
7.747500000000000497e+00,1.630830475713783784e-162,-2.041232325196637000e-164,1.024846589540249730e-162
7.752500000000000391e+00,6.442896491573967547e-163,-8.311486355026030124e-165,4.048299769073540762e-163
7.757500000000000284e+00,2.544762145762564193e-163,-3.355367514524925587e-165,1.598581381093304822e-163
7.762500000000000178e+00,1.004647245854022074e-163,-1.343634337899003542e-165,6.308543991896184341e-164
7.767500000000000071e+00,3.963160302717299669e-164,-5.339973382015214445e-166,2.487110497980451959e-164
7.772499999999999964e+00,1.561524058588674151e-164,-2.107597138901726916e-166,9.791049816614248706e-165
7.777499999999999858e+00,6.142017194093369431e-165,-8.266782527984564921e-167,3.846707617520374531e-165
7.782499999999999751e+00,2.410281996322383850e-165,-3.224990203483541633e-167,1.507292012137604625e-165
7.787500000000000533e+00,9.430304294282532818e-166,-1.252361381437311922e-167,5.886350273874113311e-166
7.792500000000000426e+00,3.675894494523556354e-166,-4.845244565729664757e-168,2.289293236856982441e-166
7.797500000000000320e+00,1.426376946242817290e-166,-1.869174444869214772e-168,8.859456362692981546e-167
7.802500000000000213e+00,5.505200107191518849e-167,-7.195435933943899024e-169,3.408684108422674781e-167
7.807500000000000107e+00,2.111513578889938230e-167,-2.765638825177013181e-169,1.302701880982329097e-167
7.812500000000000000e+00,8.040663737614202539e-168,-1.061764728271093979e-169,4.940447039676930897e-168
7.817499999999999893e+00,3.036974457842476618e-168,-4.071959512873905208e-170,1.857423793611896213e-168
7.822499999999999787e+00,1.136552606028565455e-168,-1.559708481832708816e-170,6.915282957662571805e-169
7.827500000000000568e+00,4.209700900445509477e-169,-5.964173983010592871e-171,2.546560406720865914e-169
7.832500000000000462e+00,1.541327328390866737e-169,-2.275236849885817558e-171,9.263602933469044653e-170
7.837500000000000355e+00,5.570919606405124100e-170,-8.651898679267914951e-172,3.323918322021584872e-170
7.842500000000000249e+00,1.984576933013889149e-170,-3.276642575484823970e-172,1.174423928290467525e-170
7.847500000000000142e+00,6.955362521027050893e-171,-1.234946175422267279e-172,4.077743834284934471e-171
7.852500000000000036e+00,2.392865310513407078e-171,-4.629649097872095117e-173,1.387875786588296768e-171
7.857499999999999929e+00,8.058717536681101218e-172,-1.726213773044785929e-173,4.615792705718881532e-172
7.862499999999999822e+00,2.647485824507116433e-172,-6.404986665780131207e-174,1.493913352227801414e-172
7.867500000000000604e+00,8.445293525980044649e-173,-2.368068941922465424e-174,4.679568023955071503e-173
7.872500000000000497e+00,2.599605842996679481e-173,-8.743920950703052316e-175,1.408042564571578584e-173
7.877500000000000391e+00,7.655889389409503694e-174,-3.234904046349948565e-175,4.026844775077629852e-174
7.882500000000000284e+00,2.131708551985713023e-174,-1.203960739973166573e-175,1.078444774994852233e-174
7.887500000000000178e+00,5.523918109024672363e-175,-4.527206572316171040e-176,2.652782644024363656e-175
7.892500000000000071e+00,1.311064285708579731e-175,-1.726306684900719188e-176,5.911957145947443184e-176
7.897499999999999964e+00,2.893174078443568468e-176,-6.688539189471211675e-177,1.275344788914387348e-176
7.902499999999999858e+00,7.168147644325910754e-177,-2.631335156761428561e-177,3.892746202714434568e-177
7.907499999999999751e+00,3.079930660110237194e-177,-1.047249385796553687e-177,2.306781207993411953e-177
7.912500000000000533e+00,2.083803671532363381e-177,-4.189598847803427559e-178,1.697710458614704567e-177
7.917500000000000426e+00,1.467387848537735455e-177,-1.670576579161704241e-178,1.169383043535435776e-177
7.922500000000000320e+00,9.509176220636746541e-178,-6.572870505262321730e-179,7.313087881449031403e-178
7.927500000000000213e+00,5.669605797354342504e-178,-2.521298430800134206e-179,4.228244441715754286e-178
7.932500000000000107e+00,3.164526980878279329e-178,-9.281916144394935893e-180,2.303135203801945514e-178
7.937500000000000000e+00,1.678938810074044587e-178,-3.199711922708259628e-180,1.198657722466351450e-178
7.942499999999999893e+00,8.563767438335903956e-179,-9.834818782169525662e-181,6.021150165233200674e-179
7.947499999999999787e+00,4.234575721428319520e-179,-2.341754678031090831e-181,2.940827988317155863e-179
7.952500000000000568e+00,2.042475612043001332e-179,-1.286584285200714278e-182,1.404286165780837038e-179
7.957500000000000462e+00,9.655054283512543184e-180,3.398750997451245930e-182,6.583746939621481813e-180
7.962500000000000355e+00,4.489553102754772892e-180,3.179896171807775395e-182,3.040636463082377350e-180
7.967500000000000249e+00,2.059554940762110978e-180,2.088793061873751491e-182,1.387010181032383836e-180
7.972500000000000142e+00,9.342958082103805698e-181,1.190043082501349191e-182,6.262366287823773760e-181
7.977500000000000036e+00,4.199033454233357355e-181,6.250846602721886847e-183,2.803295009805285511e-181
7.982499999999999929e+00,1.872423810388472606e-181,3.107865770424896053e-183,1.245747011581537295e-181
7.987499999999999822e+00,8.293269350739876217e-182,1.483013564914758553e-183,5.500825323303342617e-182
7.992500000000000604e+00,3.651282895705184426e-182,6.847932001847794593e-184,2.415066347530873164e-182
7.997500000000000497e+00,1.598680531468088388e-182,3.076201855150662092e-184,1.054564665541908181e-182
8.002499999999999503e+00,6.962322450832307455e-183,1.349276008759888967e-184,4.580248113641664695e-183
8.007500000000000284e+00,3.015786526446519401e-183,5.793815530169573600e-185,1.978390114205647141e-183
8.012499999999999289e+00,1.298959405605616526e-183,2.440425279038305262e-185,8.495787682141797719e-184
8.017500000000000071e+00,5.561218062990841071e-184,1.009867053408538921e-185,3.625529893622719775e-184
8.022500000000000853e+00,2.365428791895448792e-184,4.110337124797390811e-186,1.536691715679491889e-184
8.027499999999999858e+00,9.990201033582322602e-185,1.647062061131847456e-186,6.465475962258930449e-185
8.032500000000000639e+00,4.187053635083945847e-185,6.502371662216528723e-187,2.698709681450178082e-185
8.037499999999999645e+00,1.740427198595028577e-185,2.530370167097447726e-187,1.116859515986042142e-185
8.042500000000000426e+00,7.170742084324463512e-186,9.709000751794895893e-188,4.580146675779291265e-186
8.047499999999999432e+00,2.926777981192593589e-186,3.673349698149408101e-188,1.860200550691173993e-186
8.052500000000000213e+00,1.182766667248766388e-186,1.370027114529667152e-188,7.478419856488526416e-187
8.057500000000000995e+00,4.730056641095768015e-187,5.033540123437216584e-189,2.974447172171304412e-187
8.062500000000000000e+00,1.870985974198636356e-187,1.819436042588763884e-189,1.169843328838267396e-187
8.067500000000000782e+00,7.316273171769793219e-188,6.456323969488266193e-190,4.547249220102853295e-188
8.072499999999999787e+00,2.826800393600264132e-188,2.241358618836337331e-190,1.745951456492029574e-188
8.077500000000000568e+00,1.078551164834597668e-188,7.569594790742155784e-191,6.617887295563846020e-189
8.082499999999999574e+00,4.061203915164496477e-189,2.463623574861289905e-191,2.474679848379077753e-189
8.087500000000000355e+00,1.508086622593852661e-189,7.597004134704056752e-192,9.122060483317798121e-190
8.092499999999999361e+00,5.518102054732039273e-190,2.143842529465327741e-192,3.311605909064144980e-190
8.097500000000000142e+00,1.987493742277342574e-190,5.059571624626287161e-193,1.182679932758285656e-190
8.102500000000000924e+00,7.037795354321067423e-191,6.561544887719786124e-194,4.149301625866395621e-191
8.107499999999999929e+00,2.446326749998219509e-191,-2.635950884850267135e-194,1.427600388756114824e-191
8.112500000000000711e+00,8.331061327826139107e-192,-3.050477448419933016e-194,4.806259370567721977e-192
8.117499999999999716e+00,2.772883162110177953e-192,-1.965007725587455582e-194,1.578921411811996485e-192
8.122500000000000497e+00,8.992008694362277682e-193,-1.058120738845642882e-194,5.043303659055199084e-193
8.127499999999999503e+00,2.829858028092572300e-193,-5.200043730140700367e-195,1.559233653395008186e-193
8.132500000000000284e+00,8.600833000090921689e-194,-2.411847943459417568e-195,4.640541030174470817e-194
8.137499999999999289e+00,2.510546496778645190e-194,-1.072910863355476090e-195,1.321757771616639730e-194
8.142500000000000071e+00,7.004670044121868881e-195,-4.617782922658451136e-196,3.591297388276101054e-195
8.147500000000000853e+00,1.871702170075636249e-195,-1.932512989952593351e-196,9.402616401671667431e-196
8.152499999999999858e+00,4.922994861388495719e-196,-7.885999512872620558e-197,2.505887803056678101e-196
8.157500000000000639e+00,1.401862841419260948e-196,-3.142297268831482953e-197,7.859911161560166970e-197
8.162499999999999645e+00,5.111215839117498025e-197,-1.223023117876153393e-197,3.371727997658850781e-197
8.167500000000000426e+00,2.516883583471839473e-197,-4.646549100803041438e-198,1.848782283254408311e-197
8.172499999999999432e+00,1.443809376087409239e-197,-1.720175334405177332e-198,1.088991313169465002e-197
8.177500000000000213e+00,8.418646755594479642e-198,-6.185529356652342129e-199,6.285911646991118198e-198
8.182500000000000995e+00,4.738919938823528193e-198,-2.148889858503724844e-199,3.470061225420826177e-198
8.187500000000000000e+00,2.550687148221732345e-198,-7.147060273642878750e-200,1.831354761438519727e-198
8.192500000000000782e+00,1.316887612673637909e-198,-2.238468194047473053e-200,9.291230657226620946e-199
8.197499999999999787e+00,6.559183463574135017e-199,-6.382589184756082033e-201,4.558792571492466957e-199
8.202500000000000568e+00,3.169093160726787194e-199,-1.518052449498948576e-201,2.174455303190304036e-199
8.207499999999999574e+00,1.492062894361858239e-199,-2.020053472977036860e-202,1.012493230623314802e-199
8.212500000000000355e+00,6.870666287244659119e-200,7.353255974609524171e-203,4.617615726356340286e-200
8.217499999999999361e+00,3.103400481879283362e-200,8.651906041418569206e-203,2.068105244693370245e-200
8.222500000000000142e+00,1.378208898136256745e-200,5.507081156774291541e-203,9.115294641953083496e-201
8.227500000000000924e+00,6.028957534396246783e-201,2.908842481751475132e-203,3.960478161202442274e-201
8.232499999999999929e+00,2.601815208073231990e-201,1.395631825525168995e-203,1.698637576685989231e-201
8.237500000000000711e+00,1.109058163237422923e-201,6.295291270287999254e-204,7.199783962547813265e-202
8.242499999999999716e+00,4.674313205111910882e-202,2.713982408538834202e-204,3.018618912519769688e-202
8.247500000000000497e+00,1.949547732297336933e-202,1.128126994610097010e-204,1.252864473187357957e-202
8.252499999999999503e+00,8.052106800056605767e-203,4.543043411323925959e-205,5.150976824613236733e-203
8.257500000000000284e+00,3.295364409704530953e-203,1.776568850284163408e-205,2.098957705579601327e-203
8.262499999999999289e+00,1.337011183505198131e-203,6.749547208765143680e-206,8.481048874294058569e-204
8.267500000000000071e+00,5.380115479537958460e-204,2.488243312953184492e-206,3.399391418047929322e-204
8.272500000000000853e+00,2.147998717226200666e-204,8.872131336870390703e-207,1.352098645938769677e-204
8.277499999999999858e+00,8.511408542295627898e-205,3.040836842488419704e-207,5.338278031209617022e-205
8.282500000000000639e+00,3.348228071270470079e-205,9.905431900239250324e-208,2.092633851823312267e-205
8.287499999999999645e+00,1.307920028791924362e-205,3.000071806553608674e-208,8.146756431225241682e-206
8.292500000000000426e+00,5.074510591759818706e-206,8.040260294346376983e-209,3.150393765223175824e-206
8.297499999999999432e+00,1.955862608279766348e-206,1.634926209126817136e-209,1.210358084088882226e-206
8.302500000000000213e+00,7.490144545436647297e-207,4.019764379882601127e-211,4.620671121274112621e-207
8.307500000000000995e+00,2.850492623078872663e-207,-2.156879627654581836e-210,1.753097399933506778e-207
8.312500000000000000e+00,1.078183862291058485e-207,-1.713467493311856234e-210,6.611198612784797656e-208
8.317500000000000782e+00,4.053876358517925634e-208,-9.882223699849090004e-211,2.478492653904265524e-208
8.322499999999999787e+00,1.515345548439103870e-208,-4.993780452068286311e-211,9.238169752636963801e-209
8.327500000000000568e+00,5.632132832723768265e-209,-2.340277930972848179e-211,3.423975825123799688e-209
8.332499999999999574e+00,2.081655118819645531e-209,-1.042732648169759068e-211,1.262047302348893694e-209
8.337500000000000355e+00,7.651950162651712957e-210,-4.475489446960671513e-212,4.626712633890657475e-210
8.342499999999999361e+00,2.797779957019937789e-210,-1.864778331226421881e-212,1.687215824680958435e-210
8.347500000000000142e+00,1.017608612047119275e-210,-7.579890687187448283e-213,6.120908289561447029e-211
8.352500000000000924e+00,3.682286423276647455e-211,-3.015552806170959156e-213,2.209273441872141186e-211
8.357499999999999929e+00,1.325751974635974912e-211,-1.176831474737745444e-213,7.934258874642449585e-212
8.362500000000000711e+00,4.749479119601620061e-212,-4.512158076620882141e-214,2.835392039160141525e-212
8.367499999999999716e+00,1.693129661228629942e-212,-1.701562458909204805e-214,1.008290148127342506e-212
8.372500000000000497e+00,6.006265069816729460e-213,-6.315685850069190970e-215,3.568009210691212257e-213
8.377499999999999503e+00,2.120232518599380157e-213,-2.308314441365139352e-215,1.256378548330903094e-213
8.382500000000000284e+00,7.447390200887894956e-214,-8.309233266887699053e-216,4.401856851001927257e-214
8.387499999999999289e+00,2.602690009468020202e-214,-2.945883223902383736e-216,1.534322210467642217e-214
8.392500000000000071e+00,9.048378638117393414e-215,-1.028410094575613097e-216,5.319631078525896240e-215
8.397500000000000853e+00,3.128632456381690053e-215,-3.533688224542865908e-217,1.834093534472895332e-215
8.402499999999999858e+00,1.075597033322970617e-215,-1.194298664907536289e-217,6.286313741835364897e-216
8.407500000000000639e+00,3.675354498856061680e-216,-3.966522542136471713e-218,2.141069730131434566e-216
8.412499999999999645e+00,1.247703567321225065e-216,-1.292870096068759937e-218,7.242930667286469233e-217
8.417500000000000426e+00,4.205867575952968695e-217,-4.128378326068636615e-219,2.432174589659871815e-217
8.422499999999999432e+00,1.406886326896957442e-217,-1.288337627686374150e-219,8.101689192907075102e-218
8.427500000000000213e+00,4.666614826067964334e-218,-3.915874720145818831e-220,2.674915993299972292e-218
8.432500000000000995e+00,1.533597531708980473e-218,-1.153545817341684999e-220,8.745687483670203305e-219
8.437500000000000000e+00,4.988294168438295785e-219,-3.268725927702774244e-221,2.828485078356980304e-219
8.442500000000000782e+00,1.604034570782373520e-219,-8.800138267362847617e-222,9.037177808086087117e-220
8.447499999999999787e+00,5.092055275247418518e-220,-2.200567526488034208e-222,2.848179381133665123e-220
8.452500000000000568e+00,1.593189704026656526e-220,-4.865188851126737489e-223,8.838025126626243972e-221
8.457499999999999574e+00,4.902934970500262701e-221,-8.192305617791737390e-224,2.694061208788134528e-221
8.462500000000000355e+00,1.480344518994866941e-221,-2.223768470341262124e-225,8.044062952004457555e-222
8.467499999999999361e+00,4.371073955466258815e-222,6.772004824442816475e-225,2.343896018314576900e-222
8.472500000000000142e+00,1.256875189185455402e-222,4.399360051779451856e-225,6.631643548468952816e-223
8.477500000000000924e+00,3.499204373613182173e-223,2.041452392884477696e-225,1.809207922146222787e-223
8.482499999999999929e+00,9.355412570439871817e-224,8.232436400268762293e-226,4.710804919962717285e-224
8.487500000000000711e+00,2.372793303097445916e-224,3.061957859727694466e-226,1.152185857828534398e-224
8.492499999999999716e+00,5.598759098988376616e-225,1.080464742021715900e-226,2.576849844985242175e-225
8.497500000000000497e+00,1.188089904670106002e-225,3.685696123628774959e-227,5.007593171816497014e-226
8.502499999999999503e+00,2.122047568494493681e-226,1.236330930582599031e-227,7.524917866372884877e-227
8.507500000000000284e+00,2.740414679150204418e-227,4.155148620757806095e-228,5.986109048895673302e-228
8.512499999999999289e+00,1.937617763101530070e-228,1.428279030829224007e-228,1.671379269224736417e-229
8.517500000000000071e+00,1.067246655094816807e-228,5.116009601890096823e-229,1.186057378344297987e-228
8.522500000000000853e+00,1.563338370962647393e-228,1.929174227228130566e-229,1.422646250525100237e-228
8.527499999999999858e+00,1.318421862091162608e-228,7.637708136406076709e-230,1.054995983866815994e-228
8.532500000000000639e+00,8.486282097584334390e-229,3.132763805890177281e-230,6.311370809095083778e-229
8.537499999999999645e+00,4.705422601011487421e-229,1.308730675050002879e-230,3.340410697710091383e-229
8.542500000000000426e+00,2.375019703176477624e-229,5.485149302696715624e-231,1.632690170396027841e-229
8.547499999999999432e+00,1.123647890257860015e-229,2.281632096500227497e-231,7.544184358792531110e-230
8.552500000000000213e+00,5.069806705783487889e-230,9.355322622661645915e-232,3.342665627913541661e-230
8.557500000000000995e+00,2.205639456316106720e-230,3.766280515283907412e-232,1.433372965425676796e-230
8.562500000000000000e+00,9.321453418044595687e-231,1.485482765802825207e-232,5.986308302697154714e-231
8.567500000000000782e+00,3.846820026585290071e-231,5.733380270949456370e-233,2.445933153146730071e-231
8.572499999999999787e+00,1.556058280144944471e-231,2.163825618498356707e-233,9.809337453932731175e-232
8.577500000000000568e+00,6.186781300327183099e-232,7.980304551260195647e-234,3.870817997227375054e-232
8.582499999999999574e+00,2.422843117622360620e-232,2.873708873013681088e-234,1.505672676371180808e-232
8.587500000000000355e+00,9.360391567015706943e-233,1.009145371064536950e-234,5.781330093924017937e-233
8.592499999999999361e+00,3.571854997661211325e-233,3.449185049710250958e-235,2.193588939246243144e-233
8.597500000000000142e+00,1.347485305334526370e-233,1.143995975594065551e-235,8.231234756784744726e-234
8.602500000000000924e+00,5.029094760510158959e-234,3.664412695998941674e-236,3.056509542797623088e-234
8.607499999999999929e+00,1.857907600115645388e-234,1.124724210656862424e-236,1.123679572047974766e-234
8.612500000000000711e+00,6.796798080885837923e-235,3.262590410073821056e-237,4.091391546470834029e-235
8.617499999999999716e+00,2.463005232306322097e-235,8.706000863747751421e-238,1.475806851490469252e-235
8.622500000000000497e+00,8.843187293263392243e-236,2.003980693089447236e-238,5.274810123778981730e-236
8.627499999999999503e+00,3.146379525058685044e-236,3.156035831390769470e-239,1.868396833159439099e-236
8.632500000000000284e+00,1.109502734466618065e-236,-2.731812203731370190e-240,6.559405000089046166e-237
8.637500000000001066e+00,3.877935590548616341e-237,-5.715534862381281070e-240,2.282579529036277027e-237
8.642500000000000071e+00,1.343550415435636785e-237,-3.590382929257068864e-240,7.873604732528668434e-238
8.647500000000000853e+00,4.614262319955764864e-238,-1.769230444603699509e-240,2.692249551295638421e-238
8.652499999999999858e+00,1.570894795629579261e-238,-7.779916995986465607e-241,9.125281827780754408e-239
8.657500000000000639e+00,5.301234772625027536e-239,-3.191298594664399637e-241,3.065829496015929583e-239
8.662499999999999645e+00,1.773233848433868008e-239,-1.246405424693022882e-241,1.020906360159768718e-239
8.667500000000000426e+00,5.878554313541877018e-240,-4.686398408550390115e-242,3.369040299361780997e-240
8.672499999999999432e+00,1.931193991960930940e-240,-1.707311329617263712e-242,1.101618905668581342e-240
8.677500000000000213e+00,6.285519267235913707e-241,-6.050421173891713429e-243,3.568243338212213564e-241
8.682500000000000995e+00,2.026248069387386422e-241,-2.090627127797559740e-243,1.144541650045817529e-241
8.687500000000000000e+00,6.467187708484972585e-242,-7.052133183585975720e-244,3.633896337559500910e-242
8.692500000000000782e+00,2.042646115411257351e-242,-2.323068334667017055e-244,1.141374884423564016e-242
8.697499999999999787e+00,6.380333243280674102e-243,-7.469279139605591436e-245,3.543849343579543126e-243
8.702500000000000568e+00,1.969246229624087901e-243,-2.340689615604132967e-245,1.086659885609666990e-243
8.707499999999999574e+00,5.999135974003560129e-244,-7.130402858441762216e-246,3.286539330894004540e-244
8.712500000000000355e+00,1.801330239026711474e-244,-2.102307985955130115e-246,9.788162169824916439e-245
8.717499999999999361e+00,5.321196167964200415e-245,-5.956294323290670367e-247,2.864497454329369612e-245
8.722500000000000142e+00,1.542678215752866453e-245,-1.601760760249374167e-247,8.213745778802165842e-246
8.727500000000000924e+00,4.374941929233353450e-246,-3.994361206684051145e-248,2.298809338233336218e-246
8.732499999999999929e+00,1.208272007080115491e-246,-8.768466871576849073e-249,6.246142488167959110e-247
8.737500000000000711e+00,3.229569530285199470e-247,-1.439129447524377962e-249,1.635130419544628973e-247
8.742499999999999716e+00,8.279303396947588032e-248,-1.284079568354359224e-251,4.077489775986314600e-248
8.747500000000000497e+00,2.008130844469705353e-248,1.367522799910124160e-250,9.514727525745265101e-249
8.752499999999999503e+00,4.509105635453198513e-249,8.612849932916196980e-251,2.016262756188129975e-249
8.757500000000000284e+00,9.032242643343416564e-250,3.961515925218807215e-251,3.672457493652279668e-250
8.762500000000001066e+00,1.510575021696929349e-250,1.585178900120526079e-251,5.162781819261988466e-251
8.767500000000000071e+00,1.930861283931737727e-251,5.809364011528124247e-252,5.205352359452046884e-252
8.772500000000000853e+00,3.151153524638291644e-252,1.987977242476913034e-252,2.013352715422868339e-252
8.777499999999999858e+00,2.540543521828465601e-252,6.385886455829260479e-253,2.317438523612355116e-252
8.782500000000000639e+00,2.274441165578343742e-252,1.915830466877181410e-253,1.876252707190188350e-252
8.787499999999999645e+00,1.563913078451593819e-252,5.267252033259816114e-254,1.188487577753371647e-252
8.792500000000000426e+00,9.049589368953346876e-253,1.261884315701752085e-254,6.513688418917925720e-253
8.797499999999999432e+00,4.690164228293225989e-253,2.222555368602296734e-255,3.251602758162237555e-253
8.802500000000000213e+00,2.254380434770541062e-253,-7.530677054201062751e-258,1.520732988020076900e-253
8.807500000000000995e+00,1.025837871396789630e-253,-2.717852653376895904e-256,6.776715132623039916e-254
8.812500000000000000e+00,4.476789943277812182e-254,-1.837623681795936572e-256,2.908646223747000693e-254
8.817500000000000782e+00,1.889872128957346015e-254,-9.238986481018709484e-257,1.211275012072908771e-254
8.822499999999999787e+00,7.763871911021432483e-255,-4.086840510271483733e-257,4.919436476817596354e-255
8.827500000000000568e+00,3.117326735081982328e-255,-1.677765595908280852e-257,1.955895664844580433e-255
8.832499999999999574e+00,1.227272489098480560e-255,-6.548360739054224896e-258,7.634221304761809773e-256
8.837500000000000355e+00,4.749199835460414925e-256,-2.462043226727977643e-258,2.931712219471354966e-256
8.842499999999999361e+00,1.809892824324454239e-256,-8.989395957565006557e-259,1.109590405873557563e-256
8.847500000000000142e+00,6.803008783163181385e-257,-3.204853095280155543e-259,4.144659151253968159e-257
8.852500000000000924e+00,2.525239513276315852e-257,-1.120117151049126124e-259,1.529643364697414977e-257
8.857499999999999929e+00,9.266187532326945350e-258,-3.850028881882800482e-260,5.583088585595147792e-258
8.862500000000000711e+00,3.364097728228676009e-258,-1.304869630064563072e-260,2.016908987866160676e-258
8.867499999999999716e+00,1.209266930527743417e-258,-4.371382615593230467e-261,7.216411003987156032e-259
8.872500000000000497e+00,4.306617287081210097e-259,-1.450834756199684443e-261,2.558805787752514353e-259
8.877499999999999503e+00,1.520380641025666116e-259,-4.781419683481062863e-262,8.996282529557389866e-260
8.882500000000000284e+00,5.323363331858691823e-260,-1.568346222941638042e-262,3.137649632694938645e-260
8.887500000000001066e+00,1.849411842625571036e-260,-5.132089006782813802e-263,1.086050289520304396e-260
8.892500000000000071e+00,6.377873994956982431e-261,-1.679301564224387295e-263,3.732287185295566091e-261
8.897500000000000853e+00,2.184152532632439445e-261,-5.506977025916801974e-264,1.273930898627063041e-261
8.902499999999999858e+00,7.430480412998866302e-262,-1.813467729672163801e-264,4.320381302990905135e-262
8.907500000000000639e+00,2.512088375483736887e-262,-6.006315372974963136e-265,1.456329325219125606e-262
8.912499999999999645e+00,8.442900337489675370e-263,-2.002929052032833891e-265,4.881045379179422759e-263
8.917500000000000426e+00,2.821898188267779086e-263,-6.727730927735343910e-266,1.627184275878193843e-263
8.922499999999999432e+00,9.382953435517148898e-264,-2.275762850534928464e-266,5.397447144854386787e-264
8.927500000000000213e+00,3.104880972858229544e-264,-7.746455571913473583e-267,1.782085940377764188e-264
8.932500000000000995e+00,1.022870227306146617e-264,-2.650139053883197168e-267,5.858996333808602219e-265
8.937500000000000000e+00,3.356099282867144608e-265,-9.098640748783910637e-268,1.918862165487179346e-265
8.942500000000000782e+00,1.097141200261500810e-265,-3.129897494569625962e-268,6.262798843199053564e-266
8.947499999999999787e+00,3.575075748395850024e-266,-1.077065927954553925e-268,2.037896990339983286e-266
8.952500000000000568e+00,1.161692910199625272e-266,-3.702342784593278024e-269,6.614190068533169369e-267
8.957499999999999574e+00,3.765959197372950705e-267,-1.269614121411129326e-269,2.142147584096616019e-267
8.962500000000000355e+00,1.218536161319499657e-267,-4.338617780285230562e-270,6.926323869442053558e-268
8.967499999999999361e+00,3.937170371117763431e-268,-1.476129858211789054e-270,2.236878264678008255e-268
8.972500000000000142e+00,1.270923479367782069e-268,-4.996658090861274705e-271,7.218952329813273949e-269
8.977500000000000924e+00,4.100622125987400811e-269,-1.681805085318490825e-271,2.329174748174347426e-269
8.982499999999999929e+00,1.323052377829413176e-269,-5.626433459827621248e-272,7.516644561136186011e-270
8.987500000000000711e+00,4.270663208852277524e-270,-1.870362853357667941e-272,2.427326360164354854e-270
8.992499999999999716e+00,1.379706803443434742e-270,-6.176946719031931561e-273,7.846729789610629529e-271
8.997500000000000497e+00,4.462903546214505047e-271,-2.026466045887213992e-273,2.540162017756965283e-271
9.002499999999999503e+00,1.445882409534042632e-271,-6.604264723567829443e-274,8.237202004308831170e-272
9.007500000000000284e+00,4.693041290467796195e-272,-2.138316324304652048e-274,2.676398925453102600e-272
9.012500000000001066e+00,1.526423486276793879e-272,-6.879677175378454868e-275,8.714709952845752384e-273
9.017500000000000071e+00,4.975742527605476413e-273,-2.200130749563479199e-275,2.844021665472296904e-273
9.022500000000000853e+00,1.625675614509751404e-273,-6.996916484472315433e-276,9.302622582020020198e-274
9.027499999999999858e+00,5.323551747661326764e-274,-2.214136985254284434e-276,3.049670781665758117e-274
9.032500000000000639e+00,1.747138481539278562e-274,-6.977250163261465678e-277,1.001906432334164152e-274
9.037499999999999645e+00,5.745767675427651437e-275,-2.191701944922691733e-277,3.298002088240623055e-275
9.042500000000000426e+00,1.893097449153556989e-275,-6.871231404855521904e-278,1.087480702652051289e-275
9.047499999999999432e+00,6.247229866536507567e-276,-2.153224817010996723e-278,3.590992671988393373e-276
9.052500000000000213e+00,2.064225630156782278e-276,-6.756043116647326898e-279,1.187100612513191697e-276
9.057500000000000995e+00,6.827032315458427073e-277,-2.126511082137445362e-279,3.927216733731603578e-277
9.062500000000000000e+00,2.259178331954930262e-277,-6.727783560251212337e-280,1.299695481964814890e-277
9.067500000000000782e+00,7.477292009301575001e-278,-2.143524533192428107e-280,4.301179849073929051e-278
9.072499999999999787e+00,2.474239008026935728e-278,-6.888776901053686060e-281,1.422823778869716644e-278
9.077500000000000568e+00,8.182212609196129548e-279,-2.235697209460944934e-281,4.702859279167810651e-279
9.082499999999999574e+00,2.703105662275006680e-279,-7.331024967876532020e-282,1.552581006617108159e-279
9.087500000000000355e+00,8.917748054312011547e-280,-2.428335096756343888e-282,5.117623972592850690e-280
9.092499999999999361e+00,2.936914638817053909e-280,-8.118088497297710420e-283,1.683653224133928998e-280
9.097500000000000142e+00,9.652150066027192587e-281,-2.735016377434619504e-283,5.526682620313216520e-281
9.102500000000000924e+00,3.164576659934060723e-281,-9.268692878123212135e-284,1.809552632692360238e-281
9.107499999999999929e+00,1.034756617088793472e-281,-3.153125392937133412e-284,5.908129923909522960e-282
9.112500000000000711e+00,3.373449644224319813e-282,-1.074580638722872586e-284,1.923040276616232861e-282
9.117499999999999716e+00,1.096266364661714501e-282,-3.661677972805308743e-285,6.238547366280069550e-283
9.122500000000000497e+00,3.550306320114803029e-283,-1.245449974857079211e-285,2.016702780834681769e-283
9.127499999999999503e+00,1.145604027952947875e-283,-4.222293169015366354e-286,6.494996226562907127e-284
9.132500000000000284e+00,3.682490435583525623e-284,-1.425044142730841214e-286,2.083615937288690133e-284
9.137500000000001066e+00,1.179000604387536531e-284,-4.783563910597131807e-287,6.657151219202443119e-285
9.142500000000000071e+00,3.759111779821387771e-285,-1.595862514498428070e-287,2.118007527064118499e-285
9.147500000000000853e+00,1.193423027880788726e-285,-5.288297602546793522e-288,6.709287467226451311e-286
9.152499999999999858e+00,3.772118844310757392e-286,-1.739941202962580240e-288,2.115830169212626757e-286
9.157500000000000639e+00,1.186876720822764845e-286,-5.682348682610438397e-289,6.641858288257554193e-287
9.162499999999999645e+00,3.717109760090970084e-287,-1.841693606666072827e-289,2.075171261418086918e-287
9.167500000000000426e+00,1.158608495769632155e-287,-5.923282462730014447e-290,6.452474432251779703e-288
9.172499999999999432e+00,3.593788150044361522e-288,-1.890404101967231152e-290,1.996455093069917825e-288
9.177500000000000213e+00,1.109189004744891096e-288,-5.987063855312655200e-291,6.146192612006687028e-289
9.182500000000000995e+00,3.406026200731715397e-289,-1.881853958188840318e-291,1.882423565160034988e-289
9.187500000000000000e+00,1.040471331471402968e-289,-5.871393962204579230e-292,5.735116402157814455e-290
9.192500000000000782e+00,3.161548663381855385e-290,-1.818758500096387648e-292,1.737909382027912298e-290
9.197499999999999787e+00,9.554367590083705865e-291,-5.595106140887178228e-293,5.237387826503827345e-291
9.202500000000000568e+00,2.871290172565248596e-291,-1.709974598372554446e-293,1.569435301590180704e-291
9.207499999999999574e+00,8.579486638890689890e-292,-5.193949044201308673e-294,4.675697532809965128e-292
9.212500000000000355e+00,2.548502730906945520e-292,-1.568715282538344073e-294,1.384685056761753004e-292
9.217499999999999361e+00,7.524413334650979807e-293,-4.713861641660310749e-295,4.075469871164293215e-293
9.222500000000000142e+00,2.207703907416471115e-293,-1.410205667732351578e-295,1.191898188083184409e-293
9.227500000000000924e+00,6.435736939113359076e-294,-4.203278330519522723e-296,3.462894609166960523e-294
9.232499999999999929e+00,1.863563713454436401e-294,-1.249284467194950582e-296,9.992445721028503813e-295
9.237500000000000711e+00,5.358796046709044231e-295,-3.706010372843500160e-297,2.862984550396827438e-295
9.242499999999999716e+00,1.529831312041422272e-295,-1.098395296250695340e-297,8.142355505508156351e-296
9.247500000000000497e+00,4.334465988401197932e-296,-3.255892100442010327e-298,2.297836825943581793e-296
9.252499999999999503e+00,1.218400184966598188e-296,-9.662587659561185909e-299,6.432260103235695423e-297
9.257500000000000284e+00,3.396528259460175531e-297,-2.873816575676276612e-299,1.785259259655944625e-297
9.262500000000001066e+00,9.385985520594587536e-298,-8.573284471929543548e-300,4.910534896434864308e-298
9.267500000000000071e+00,2.569863658626251834e-298,-2.567206177827666652e-300,1.337886271385500055e-298
9.272500000000000853e+00,6.967679876351600269e-299,-7.719675271487559819e-301,3.608452458435723020e-299
9.277499999999999858e+00,1.869616388036708150e-299,-2.331519921760216208e-301,9.628507533542682447e-300
9.282500000000000639e+00,4.961580234775016508e-300,-7.071741550135483038e-302,2.540032210271821568e-300
9.287499999999999645e+00,1.301352447516417436e-300,-2.153160888689260440e-302,6.620062422235345463e-301
9.292500000000000426e+00,3.371230259423234363e-301,-6.576402645163273233e-303,1.703532941926951938e-301
9.297499999999999432e+00,8.621034956842900345e-302,-2.013100370307004655e-303,4.326206501456278738e-302
9.302500000000000213e+00,2.175677110480097018e-302,-6.169368317014935536e-304,1.084237605733811423e-302
9.307500000000000995e+00,5.420736792925299739e-303,-1.890614111950244691e-304,2.684038044000743855e-303
9.312500000000000000e+00,1.335575718838661779e-303,-5.786540555845348558e-305,6.580306027133974837e-304
9.317500000000000782e+00,3.267150436421740093e-304,-1.766655113449049585e-305,1.606979541265261722e-304
9.322499999999999787e+00,7.999613117926509408e-305,-5.373670080941667525e-306,3.952118812649492698e-305
9.327500000000000568e+00,1.988596970400669657e-305,-1.626516363805459470e-306,9.965849159047119009e-306
9.332499999999999574e+00,5.127419304177209387e-306,-4.893357282762645866e-307,2.640341243290068376e-306
9.337500000000000355e+00,1.406331510690312335e-306,-1.461551640969180820e-307,7.527916205492665420e-307
9.342499999999999361e+00,4.181493136513269339e-307,-4.328839351150825392e-308,2.335716623011090891e-307
9.347500000000000142e+00,1.349508527233032431e-307,-1.269834891620769430e-308,7.816382689245947289e-308
9.352500000000000924e+00,4.646752334740366090e-308,-3.684377457358113920e-309,2.757006266488285580e-308
9.357499999999999929e+00,1.664997264454132144e-308,-1.055764320773797976e-309,1.000041829160063881e-308
9.362500000000000711e+00,6.073463690713789227e-309,-2.982480806692611169e-310,3.661525292427725092e-309
9.367499999999999716e+00,2.222079536812835594e-309,-8.287565567883491399e-311,1.337783546352287448e-309
9.372500000000000497e+00,8.084918480334350342e-310,-2.258645079370704357e-311,4.847643287415519746e-310
9.377499999999999503e+00,2.912912514239261230e-310,-6.013082532505781389e-312,1.737294747563609763e-310
9.382500000000000284e+00,1.037383972671642592e-310,-1.554649413725842900e-312,6.151615211685629435e-311
9.387500000000001066e+00,3.650195111760224740e-311,-3.867936179946288151e-313,2.152097220610670141e-311
9.392500000000000071e+00,1.269252299709555560e-311,-9.116415589990634580e-314,7.441615563696875052e-312
9.397500000000000853e+00,4.363667736806262574e-312,-1.973869881247857583e-314,2.544807341324178256e-312
9.402499999999999858e+00,1.484172125672425921e-312,-3.641773996857852077e-315,8.611691465131743226e-313
9.407500000000000639e+00,4.996897250666475615e-313,-4.243946131843652402e-316,2.885465894657139472e-313
9.412499999999999645e+00,1.666220260838464191e-313,6.392319644957570197e-317,9.577613603227517637e-314
9.417500000000000426e+00,5.505317955666023811e-314,7.248681652631619467e-317,3.150653244120611658e-314
9.422499999999999432e+00,1.803105376726644301e-314,3.615021019005483379e-317,1.027549382981538075e-314
9.427500000000000213e+00,5.855846338827247346e-315,1.458780202173447911e-317,3.323473400163491927e-315
9.432500000000000995e+00,1.886266757219991007e-315,5.298532908977572376e-318,1.066285055988577756e-315
9.437500000000000000e+00,6.027736450876426677e-316,1.799144989987357703e-318,3.394141314014643572e-316
9.442500000000000782e+00,1.911251251796353255e-316,5.808433358768030872e-319,1.072085742398018996e-316
9.447499999999999787e+00,6.013869806833987915e-317,1.796916753924613681e-319,3.360679482985930547e-317
9.452500000000000568e+00,1.878073459107434362e-317,5.340355565898033896e-320,1.045606442328851140e-317
9.457499999999999574e+00,5.821506335756990256e-318,1.522216254836880603e-320,3.229183417279636938e-318
9.462500000000000355e+00,1.791264642936189821e-318,4.135329455691233575e-321,9.900038004802314128e-319
9.467499999999999361e+00,5.471678214562637227e-319,1.057300482100267605e-321,3.013256967421178548e-319
9.472500000000000142e+00,1.659418284686994768e-319,2.420921664622108066e-322,9.105629852854173809e-320
9.477500000000000924e+00,4.996979942038367548e-320,4.446590812571218898e-323,2.732677087147934636e-320
9.482499999999999929e+00,1.494054513023929550e-320,4.940656458412465442e-324,8.142201843463743048e-321
9.487500000000000711e+00,4.436709499654393967e-321,-4.940656458412465442e-324,2.411040351705283136e-321
9.492499999999999716e+00,1.309273961479303342e-321,0.000000000000000000e+00,7.114545300113950236e-322
9.497500000000000497e+00,3.853712037561723045e-322,0.000000000000000000e+00,2.075075712533235486e-322
9.502499999999999503e+00,1.136350985434867052e-322,-0.000000000000000000e+00,5.928787750094958530e-323
9.507500000000000284e+00,3.458459520888725809e-323,-0.000000000000000000e+00,1.482196937523739633e-323
9.512500000000001066e+00,9.881312916824930884e-324,0.000000000000000000e+00,4.940656458412465442e-324
9.517500000000000071e+00,4.940656458412465442e-324,-0.000000000000000000e+00,0.000000000000000000e+00
9.522500000000000853e+00,0.000000000000000000e+00,0.000000000000000000e+00,0.000000000000000000e+00
9.527499999999999858e+00,0.000000000000000000e+00,-0.000000000000000000e+00,0.000000000000000000e+00
9.532500000000000639e+00,0.000000000000000000e+00,-0.000000000000000000e+00,0.000000000000000000e+00
9.537499999999999645e+00,0.000000000000000000e+00,0.000000000000000000e+00,0.000000000000000000e+00
9.542500000000000426e+00,0.000000000000000000e+00,-0.000000000000000000e+00,0.000000000000000000e+00
9.547499999999999432e+00,0.000000000000000000e+00,0.000000000000000000e+00,0.000000000000000000e+00
9.552500000000000213e+00,0.000000000000000000e+00,-0.000000000000000000e+00,0.000000000000000000e+00
9.557500000000000995e+00,0.000000000000000000e+00,0.000000000000000000e+00,0.000000000000000000e+00
9.562500000000000000e+00,0.000000000000000000e+00,-0.000000000000000000e+00,0.000000000000000000e+00
9.567500000000000782e+00,0.000000000000000000e+00,0.000000000000000000e+00,0.000000000000000000e+00
9.572499999999999787e+00,0.000000000000000000e+00,-0.000000000000000000e+00,0.000000000000000000e+00
9.577500000000000568e+00,0.000000000000000000e+00,0.000000000000000000e+00,0.000000000000000000e+00
9.582499999999999574e+00,0.000000000000000000e+00,-0.000000000000000000e+00,0.000000000000000000e+00
9.587500000000000355e+00,0.000000000000000000e+00,0.000000000000000000e+00,0.000000000000000000e+00
9.592499999999999361e+00,0.000000000000000000e+00,-0.000000000000000000e+00,0.000000000000000000e+00
9.597500000000000142e+00,0.000000000000000000e+00,0.000000000000000000e+00,0.000000000000000000e+00
9.602500000000000924e+00,0.000000000000000000e+00,-0.000000000000000000e+00,0.000000000000000000e+00
9.607499999999999929e+00,0.000000000000000000e+00,0.000000000000000000e+00,0.000000000000000000e+00
9.612500000000000711e+00,0.000000000000000000e+00,-0.000000000000000000e+00,0.000000000000000000e+00
9.617499999999999716e+00,0.000000000000000000e+00,0.000000000000000000e+00,0.000000000000000000e+00
9.622500000000000497e+00,0.000000000000000000e+00,-0.000000000000000000e+00,0.000000000000000000e+00
9.627499999999999503e+00,0.000000000000000000e+00,0.000000000000000000e+00,0.000000000000000000e+00
9.632500000000000284e+00,0.000000000000000000e+00,-0.000000000000000000e+00,0.000000000000000000e+00
9.637500000000001066e+00,0.000000000000000000e+00,0.000000000000000000e+00,0.000000000000000000e+00
9.642500000000000071e+00,0.000000000000000000e+00,-0.000000000000000000e+00,0.000000000000000000e+00
9.647500000000000853e+00,0.000000000000000000e+00,0.000000000000000000e+00,0.000000000000000000e+00
9.652499999999999858e+00,0.000000000000000000e+00,-0.000000000000000000e+00,0.000000000000000000e+00
9.657500000000000639e+00,0.000000000000000000e+00,0.000000000000000000e+00,0.000000000000000000e+00
9.662499999999999645e+00,0.000000000000000000e+00,-0.000000000000000000e+00,0.000000000000000000e+00
9.667500000000000426e+00,0.000000000000000000e+00,0.000000000000000000e+00,0.000000000000000000e+00
9.672499999999999432e+00,0.000000000000000000e+00,-0.000000000000000000e+00,0.000000000000000000e+00
9.677500000000000213e+00,0.000000000000000000e+00,0.000000000000000000e+00,0.000000000000000000e+00
9.682500000000000995e+00,0.000000000000000000e+00,-0.000000000000000000e+00,0.000000000000000000e+00
9.687500000000000000e+00,0.000000000000000000e+00,0.000000000000000000e+00,0.000000000000000000e+00
9.692500000000000782e+00,0.000000000000000000e+00,-0.000000000000000000e+00,0.000000000000000000e+00
9.697499999999999787e+00,0.000000000000000000e+00,0.000000000000000000e+00,0.000000000000000000e+00
9.702500000000000568e+00,0.000000000000000000e+00,-0.000000000000000000e+00,0.000000000000000000e+00
9.707499999999999574e+00,0.000000000000000000e+00,0.000000000000000000e+00,0.000000000000000000e+00
9.712500000000000355e+00,0.000000000000000000e+00,-0.000000000000000000e+00,0.000000000000000000e+00
9.717499999999999361e+00,0.000000000000000000e+00,0.000000000000000000e+00,0.000000000000000000e+00
9.722500000000000142e+00,0.000000000000000000e+00,-0.000000000000000000e+00,0.000000000000000000e+00
9.727500000000000924e+00,0.000000000000000000e+00,0.000000000000000000e+00,0.000000000000000000e+00
9.732499999999999929e+00,0.000000000000000000e+00,-0.000000000000000000e+00,0.000000000000000000e+00
9.737500000000000711e+00,0.000000000000000000e+00,-0.000000000000000000e+00,0.000000000000000000e+00
9.742499999999999716e+00,0.000000000000000000e+00,0.000000000000000000e+00,0.000000000000000000e+00
9.747500000000000497e+00,0.000000000000000000e+00,-0.000000000000000000e+00,0.000000000000000000e+00
9.752499999999999503e+00,0.000000000000000000e+00,0.000000000000000000e+00,0.000000000000000000e+00
9.757500000000000284e+00,0.000000000000000000e+00,-0.000000000000000000e+00,0.000000000000000000e+00
9.762500000000001066e+00,0.000000000000000000e+00,0.000000000000000000e+00,0.000000000000000000e+00
9.767500000000000071e+00,0.000000000000000000e+00,-0.000000000000000000e+00,0.000000000000000000e+00
9.772500000000000853e+00,0.000000000000000000e+00,0.000000000000000000e+00,0.000000000000000000e+00
9.777499999999999858e+00,0.000000000000000000e+00,-0.000000000000000000e+00,0.000000000000000000e+00
9.782500000000000639e+00,0.000000000000000000e+00,0.000000000000000000e+00,0.000000000000000000e+00
9.787499999999999645e+00,0.000000000000000000e+00,-0.000000000000000000e+00,0.000000000000000000e+00
9.792500000000000426e+00,0.000000000000000000e+00,0.000000000000000000e+00,0.000000000000000000e+00
9.797499999999999432e+00,0.000000000000000000e+00,-0.000000000000000000e+00,0.000000000000000000e+00
9.802500000000000213e+00,0.000000000000000000e+00,0.000000000000000000e+00,0.000000000000000000e+00
9.807500000000000995e+00,0.000000000000000000e+00,-0.000000000000000000e+00,0.000000000000000000e+00
9.812500000000000000e+00,0.000000000000000000e+00,0.000000000000000000e+00,0.000000000000000000e+00
9.817500000000000782e+00,0.000000000000000000e+00,-0.000000000000000000e+00,0.000000000000000000e+00
9.822499999999999787e+00,0.000000000000000000e+00,0.000000000000000000e+00,0.000000000000000000e+00
9.827500000000000568e+00,0.000000000000000000e+00,-0.000000000000000000e+00,0.000000000000000000e+00
9.832499999999999574e+00,0.000000000000000000e+00,0.000000000000000000e+00,0.000000000000000000e+00
9.837500000000000355e+00,0.000000000000000000e+00,-0.000000000000000000e+00,0.000000000000000000e+00
9.842499999999999361e+00,0.000000000000000000e+00,0.000000000000000000e+00,0.000000000000000000e+00
9.847500000000000142e+00,0.000000000000000000e+00,-0.000000000000000000e+00,0.000000000000000000e+00
9.852500000000000924e+00,0.000000000000000000e+00,0.000000000000000000e+00,0.000000000000000000e+00
9.857499999999999929e+00,0.000000000000000000e+00,-0.000000000000000000e+00,0.000000000000000000e+00
9.862500000000000711e+00,0.000000000000000000e+00,0.000000000000000000e+00,0.000000000000000000e+00
9.867499999999999716e+00,0.000000000000000000e+00,-0.000000000000000000e+00,0.000000000000000000e+00
9.872500000000000497e+00,0.000000000000000000e+00,0.000000000000000000e+00,0.000000000000000000e+00
9.877499999999999503e+00,0.000000000000000000e+00,-0.000000000000000000e+00,0.000000000000000000e+00
9.882500000000000284e+00,0.000000000000000000e+00,0.000000000000000000e+00,0.000000000000000000e+00
9.887500000000001066e+00,0.000000000000000000e+00,-0.000000000000000000e+00,0.000000000000000000e+00
9.892500000000000071e+00,0.000000000000000000e+00,0.000000000000000000e+00,0.000000000000000000e+00
9.897500000000000853e+00,0.000000000000000000e+00,-0.000000000000000000e+00,0.000000000000000000e+00
9.902499999999999858e+00,0.000000000000000000e+00,0.000000000000000000e+00,0.000000000000000000e+00
9.907500000000000639e+00,0.000000000000000000e+00,-0.000000000000000000e+00,0.000000000000000000e+00
9.912499999999999645e+00,0.000000000000000000e+00,0.000000000000000000e+00,0.000000000000000000e+00
9.917500000000000426e+00,0.000000000000000000e+00,-0.000000000000000000e+00,0.000000000000000000e+00
9.922499999999999432e+00,0.000000000000000000e+00,0.000000000000000000e+00,0.000000000000000000e+00
9.927500000000000213e+00,0.000000000000000000e+00,-0.000000000000000000e+00,0.000000000000000000e+00
9.932500000000000995e+00,0.000000000000000000e+00,0.000000000000000000e+00,0.000000000000000000e+00
9.937500000000000000e+00,0.000000000000000000e+00,-0.000000000000000000e+00,0.000000000000000000e+00
9.942500000000000782e+00,0.000000000000000000e+00,0.000000000000000000e+00,0.000000000000000000e+00
9.947499999999999787e+00,0.000000000000000000e+00,-0.000000000000000000e+00,0.000000000000000000e+00
9.952500000000000568e+00,0.000000000000000000e+00,0.000000000000000000e+00,0.000000000000000000e+00
9.957499999999999574e+00,0.000000000000000000e+00,-0.000000000000000000e+00,0.000000000000000000e+00
9.962500000000000355e+00,0.000000000000000000e+00,0.000000000000000000e+00,0.000000000000000000e+00
9.967499999999999361e+00,0.000000000000000000e+00,-0.000000000000000000e+00,0.000000000000000000e+00
9.972500000000000142e+00,0.000000000000000000e+00,0.000000000000000000e+00,0.000000000000000000e+00
9.977500000000000924e+00,0.000000000000000000e+00,-0.000000000000000000e+00,0.000000000000000000e+00
9.982499999999999929e+00,0.000000000000000000e+00,0.000000000000000000e+00,0.000000000000000000e+00
9.987500000000000711e+00,0.000000000000000000e+00,-0.000000000000000000e+00,0.000000000000000000e+00
9.992499999999999716e+00,0.000000000000000000e+00,0.000000000000000000e+00,0.000000000000000000e+00
9.997500000000000497e+00,0.000000000000000000e+00,-0.000000000000000000e+00,0.000000000000000000e+00
1.000249999999999950e+01,0.000000000000000000e+00,0.000000000000000000e+00,0.000000000000000000e+00
1.000750000000000028e+01,0.000000000000000000e+00,-0.000000000000000000e+00,0.000000000000000000e+00
1.001250000000000107e+01,0.000000000000000000e+00,0.000000000000000000e+00,0.000000000000000000e+00
1.001750000000000007e+01,0.000000000000000000e+00,-0.000000000000000000e+00,0.000000000000000000e+00
1.002250000000000085e+01,0.000000000000000000e+00,0.000000000000000000e+00,0.000000000000000000e+00
1.002749999999999986e+01,0.000000000000000000e+00,-0.000000000000000000e+00,0.000000000000000000e+00
1.003250000000000064e+01,0.000000000000000000e+00,0.000000000000000000e+00,-0.000000000000000000e+00
1.003749999999999964e+01,0.000000000000000000e+00,0.000000000000000000e+00,0.000000000000000000e+00
1.004250000000000043e+01,0.000000000000000000e+00,-0.000000000000000000e+00,0.000000000000000000e+00
1.004749999999999943e+01,0.000000000000000000e+00,0.000000000000000000e+00,0.000000000000000000e+00
1.005250000000000021e+01,0.000000000000000000e+00,-0.000000000000000000e+00,0.000000000000000000e+00
1.005750000000000099e+01,0.000000000000000000e+00,0.000000000000000000e+00,0.000000000000000000e+00
1.006250000000000000e+01,0.000000000000000000e+00,-0.000000000000000000e+00,0.000000000000000000e+00
1.006750000000000078e+01,0.000000000000000000e+00,0.000000000000000000e+00,0.000000000000000000e+00
1.007249999999999979e+01,0.000000000000000000e+00,-0.000000000000000000e+00,0.000000000000000000e+00
1.007750000000000057e+01,0.000000000000000000e+00,0.000000000000000000e+00,0.000000000000000000e+00
1.008249999999999957e+01,0.000000000000000000e+00,0.000000000000000000e+00,0.000000000000000000e+00
1.008750000000000036e+01,0.000000000000000000e+00,-0.000000000000000000e+00,0.000000000000000000e+00
1.009249999999999936e+01,0.000000000000000000e+00,0.000000000000000000e+00,0.000000000000000000e+00
1.009750000000000014e+01,0.000000000000000000e+00,-0.000000000000000000e+00,0.000000000000000000e+00
1.010250000000000092e+01,0.000000000000000000e+00,0.000000000000000000e+00,0.000000000000000000e+00
1.010749999999999993e+01,0.000000000000000000e+00,-0.000000000000000000e+00,0.000000000000000000e+00
1.011250000000000071e+01,0.000000000000000000e+00,0.000000000000000000e+00,0.000000000000000000e+00
1.011749999999999972e+01,0.000000000000000000e+00,-0.000000000000000000e+00,0.000000000000000000e+00
1.012250000000000050e+01,0.000000000000000000e+00,0.000000000000000000e+00,0.000000000000000000e+00
1.012749999999999950e+01,0.000000000000000000e+00,-0.000000000000000000e+00,0.000000000000000000e+00
1.013250000000000028e+01,0.000000000000000000e+00,0.000000000000000000e+00,0.000000000000000000e+00
1.013750000000000107e+01,0.000000000000000000e+00,-0.000000000000000000e+00,0.000000000000000000e+00
1.014250000000000007e+01,0.000000000000000000e+00,0.000000000000000000e+00,0.000000000000000000e+00
1.014750000000000085e+01,0.000000000000000000e+00,-0.000000000000000000e+00,0.000000000000000000e+00
1.015249999999999986e+01,0.000000000000000000e+00,0.000000000000000000e+00,0.000000000000000000e+00
1.015750000000000064e+01,0.000000000000000000e+00,-0.000000000000000000e+00,0.000000000000000000e+00
1.016249999999999964e+01,0.000000000000000000e+00,0.000000000000000000e+00,0.000000000000000000e+00
1.016750000000000043e+01,0.000000000000000000e+00,-0.000000000000000000e+00,0.000000000000000000e+00
1.017249999999999943e+01,0.000000000000000000e+00,0.000000000000000000e+00,0.000000000000000000e+00
1.017750000000000021e+01,0.000000000000000000e+00,-0.000000000000000000e+00,0.000000000000000000e+00
1.018250000000000099e+01,0.000000000000000000e+00,0.000000000000000000e+00,0.000000000000000000e+00
1.018750000000000000e+01,0.000000000000000000e+00,-0.000000000000000000e+00,0.000000000000000000e+00
1.019250000000000078e+01,0.000000000000000000e+00,0.000000000000000000e+00,0.000000000000000000e+00
1.019749999999999979e+01,0.000000000000000000e+00,-0.000000000000000000e+00,0.000000000000000000e+00
1.020250000000000057e+01,0.000000000000000000e+00,0.000000000000000000e+00,0.000000000000000000e+00
1.020749999999999957e+01,0.000000000000000000e+00,-0.000000000000000000e+00,0.000000000000000000e+00
1.021250000000000036e+01,0.000000000000000000e+00,0.000000000000000000e+00,0.000000000000000000e+00
1.021749999999999936e+01,0.000000000000000000e+00,-0.000000000000000000e+00,0.000000000000000000e+00
1.022250000000000014e+01,0.000000000000000000e+00,0.000000000000000000e+00,0.000000000000000000e+00
1.022750000000000092e+01,0.000000000000000000e+00,-0.000000000000000000e+00,0.000000000000000000e+00
1.023249999999999993e+01,0.000000000000000000e+00,0.000000000000000000e+00,0.000000000000000000e+00
1.023750000000000071e+01,0.000000000000000000e+00,-0.000000000000000000e+00,0.000000000000000000e+00
1.024249999999999972e+01,0.000000000000000000e+00,0.000000000000000000e+00,0.000000000000000000e+00
1.024750000000000050e+01,0.000000000000000000e+00,-0.000000000000000000e+00,0.000000000000000000e+00
1.025249999999999950e+01,0.000000000000000000e+00,0.000000000000000000e+00,0.000000000000000000e+00
1.025750000000000028e+01,0.000000000000000000e+00,-0.000000000000000000e+00,0.000000000000000000e+00
1.026250000000000107e+01,0.000000000000000000e+00,0.000000000000000000e+00,0.000000000000000000e+00
1.026750000000000007e+01,0.000000000000000000e+00,-0.000000000000000000e+00,0.000000000000000000e+00
1.027250000000000085e+01,0.000000000000000000e+00,0.000000000000000000e+00,0.000000000000000000e+00
1.027749999999999986e+01,0.000000000000000000e+00,-0.000000000000000000e+00,0.000000000000000000e+00
1.028250000000000064e+01,0.000000000000000000e+00,-0.000000000000000000e+00,0.000000000000000000e+00
1.028749999999999964e+01,0.000000000000000000e+00,0.000000000000000000e+00,0.000000000000000000e+00
1.029250000000000043e+01,0.000000000000000000e+00,-0.000000000000000000e+00,0.000000000000000000e+00
1.029749999999999943e+01,0.000000000000000000e+00,0.000000000000000000e+00,0.000000000000000000e+00
1.030250000000000021e+01,0.000000000000000000e+00,-0.000000000000000000e+00,0.000000000000000000e+00
1.030750000000000099e+01,0.000000000000000000e+00,0.000000000000000000e+00,0.000000000000000000e+00
1.031250000000000000e+01,0.000000000000000000e+00,-0.000000000000000000e+00,0.000000000000000000e+00
1.031750000000000078e+01,0.000000000000000000e+00,0.000000000000000000e+00,0.000000000000000000e+00
1.032249999999999979e+01,0.000000000000000000e+00,-0.000000000000000000e+00,0.000000000000000000e+00
1.032750000000000057e+01,0.000000000000000000e+00,0.000000000000000000e+00,0.000000000000000000e+00
1.033249999999999957e+01,0.000000000000000000e+00,-0.000000000000000000e+00,0.000000000000000000e+00
1.033750000000000036e+01,0.000000000000000000e+00,0.000000000000000000e+00,0.000000000000000000e+00
1.034249999999999936e+01,0.000000000000000000e+00,-0.000000000000000000e+00,0.000000000000000000e+00
1.034750000000000014e+01,0.000000000000000000e+00,0.000000000000000000e+00,0.000000000000000000e+00
1.035250000000000092e+01,0.000000000000000000e+00,-0.000000000000000000e+00,0.000000000000000000e+00
1.035749999999999993e+01,0.000000000000000000e+00,0.000000000000000000e+00,0.000000000000000000e+00
1.036250000000000071e+01,0.000000000000000000e+00,-0.000000000000000000e+00,0.000000000000000000e+00
1.036749999999999972e+01,0.000000000000000000e+00,0.000000000000000000e+00,0.000000000000000000e+00
1.037250000000000050e+01,0.000000000000000000e+00,-0.000000000000000000e+00,0.000000000000000000e+00
1.037749999999999950e+01,0.000000000000000000e+00,0.000000000000000000e+00,0.000000000000000000e+00
1.038250000000000028e+01,0.000000000000000000e+00,-0.000000000000000000e+00,0.000000000000000000e+00
1.038750000000000107e+01,0.000000000000000000e+00,0.000000000000000000e+00,0.000000000000000000e+00
1.039250000000000007e+01,0.000000000000000000e+00,-0.000000000000000000e+00,0.000000000000000000e+00
1.039750000000000085e+01,0.000000000000000000e+00,0.000000000000000000e+00,0.000000000000000000e+00
1.040249999999999986e+01,0.000000000000000000e+00,-0.000000000000000000e+00,0.000000000000000000e+00
1.040750000000000064e+01,0.000000000000000000e+00,0.000000000000000000e+00,0.000000000000000000e+00
1.041249999999999964e+01,0.000000000000000000e+00,-0.000000000000000000e+00,0.000000000000000000e+00
1.041750000000000043e+01,0.000000000000000000e+00,0.000000000000000000e+00,0.000000000000000000e+00
1.042249999999999943e+01,0.000000000000000000e+00,-0.000000000000000000e+00,0.000000000000000000e+00
1.042750000000000021e+01,0.000000000000000000e+00,0.000000000000000000e+00,0.000000000000000000e+00
1.043250000000000099e+01,0.000000000000000000e+00,-0.000000000000000000e+00,0.000000000000000000e+00
1.043750000000000000e+01,0.000000000000000000e+00,0.000000000000000000e+00,0.000000000000000000e+00
1.044250000000000078e+01,0.000000000000000000e+00,-0.000000000000000000e+00,0.000000000000000000e+00
1.044749999999999979e+01,0.000000000000000000e+00,0.000000000000000000e+00,0.000000000000000000e+00
1.045250000000000057e+01,0.000000000000000000e+00,-0.000000000000000000e+00,0.000000000000000000e+00
1.045749999999999957e+01,0.000000000000000000e+00,0.000000000000000000e+00,0.000000000000000000e+00
1.046250000000000036e+01,0.000000000000000000e+00,-0.000000000000000000e+00,0.000000000000000000e+00
1.046749999999999936e+01,0.000000000000000000e+00,0.000000000000000000e+00,0.000000000000000000e+00
1.047250000000000014e+01,0.000000000000000000e+00,-0.000000000000000000e+00,0.000000000000000000e+00
1.047750000000000092e+01,0.000000000000000000e+00,0.000000000000000000e+00,0.000000000000000000e+00
1.048249999999999993e+01,0.000000000000000000e+00,-0.000000000000000000e+00,0.000000000000000000e+00
1.048750000000000071e+01,0.000000000000000000e+00,0.000000000000000000e+00,0.000000000000000000e+00
1.049249999999999972e+01,0.000000000000000000e+00,-0.000000000000000000e+00,0.000000000000000000e+00
1.049750000000000050e+01,0.000000000000000000e+00,0.000000000000000000e+00,0.000000000000000000e+00
1.050249999999999950e+01,0.000000000000000000e+00,-0.000000000000000000e+00,0.000000000000000000e+00
1.050750000000000028e+01,0.000000000000000000e+00,0.000000000000000000e+00,0.000000000000000000e+00
1.051250000000000107e+01,0.000000000000000000e+00,-0.000000000000000000e+00,0.000000000000000000e+00
1.051750000000000007e+01,0.000000000000000000e+00,0.000000000000000000e+00,0.000000000000000000e+00
1.052250000000000085e+01,0.000000000000000000e+00,-0.000000000000000000e+00,0.000000000000000000e+00
1.052749999999999986e+01,0.000000000000000000e+00,0.000000000000000000e+00,0.000000000000000000e+00
1.053250000000000064e+01,0.000000000000000000e+00,-0.000000000000000000e+00,0.000000000000000000e+00
1.053749999999999964e+01,0.000000000000000000e+00,0.000000000000000000e+00,0.000000000000000000e+00
1.054250000000000043e+01,0.000000000000000000e+00,-0.000000000000000000e+00,0.000000000000000000e+00
1.054749999999999943e+01,0.000000000000000000e+00,0.000000000000000000e+00,0.000000000000000000e+00
1.055250000000000021e+01,0.000000000000000000e+00,-0.000000000000000000e+00,0.000000000000000000e+00
1.055750000000000099e+01,0.000000000000000000e+00,0.000000000000000000e+00,0.000000000000000000e+00
1.056250000000000000e+01,0.000000000000000000e+00,-0.000000000000000000e+00,0.000000000000000000e+00
1.056750000000000078e+01,0.000000000000000000e+00,0.000000000000000000e+00,0.000000000000000000e+00
1.057249999999999979e+01,0.000000000000000000e+00,-0.000000000000000000e+00,0.000000000000000000e+00
1.057750000000000057e+01,0.000000000000000000e+00,0.000000000000000000e+00,0.000000000000000000e+00
1.058249999999999957e+01,0.000000000000000000e+00,-0.000000000000000000e+00,0.000000000000000000e+00
1.058750000000000036e+01,0.000000000000000000e+00,0.000000000000000000e+00,0.000000000000000000e+00
1.059249999999999936e+01,0.000000000000000000e+00,-0.000000000000000000e+00,0.000000000000000000e+00
1.059750000000000014e+01,0.000000000000000000e+00,0.000000000000000000e+00,0.000000000000000000e+00
1.060250000000000092e+01,0.000000000000000000e+00,-0.000000000000000000e+00,0.000000000000000000e+00
1.060749999999999993e+01,0.000000000000000000e+00,0.000000000000000000e+00,0.000000000000000000e+00
1.061250000000000071e+01,0.000000000000000000e+00,-0.000000000000000000e+00,0.000000000000000000e+00
1.061749999999999972e+01,0.000000000000000000e+00,0.000000000000000000e+00,0.000000000000000000e+00
1.062250000000000050e+01,0.000000000000000000e+00,-0.000000000000000000e+00,0.000000000000000000e+00
1.062749999999999950e+01,0.000000000000000000e+00,0.000000000000000000e+00,0.000000000000000000e+00
1.063250000000000028e+01,0.000000000000000000e+00,-0.000000000000000000e+00,0.000000000000000000e+00
1.063750000000000107e+01,0.000000000000000000e+00,0.000000000000000000e+00,0.000000000000000000e+00
1.064250000000000007e+01,0.000000000000000000e+00,-0.000000000000000000e+00,0.000000000000000000e+00
1.064750000000000085e+01,0.000000000000000000e+00,0.000000000000000000e+00,0.000000000000000000e+00
1.065249999999999986e+01,0.000000000000000000e+00,-0.000000000000000000e+00,0.000000000000000000e+00
1.065750000000000064e+01,0.000000000000000000e+00,0.000000000000000000e+00,0.000000000000000000e+00
1.066249999999999964e+01,0.000000000000000000e+00,-0.000000000000000000e+00,0.000000000000000000e+00
1.066750000000000043e+01,0.000000000000000000e+00,0.000000000000000000e+00,0.000000000000000000e+00
1.067249999999999943e+01,0.000000000000000000e+00,-0.000000000000000000e+00,0.000000000000000000e+00
1.067750000000000021e+01,0.000000000000000000e+00,0.000000000000000000e+00,0.000000000000000000e+00
1.068250000000000099e+01,0.000000000000000000e+00,-0.000000000000000000e+00,0.000000000000000000e+00
1.068750000000000000e+01,0.000000000000000000e+00,0.000000000000000000e+00,0.000000000000000000e+00
1.069250000000000078e+01,0.000000000000000000e+00,-0.000000000000000000e+00,0.000000000000000000e+00
1.069749999999999979e+01,0.000000000000000000e+00,0.000000000000000000e+00,0.000000000000000000e+00
1.070250000000000057e+01,0.000000000000000000e+00,-0.000000000000000000e+00,0.000000000000000000e+00
1.070749999999999957e+01,0.000000000000000000e+00,0.000000000000000000e+00,0.000000000000000000e+00
1.071250000000000036e+01,0.000000000000000000e+00,-0.000000000000000000e+00,0.000000000000000000e+00
1.071749999999999936e+01,0.000000000000000000e+00,0.000000000000000000e+00,0.000000000000000000e+00
1.072250000000000014e+01,0.000000000000000000e+00,-0.000000000000000000e+00,0.000000000000000000e+00
1.072750000000000092e+01,0.000000000000000000e+00,0.000000000000000000e+00,0.000000000000000000e+00
1.073249999999999993e+01,0.000000000000000000e+00,-0.000000000000000000e+00,0.000000000000000000e+00
1.073750000000000071e+01,0.000000000000000000e+00,0.000000000000000000e+00,0.000000000000000000e+00
1.074249999999999972e+01,0.000000000000000000e+00,-0.000000000000000000e+00,0.000000000000000000e+00
1.074750000000000050e+01,0.000000000000000000e+00,0.000000000000000000e+00,0.000000000000000000e+00
1.075249999999999950e+01,0.000000000000000000e+00,-0.000000000000000000e+00,0.000000000000000000e+00
1.075750000000000028e+01,0.000000000000000000e+00,0.000000000000000000e+00,0.000000000000000000e+00
1.076250000000000107e+01,0.000000000000000000e+00,-0.000000000000000000e+00,0.000000000000000000e+00
1.076750000000000007e+01,0.000000000000000000e+00,0.000000000000000000e+00,0.000000000000000000e+00
1.077250000000000085e+01,0.000000000000000000e+00,-0.000000000000000000e+00,0.000000000000000000e+00
1.077749999999999986e+01,0.000000000000000000e+00,0.000000000000000000e+00,0.000000000000000000e+00
1.078250000000000064e+01,0.000000000000000000e+00,-0.000000000000000000e+00,0.000000000000000000e+00
1.078749999999999964e+01,0.000000000000000000e+00,0.000000000000000000e+00,0.000000000000000000e+00
1.079250000000000043e+01,0.000000000000000000e+00,-0.000000000000000000e+00,0.000000000000000000e+00
1.079749999999999943e+01,0.000000000000000000e+00,0.000000000000000000e+00,0.000000000000000000e+00
1.080250000000000021e+01,0.000000000000000000e+00,-0.000000000000000000e+00,0.000000000000000000e+00
1.080750000000000099e+01,0.000000000000000000e+00,0.000000000000000000e+00,0.000000000000000000e+00
1.081250000000000000e+01,0.000000000000000000e+00,-0.000000000000000000e+00,0.000000000000000000e+00
1.081750000000000078e+01,0.000000000000000000e+00,0.000000000000000000e+00,0.000000000000000000e+00
1.082249999999999979e+01,0.000000000000000000e+00,-0.000000000000000000e+00,0.000000000000000000e+00
1.082750000000000057e+01,0.000000000000000000e+00,0.000000000000000000e+00,0.000000000000000000e+00
1.083249999999999957e+01,0.000000000000000000e+00,-0.000000000000000000e+00,0.000000000000000000e+00
1.083750000000000036e+01,0.000000000000000000e+00,0.000000000000000000e+00,0.000000000000000000e+00
1.084249999999999936e+01,0.000000000000000000e+00,-0.000000000000000000e+00,0.000000000000000000e+00
1.084750000000000014e+01,0.000000000000000000e+00,0.000000000000000000e+00,0.000000000000000000e+00
1.085250000000000092e+01,0.000000000000000000e+00,-0.000000000000000000e+00,0.000000000000000000e+00
1.085749999999999993e+01,0.000000000000000000e+00,0.000000000000000000e+00,-0.000000000000000000e+00
1.086250000000000071e+01,0.000000000000000000e+00,0.000000000000000000e+00,0.000000000000000000e+00
1.086749999999999972e+01,0.000000000000000000e+00,0.000000000000000000e+00,0.000000000000000000e+00
1.087250000000000050e+01,0.000000000000000000e+00,-0.000000000000000000e+00,0.000000000000000000e+00
1.087749999999999950e+01,0.000000000000000000e+00,0.000000000000000000e+00,0.000000000000000000e+00
1.088250000000000028e+01,0.000000000000000000e+00,-0.000000000000000000e+00,0.000000000000000000e+00
1.088750000000000107e+01,0.000000000000000000e+00,0.000000000000000000e+00,0.000000000000000000e+00
1.089250000000000007e+01,0.000000000000000000e+00,-0.000000000000000000e+00,0.000000000000000000e+00
1.089750000000000085e+01,0.000000000000000000e+00,0.000000000000000000e+00,0.000000000000000000e+00
1.090249999999999986e+01,0.000000000000000000e+00,-0.000000000000000000e+00,0.000000000000000000e+00
1.090750000000000064e+01,0.000000000000000000e+00,0.000000000000000000e+00,0.000000000000000000e+00
1.091249999999999964e+01,0.000000000000000000e+00,-0.000000000000000000e+00,0.000000000000000000e+00
1.091750000000000043e+01,0.000000000000000000e+00,0.000000000000000000e+00,0.000000000000000000e+00
1.092249999999999943e+01,0.000000000000000000e+00,-0.000000000000000000e+00,0.000000000000000000e+00
1.092750000000000021e+01,0.000000000000000000e+00,0.000000000000000000e+00,0.000000000000000000e+00
1.093250000000000099e+01,0.000000000000000000e+00,-0.000000000000000000e+00,0.000000000000000000e+00
1.093750000000000000e+01,0.000000000000000000e+00,0.000000000000000000e+00,0.000000000000000000e+00
1.094250000000000078e+01,0.000000000000000000e+00,-0.000000000000000000e+00,0.000000000000000000e+00
1.094749999999999979e+01,0.000000000000000000e+00,0.000000000000000000e+00,0.000000000000000000e+00
1.095250000000000057e+01,0.000000000000000000e+00,-0.000000000000000000e+00,0.000000000000000000e+00
1.095749999999999957e+01,0.000000000000000000e+00,0.000000000000000000e+00,0.000000000000000000e+00
1.096250000000000036e+01,0.000000000000000000e+00,-0.000000000000000000e+00,0.000000000000000000e+00
1.096749999999999936e+01,0.000000000000000000e+00,0.000000000000000000e+00,0.000000000000000000e+00
1.097250000000000014e+01,0.000000000000000000e+00,-0.000000000000000000e+00,0.000000000000000000e+00
1.097750000000000092e+01,0.000000000000000000e+00,0.000000000000000000e+00,0.000000000000000000e+00
1.098249999999999993e+01,0.000000000000000000e+00,-0.000000000000000000e+00,0.000000000000000000e+00
1.098750000000000071e+01,0.000000000000000000e+00,0.000000000000000000e+00,0.000000000000000000e+00
1.099249999999999972e+01,0.000000000000000000e+00,-0.000000000000000000e+00,0.000000000000000000e+00
1.099750000000000050e+01,0.000000000000000000e+00,0.000000000000000000e+00,0.000000000000000000e+00
1.100249999999999950e+01,0.000000000000000000e+00,-0.000000000000000000e+00,0.000000000000000000e+00
1.100750000000000028e+01,0.000000000000000000e+00,0.000000000000000000e+00,0.000000000000000000e+00
1.101250000000000107e+01,0.000000000000000000e+00,-0.000000000000000000e+00,0.000000000000000000e+00
1.101750000000000007e+01,0.000000000000000000e+00,0.000000000000000000e+00,0.000000000000000000e+00
1.102250000000000085e+01,0.000000000000000000e+00,-0.000000000000000000e+00,0.000000000000000000e+00
1.102749999999999986e+01,0.000000000000000000e+00,0.000000000000000000e+00,0.000000000000000000e+00
1.103250000000000064e+01,0.000000000000000000e+00,-0.000000000000000000e+00,0.000000000000000000e+00
1.103749999999999964e+01,0.000000000000000000e+00,0.000000000000000000e+00,0.000000000000000000e+00
1.104250000000000043e+01,0.000000000000000000e+00,-0.000000000000000000e+00,0.000000000000000000e+00
1.104749999999999943e+01,0.000000000000000000e+00,0.000000000000000000e+00,0.000000000000000000e+00
1.105250000000000021e+01,0.000000000000000000e+00,-0.000000000000000000e+00,0.000000000000000000e+00
1.105750000000000099e+01,0.000000000000000000e+00,0.000000000000000000e+00,0.000000000000000000e+00
1.106250000000000000e+01,0.000000000000000000e+00,-0.000000000000000000e+00,0.000000000000000000e+00
1.106750000000000078e+01,0.000000000000000000e+00,0.000000000000000000e+00,0.000000000000000000e+00
1.107249999999999979e+01,0.000000000000000000e+00,-0.000000000000000000e+00,0.000000000000000000e+00
1.107750000000000057e+01,0.000000000000000000e+00,0.000000000000000000e+00,0.000000000000000000e+00
1.108249999999999957e+01,0.000000000000000000e+00,-0.000000000000000000e+00,0.000000000000000000e+00
1.108750000000000036e+01,0.000000000000000000e+00,0.000000000000000000e+00,0.000000000000000000e+00
1.109249999999999936e+01,0.000000000000000000e+00,-0.000000000000000000e+00,0.000000000000000000e+00
1.109750000000000014e+01,0.000000000000000000e+00,0.000000000000000000e+00,0.000000000000000000e+00
1.110250000000000092e+01,0.000000000000000000e+00,-0.000000000000000000e+00,0.000000000000000000e+00
1.110749999999999993e+01,0.000000000000000000e+00,0.000000000000000000e+00,0.000000000000000000e+00
1.111250000000000071e+01,0.000000000000000000e+00,-0.000000000000000000e+00,0.000000000000000000e+00
1.111749999999999972e+01,0.000000000000000000e+00,0.000000000000000000e+00,0.000000000000000000e+00
1.112250000000000050e+01,0.000000000000000000e+00,-0.000000000000000000e+00,0.000000000000000000e+00
1.112749999999999950e+01,0.000000000000000000e+00,0.000000000000000000e+00,0.000000000000000000e+00
1.113250000000000028e+01,0.000000000000000000e+00,-0.000000000000000000e+00,0.000000000000000000e+00
1.113750000000000107e+01,0.000000000000000000e+00,0.000000000000000000e+00,0.000000000000000000e+00
1.114250000000000007e+01,0.000000000000000000e+00,-0.000000000000000000e+00,0.000000000000000000e+00
1.114750000000000085e+01,0.000000000000000000e+00,0.000000000000000000e+00,0.000000000000000000e+00
1.115249999999999986e+01,0.000000000000000000e+00,-0.000000000000000000e+00,0.000000000000000000e+00
1.115750000000000064e+01,0.000000000000000000e+00,0.000000000000000000e+00,0.000000000000000000e+00
1.116249999999999964e+01,0.000000000000000000e+00,-0.000000000000000000e+00,0.000000000000000000e+00
1.116750000000000043e+01,0.000000000000000000e+00,0.000000000000000000e+00,0.000000000000000000e+00
1.117249999999999943e+01,0.000000000000000000e+00,-0.000000000000000000e+00,0.000000000000000000e+00
1.117750000000000021e+01,0.000000000000000000e+00,0.000000000000000000e+00,0.000000000000000000e+00
1.118250000000000099e+01,0.000000000000000000e+00,-0.000000000000000000e+00,0.000000000000000000e+00
1.118750000000000000e+01,0.000000000000000000e+00,-0.000000000000000000e+00,0.000000000000000000e+00
1.119250000000000078e+01,0.000000000000000000e+00,0.000000000000000000e+00,0.000000000000000000e+00
1.119749999999999979e+01,0.000000000000000000e+00,-0.000000000000000000e+00,0.000000000000000000e+00
1.120250000000000057e+01,0.000000000000000000e+00,0.000000000000000000e+00,0.000000000000000000e+00
1.120749999999999957e+01,0.000000000000000000e+00,-0.000000000000000000e+00,0.000000000000000000e+00
1.121250000000000036e+01,0.000000000000000000e+00,0.000000000000000000e+00,0.000000000000000000e+00
1.121749999999999936e+01,0.000000000000000000e+00,-0.000000000000000000e+00,0.000000000000000000e+00
1.122250000000000014e+01,0.000000000000000000e+00,0.000000000000000000e+00,0.000000000000000000e+00
1.122750000000000092e+01,0.000000000000000000e+00,-0.000000000000000000e+00,0.000000000000000000e+00
1.123249999999999993e+01,0.000000000000000000e+00,0.000000000000000000e+00,0.000000000000000000e+00
1.123750000000000071e+01,0.000000000000000000e+00,-0.000000000000000000e+00,0.000000000000000000e+00
1.124249999999999972e+01,0.000000000000000000e+00,0.000000000000000000e+00,0.000000000000000000e+00
1.124750000000000050e+01,0.000000000000000000e+00,-0.000000000000000000e+00,0.000000000000000000e+00
1.125249999999999950e+01,0.000000000000000000e+00,0.000000000000000000e+00,0.000000000000000000e+00
1.125750000000000028e+01,0.000000000000000000e+00,-0.000000000000000000e+00,0.000000000000000000e+00
1.126250000000000107e+01,0.000000000000000000e+00,0.000000000000000000e+00,0.000000000000000000e+00
1.126750000000000007e+01,0.000000000000000000e+00,-0.000000000000000000e+00,0.000000000000000000e+00
1.127250000000000085e+01,0.000000000000000000e+00,0.000000000000000000e+00,0.000000000000000000e+00
1.127749999999999986e+01,0.000000000000000000e+00,-0.000000000000000000e+00,0.000000000000000000e+00
1.128250000000000064e+01,0.000000000000000000e+00,0.000000000000000000e+00,0.000000000000000000e+00
1.128749999999999964e+01,0.000000000000000000e+00,-0.000000000000000000e+00,0.000000000000000000e+00
1.129250000000000043e+01,0.000000000000000000e+00,0.000000000000000000e+00,0.000000000000000000e+00
1.129749999999999943e+01,0.000000000000000000e+00,-0.000000000000000000e+00,0.000000000000000000e+00
1.130250000000000021e+01,0.000000000000000000e+00,0.000000000000000000e+00,0.000000000000000000e+00
1.130750000000000099e+01,0.000000000000000000e+00,-0.000000000000000000e+00,0.000000000000000000e+00
1.131250000000000000e+01,0.000000000000000000e+00,0.000000000000000000e+00,0.000000000000000000e+00
1.131750000000000078e+01,0.000000000000000000e+00,-0.000000000000000000e+00,0.000000000000000000e+00
1.132249999999999979e+01,0.000000000000000000e+00,0.000000000000000000e+00,0.000000000000000000e+00
1.132750000000000057e+01,0.000000000000000000e+00,-0.000000000000000000e+00,0.000000000000000000e+00
1.133249999999999957e+01,0.000000000000000000e+00,0.000000000000000000e+00,0.000000000000000000e+00
1.133750000000000036e+01,0.000000000000000000e+00,-0.000000000000000000e+00,0.000000000000000000e+00
1.134249999999999936e+01,0.000000000000000000e+00,0.000000000000000000e+00,0.000000000000000000e+00
1.134750000000000014e+01,0.000000000000000000e+00,-0.000000000000000000e+00,0.000000000000000000e+00
1.135250000000000092e+01,0.000000000000000000e+00,0.000000000000000000e+00,0.000000000000000000e+00
1.135749999999999993e+01,0.000000000000000000e+00,-0.000000000000000000e+00,0.000000000000000000e+00
1.136250000000000071e+01,0.000000000000000000e+00,0.000000000000000000e+00,0.000000000000000000e+00
1.136749999999999972e+01,0.000000000000000000e+00,-0.000000000000000000e+00,0.000000000000000000e+00
1.137250000000000050e+01,0.000000000000000000e+00,0.000000000000000000e+00,0.000000000000000000e+00
1.137749999999999950e+01,0.000000000000000000e+00,-0.000000000000000000e+00,0.000000000000000000e+00
1.138250000000000028e+01,0.000000000000000000e+00,0.000000000000000000e+00,0.000000000000000000e+00
1.138750000000000107e+01,0.000000000000000000e+00,-0.000000000000000000e+00,0.000000000000000000e+00
1.139250000000000007e+01,0.000000000000000000e+00,0.000000000000000000e+00,0.000000000000000000e+00
1.139750000000000085e+01,0.000000000000000000e+00,-0.000000000000000000e+00,0.000000000000000000e+00
1.140249999999999986e+01,0.000000000000000000e+00,0.000000000000000000e+00,0.000000000000000000e+00
1.140750000000000064e+01,0.000000000000000000e+00,-0.000000000000000000e+00,0.000000000000000000e+00
1.141249999999999964e+01,0.000000000000000000e+00,0.000000000000000000e+00,0.000000000000000000e+00
1.141750000000000043e+01,0.000000000000000000e+00,-0.000000000000000000e+00,0.000000000000000000e+00
1.142249999999999943e+01,0.000000000000000000e+00,0.000000000000000000e+00,0.000000000000000000e+00
1.142750000000000021e+01,0.000000000000000000e+00,-0.000000000000000000e+00,0.000000000000000000e+00
1.143250000000000099e+01,0.000000000000000000e+00,0.000000000000000000e+00,0.000000000000000000e+00
1.143750000000000000e+01,0.000000000000000000e+00,-0.000000000000000000e+00,0.000000000000000000e+00
1.144250000000000078e+01,0.000000000000000000e+00,0.000000000000000000e+00,0.000000000000000000e+00
1.144749999999999979e+01,0.000000000000000000e+00,-0.000000000000000000e+00,0.000000000000000000e+00
1.145250000000000057e+01,0.000000000000000000e+00,0.000000000000000000e+00,0.000000000000000000e+00
1.145749999999999957e+01,0.000000000000000000e+00,-0.000000000000000000e+00,0.000000000000000000e+00
1.146250000000000036e+01,0.000000000000000000e+00,0.000000000000000000e+00,0.000000000000000000e+00
1.146749999999999936e+01,0.000000000000000000e+00,-0.000000000000000000e+00,0.000000000000000000e+00
1.147250000000000014e+01,0.000000000000000000e+00,0.000000000000000000e+00,0.000000000000000000e+00
1.147750000000000092e+01,0.000000000000000000e+00,-0.000000000000000000e+00,0.000000000000000000e+00
1.148249999999999993e+01,0.000000000000000000e+00,0.000000000000000000e+00,0.000000000000000000e+00
1.148750000000000071e+01,0.000000000000000000e+00,-0.000000000000000000e+00,0.000000000000000000e+00
1.149249999999999972e+01,0.000000000000000000e+00,0.000000000000000000e+00,0.000000000000000000e+00
1.149750000000000050e+01,0.000000000000000000e+00,-0.000000000000000000e+00,0.000000000000000000e+00
1.150249999999999950e+01,0.000000000000000000e+00,0.000000000000000000e+00,0.000000000000000000e+00
1.150750000000000028e+01,0.000000000000000000e+00,-0.000000000000000000e+00,0.000000000000000000e+00
1.151250000000000107e+01,0.000000000000000000e+00,0.000000000000000000e+00,0.000000000000000000e+00
1.151750000000000007e+01,0.000000000000000000e+00,-0.000000000000000000e+00,0.000000000000000000e+00
1.152250000000000085e+01,0.000000000000000000e+00,0.000000000000000000e+00,0.000000000000000000e+00
1.152749999999999986e+01,0.000000000000000000e+00,-0.000000000000000000e+00,0.000000000000000000e+00
1.153250000000000064e+01,0.000000000000000000e+00,0.000000000000000000e+00,0.000000000000000000e+00
1.153749999999999964e+01,0.000000000000000000e+00,-0.000000000000000000e+00,0.000000000000000000e+00
1.154250000000000043e+01,0.000000000000000000e+00,0.000000000000000000e+00,-0.000000000000000000e+00
1.154749999999999943e+01,0.000000000000000000e+00,0.000000000000000000e+00,0.000000000000000000e+00
1.155250000000000021e+01,0.000000000000000000e+00,-0.000000000000000000e+00,0.000000000000000000e+00
1.155750000000000099e+01,0.000000000000000000e+00,0.000000000000000000e+00,0.000000000000000000e+00
1.156250000000000000e+01,0.000000000000000000e+00,-0.000000000000000000e+00,0.000000000000000000e+00
1.156750000000000078e+01,0.000000000000000000e+00,0.000000000000000000e+00,0.000000000000000000e+00
1.157249999999999979e+01,0.000000000000000000e+00,-0.000000000000000000e+00,0.000000000000000000e+00
1.157750000000000057e+01,0.000000000000000000e+00,0.000000000000000000e+00,0.000000000000000000e+00
1.158249999999999957e+01,0.000000000000000000e+00,-0.000000000000000000e+00,0.000000000000000000e+00
1.158750000000000036e+01,0.000000000000000000e+00,0.000000000000000000e+00,0.000000000000000000e+00
1.159249999999999936e+01,0.000000000000000000e+00,-0.000000000000000000e+00,0.000000000000000000e+00
1.159750000000000014e+01,0.000000000000000000e+00,0.000000000000000000e+00,0.000000000000000000e+00
1.160250000000000092e+01,0.000000000000000000e+00,-0.000000000000000000e+00,0.000000000000000000e+00
1.160749999999999993e+01,0.000000000000000000e+00,0.000000000000000000e+00,0.000000000000000000e+00
1.161250000000000071e+01,0.000000000000000000e+00,-0.000000000000000000e+00,0.000000000000000000e+00
1.161749999999999972e+01,0.000000000000000000e+00,0.000000000000000000e+00,0.000000000000000000e+00
1.162250000000000050e+01,0.000000000000000000e+00,-0.000000000000000000e+00,0.000000000000000000e+00
1.162749999999999950e+01,0.000000000000000000e+00,0.000000000000000000e+00,0.000000000000000000e+00
1.163250000000000028e+01,0.000000000000000000e+00,-0.000000000000000000e+00,0.000000000000000000e+00
1.163750000000000107e+01,0.000000000000000000e+00,0.000000000000000000e+00,0.000000000000000000e+00
1.164250000000000007e+01,0.000000000000000000e+00,-0.000000000000000000e+00,0.000000000000000000e+00
1.164750000000000085e+01,0.000000000000000000e+00,0.000000000000000000e+00,-0.000000000000000000e+00
1.165249999999999986e+01,0.000000000000000000e+00,0.000000000000000000e+00,0.000000000000000000e+00
1.165750000000000064e+01,0.000000000000000000e+00,-0.000000000000000000e+00,0.000000000000000000e+00
1.166249999999999964e+01,0.000000000000000000e+00,0.000000000000000000e+00,0.000000000000000000e+00
1.166750000000000043e+01,0.000000000000000000e+00,0.000000000000000000e+00,0.000000000000000000e+00
1.167249999999999943e+01,0.000000000000000000e+00,-0.000000000000000000e+00,0.000000000000000000e+00
1.167750000000000021e+01,0.000000000000000000e+00,0.000000000000000000e+00,0.000000000000000000e+00
1.168250000000000099e+01,0.000000000000000000e+00,-0.000000000000000000e+00,0.000000000000000000e+00
1.168750000000000000e+01,0.000000000000000000e+00,0.000000000000000000e+00,0.000000000000000000e+00
1.169250000000000078e+01,0.000000000000000000e+00,-0.000000000000000000e+00,0.000000000000000000e+00
1.169749999999999979e+01,0.000000000000000000e+00,0.000000000000000000e+00,0.000000000000000000e+00
1.170250000000000057e+01,0.000000000000000000e+00,-0.000000000000000000e+00,0.000000000000000000e+00
1.170749999999999957e+01,0.000000000000000000e+00,0.000000000000000000e+00,0.000000000000000000e+00
1.171250000000000036e+01,0.000000000000000000e+00,-0.000000000000000000e+00,0.000000000000000000e+00
1.171749999999999936e+01,0.000000000000000000e+00,0.000000000000000000e+00,0.000000000000000000e+00
1.172250000000000014e+01,0.000000000000000000e+00,-0.000000000000000000e+00,0.000000000000000000e+00
1.172750000000000092e+01,0.000000000000000000e+00,0.000000000000000000e+00,0.000000000000000000e+00
1.173249999999999993e+01,0.000000000000000000e+00,-0.000000000000000000e+00,0.000000000000000000e+00
1.173750000000000071e+01,0.000000000000000000e+00,0.000000000000000000e+00,0.000000000000000000e+00
1.174249999999999972e+01,0.000000000000000000e+00,-0.000000000000000000e+00,0.000000000000000000e+00
1.174750000000000050e+01,0.000000000000000000e+00,0.000000000000000000e+00,0.000000000000000000e+00
1.175249999999999950e+01,0.000000000000000000e+00,-0.000000000000000000e+00,0.000000000000000000e+00
1.175750000000000028e+01,0.000000000000000000e+00,0.000000000000000000e+00,0.000000000000000000e+00
1.176250000000000107e+01,0.000000000000000000e+00,-0.000000000000000000e+00,0.000000000000000000e+00
1.176750000000000007e+01,0.000000000000000000e+00,0.000000000000000000e+00,0.000000000000000000e+00
1.177250000000000085e+01,0.000000000000000000e+00,-0.000000000000000000e+00,0.000000000000000000e+00
1.177749999999999986e+01,0.000000000000000000e+00,0.000000000000000000e+00,0.000000000000000000e+00
1.178250000000000064e+01,0.000000000000000000e+00,-0.000000000000000000e+00,0.000000000000000000e+00
1.178749999999999964e+01,0.000000000000000000e+00,0.000000000000000000e+00,0.000000000000000000e+00
1.179250000000000043e+01,0.000000000000000000e+00,-0.000000000000000000e+00,0.000000000000000000e+00
1.179749999999999943e+01,0.000000000000000000e+00,0.000000000000000000e+00,0.000000000000000000e+00
1.180250000000000021e+01,0.000000000000000000e+00,-0.000000000000000000e+00,0.000000000000000000e+00
1.180750000000000099e+01,0.000000000000000000e+00,-0.000000000000000000e+00,0.000000000000000000e+00
1.181250000000000000e+01,0.000000000000000000e+00,0.000000000000000000e+00,0.000000000000000000e+00
1.181750000000000078e+01,0.000000000000000000e+00,-0.000000000000000000e+00,0.000000000000000000e+00
1.182249999999999979e+01,0.000000000000000000e+00,0.000000000000000000e+00,0.000000000000000000e+00
1.182750000000000057e+01,0.000000000000000000e+00,-0.000000000000000000e+00,0.000000000000000000e+00
1.183249999999999957e+01,0.000000000000000000e+00,0.000000000000000000e+00,0.000000000000000000e+00
1.183750000000000036e+01,0.000000000000000000e+00,-0.000000000000000000e+00,0.000000000000000000e+00
1.184249999999999936e+01,0.000000000000000000e+00,0.000000000000000000e+00,0.000000000000000000e+00
1.184750000000000014e+01,0.000000000000000000e+00,-0.000000000000000000e+00,0.000000000000000000e+00
1.185250000000000092e+01,0.000000000000000000e+00,0.000000000000000000e+00,0.000000000000000000e+00
1.185749999999999993e+01,0.000000000000000000e+00,-0.000000000000000000e+00,0.000000000000000000e+00
1.186250000000000071e+01,0.000000000000000000e+00,0.000000000000000000e+00,0.000000000000000000e+00
1.186749999999999972e+01,0.000000000000000000e+00,-0.000000000000000000e+00,0.000000000000000000e+00
1.187250000000000050e+01,0.000000000000000000e+00,0.000000000000000000e+00,0.000000000000000000e+00
1.187749999999999950e+01,0.000000000000000000e+00,-0.000000000000000000e+00,0.000000000000000000e+00
1.188250000000000028e+01,0.000000000000000000e+00,0.000000000000000000e+00,0.000000000000000000e+00
1.188750000000000107e+01,0.000000000000000000e+00,-0.000000000000000000e+00,0.000000000000000000e+00
1.189250000000000007e+01,0.000000000000000000e+00,0.000000000000000000e+00,0.000000000000000000e+00
1.189750000000000085e+01,0.000000000000000000e+00,-0.000000000000000000e+00,0.000000000000000000e+00
1.190249999999999986e+01,0.000000000000000000e+00,0.000000000000000000e+00,0.000000000000000000e+00
1.190750000000000064e+01,0.000000000000000000e+00,-0.000000000000000000e+00,0.000000000000000000e+00
1.191249999999999964e+01,0.000000000000000000e+00,0.000000000000000000e+00,0.000000000000000000e+00
1.191750000000000043e+01,0.000000000000000000e+00,-0.000000000000000000e+00,0.000000000000000000e+00
1.192249999999999943e+01,0.000000000000000000e+00,0.000000000000000000e+00,0.000000000000000000e+00
1.192750000000000021e+01,0.000000000000000000e+00,-0.000000000000000000e+00,0.000000000000000000e+00
1.193250000000000099e+01,0.000000000000000000e+00,0.000000000000000000e+00,0.000000000000000000e+00
1.193750000000000000e+01,0.000000000000000000e+00,-0.000000000000000000e+00,0.000000000000000000e+00
1.194250000000000078e+01,0.000000000000000000e+00,0.000000000000000000e+00,0.000000000000000000e+00
1.194749999999999979e+01,0.000000000000000000e+00,-0.000000000000000000e+00,0.000000000000000000e+00
1.195250000000000057e+01,0.000000000000000000e+00,0.000000000000000000e+00,0.000000000000000000e+00
1.195749999999999957e+01,0.000000000000000000e+00,-0.000000000000000000e+00,0.000000000000000000e+00
1.196250000000000036e+01,0.000000000000000000e+00,0.000000000000000000e+00,0.000000000000000000e+00
1.196750000000000114e+01,0.000000000000000000e+00,-0.000000000000000000e+00,0.000000000000000000e+00
1.197250000000000014e+01,0.000000000000000000e+00,0.000000000000000000e+00,0.000000000000000000e+00
1.197750000000000092e+01,0.000000000000000000e+00,-0.000000000000000000e+00,0.000000000000000000e+00
1.198249999999999993e+01,0.000000000000000000e+00,0.000000000000000000e+00,0.000000000000000000e+00
1.198750000000000071e+01,0.000000000000000000e+00,-0.000000000000000000e+00,0.000000000000000000e+00
1.199249999999999972e+01,0.000000000000000000e+00,0.000000000000000000e+00,0.000000000000000000e+00
1.199750000000000050e+01,0.000000000000000000e+00,-0.000000000000000000e+00,0.000000000000000000e+00
1.200249999999999950e+01,0.000000000000000000e+00,0.000000000000000000e+00,0.000000000000000000e+00
1.200750000000000028e+01,0.000000000000000000e+00,-0.000000000000000000e+00,0.000000000000000000e+00
1.201250000000000107e+01,0.000000000000000000e+00,0.000000000000000000e+00,0.000000000000000000e+00
1.201750000000000007e+01,0.000000000000000000e+00,-0.000000000000000000e+00,0.000000000000000000e+00
1.202250000000000085e+01,0.000000000000000000e+00,0.000000000000000000e+00,0.000000000000000000e+00
1.202749999999999986e+01,0.000000000000000000e+00,-0.000000000000000000e+00,0.000000000000000000e+00
1.203250000000000064e+01,0.000000000000000000e+00,0.000000000000000000e+00,0.000000000000000000e+00
1.203749999999999964e+01,0.000000000000000000e+00,-0.000000000000000000e+00,0.000000000000000000e+00
1.204250000000000043e+01,0.000000000000000000e+00,0.000000000000000000e+00,0.000000000000000000e+00
1.204749999999999943e+01,0.000000000000000000e+00,-0.000000000000000000e+00,0.000000000000000000e+00
1.205250000000000021e+01,0.000000000000000000e+00,0.000000000000000000e+00,0.000000000000000000e+00
1.205750000000000099e+01,0.000000000000000000e+00,-0.000000000000000000e+00,0.000000000000000000e+00
1.206250000000000000e+01,0.000000000000000000e+00,0.000000000000000000e+00,-0.000000000000000000e+00
1.206750000000000078e+01,0.000000000000000000e+00,0.000000000000000000e+00,0.000000000000000000e+00
1.207249999999999979e+01,0.000000000000000000e+00,-0.000000000000000000e+00,0.000000000000000000e+00
1.207750000000000057e+01,0.000000000000000000e+00,0.000000000000000000e+00,0.000000000000000000e+00
1.208249999999999957e+01,0.000000000000000000e+00,-0.000000000000000000e+00,0.000000000000000000e+00
1.208750000000000036e+01,0.000000000000000000e+00,0.000000000000000000e+00,0.000000000000000000e+00
1.209250000000000114e+01,0.000000000000000000e+00,-0.000000000000000000e+00,0.000000000000000000e+00
1.209750000000000014e+01,0.000000000000000000e+00,0.000000000000000000e+00,0.000000000000000000e+00
1.210250000000000092e+01,0.000000000000000000e+00,-0.000000000000000000e+00,0.000000000000000000e+00
1.210749999999999993e+01,0.000000000000000000e+00,0.000000000000000000e+00,0.000000000000000000e+00
1.211250000000000071e+01,0.000000000000000000e+00,-0.000000000000000000e+00,0.000000000000000000e+00
1.211749999999999972e+01,0.000000000000000000e+00,0.000000000000000000e+00,0.000000000000000000e+00
1.212250000000000050e+01,0.000000000000000000e+00,-0.000000000000000000e+00,0.000000000000000000e+00
1.212749999999999950e+01,0.000000000000000000e+00,0.000000000000000000e+00,0.000000000000000000e+00
1.213250000000000028e+01,0.000000000000000000e+00,-0.000000000000000000e+00,0.000000000000000000e+00
1.213750000000000107e+01,0.000000000000000000e+00,0.000000000000000000e+00,0.000000000000000000e+00
1.214250000000000007e+01,0.000000000000000000e+00,-0.000000000000000000e+00,0.000000000000000000e+00
1.214750000000000085e+01,0.000000000000000000e+00,0.000000000000000000e+00,0.000000000000000000e+00
1.215249999999999986e+01,0.000000000000000000e+00,-0.000000000000000000e+00,0.000000000000000000e+00
1.215750000000000064e+01,0.000000000000000000e+00,0.000000000000000000e+00,0.000000000000000000e+00
1.216249999999999964e+01,0.000000000000000000e+00,-0.000000000000000000e+00,0.000000000000000000e+00
1.216750000000000043e+01,0.000000000000000000e+00,0.000000000000000000e+00,0.000000000000000000e+00
1.217249999999999943e+01,0.000000000000000000e+00,-0.000000000000000000e+00,0.000000000000000000e+00
1.217750000000000021e+01,0.000000000000000000e+00,0.000000000000000000e+00,0.000000000000000000e+00
1.218250000000000099e+01,0.000000000000000000e+00,-0.000000000000000000e+00,0.000000000000000000e+00
1.218750000000000000e+01,0.000000000000000000e+00,-0.000000000000000000e+00,0.000000000000000000e+00
1.219250000000000078e+01,0.000000000000000000e+00,0.000000000000000000e+00,0.000000000000000000e+00
1.219749999999999979e+01,0.000000000000000000e+00,-0.000000000000000000e+00,0.000000000000000000e+00
1.220250000000000057e+01,0.000000000000000000e+00,0.000000000000000000e+00,0.000000000000000000e+00
1.220749999999999957e+01,0.000000000000000000e+00,-0.000000000000000000e+00,-0.000000000000000000e+00
1.221250000000000036e+01,0.000000000000000000e+00,0.000000000000000000e+00,0.000000000000000000e+00
1.221750000000000114e+01,0.000000000000000000e+00,-0.000000000000000000e+00,-0.000000000000000000e+00
1.222250000000000014e+01,0.000000000000000000e+00,-0.000000000000000000e+00,0.000000000000000000e+00
1.222750000000000092e+01,0.000000000000000000e+00,0.000000000000000000e+00,0.000000000000000000e+00
1.223249999999999993e+01,0.000000000000000000e+00,-0.000000000000000000e+00,0.000000000000000000e+00
1.223750000000000071e+01,0.000000000000000000e+00,0.000000000000000000e+00,0.000000000000000000e+00
1.224249999999999972e+01,0.000000000000000000e+00,-0.000000000000000000e+00,0.000000000000000000e+00
1.224750000000000050e+01,0.000000000000000000e+00,0.000000000000000000e+00,0.000000000000000000e+00
1.225249999999999950e+01,0.000000000000000000e+00,0.000000000000000000e+00,0.000000000000000000e+00
1.225750000000000028e+01,0.000000000000000000e+00,0.000000000000000000e+00,0.000000000000000000e+00
1.226250000000000107e+01,0.000000000000000000e+00,0.000000000000000000e+00,0.000000000000000000e+00
1.226750000000000007e+01,0.000000000000000000e+00,0.000000000000000000e+00,0.000000000000000000e+00
1.227250000000000085e+01,0.000000000000000000e+00,-0.000000000000000000e+00,0.000000000000000000e+00
1.227749999999999986e+01,0.000000000000000000e+00,-0.000000000000000000e+00,0.000000000000000000e+00
1.228250000000000064e+01,0.000000000000000000e+00,0.000000000000000000e+00,-0.000000000000000000e+00
1.228749999999999964e+01,0.000000000000000000e+00,0.000000000000000000e+00,0.000000000000000000e+00
1.229250000000000043e+01,0.000000000000000000e+00,-0.000000000000000000e+00,0.000000000000000000e+00
1.229749999999999943e+01,0.000000000000000000e+00,-0.000000000000000000e+00,0.000000000000000000e+00
1.230250000000000021e+01,0.000000000000000000e+00,0.000000000000000000e+00,0.000000000000000000e+00
1.230750000000000099e+01,0.000000000000000000e+00,0.000000000000000000e+00,0.000000000000000000e+00
1.231250000000000000e+01,0.000000000000000000e+00,0.000000000000000000e+00,0.000000000000000000e+00
1.231750000000000078e+01,0.000000000000000000e+00,0.000000000000000000e+00,0.000000000000000000e+00
1.232249999999999979e+01,0.000000000000000000e+00,0.000000000000000000e+00,0.000000000000000000e+00
1.232750000000000057e+01,0.000000000000000000e+00,0.000000000000000000e+00,0.000000000000000000e+00
1.233249999999999957e+01,0.000000000000000000e+00,0.000000000000000000e+00,0.000000000000000000e+00
1.233750000000000036e+01,0.000000000000000000e+00,0.000000000000000000e+00,0.000000000000000000e+00
1.234250000000000114e+01,0.000000000000000000e+00,0.000000000000000000e+00,0.000000000000000000e+00
1.234750000000000014e+01,0.000000000000000000e+00,0.000000000000000000e+00,0.000000000000000000e+00
1.235250000000000092e+01,0.000000000000000000e+00,0.000000000000000000e+00,0.000000000000000000e+00
1.235749999999999993e+01,0.000000000000000000e+00,0.000000000000000000e+00,0.000000000000000000e+00
1.236250000000000071e+01,0.000000000000000000e+00,0.000000000000000000e+00,0.000000000000000000e+00
1.236749999999999972e+01,0.000000000000000000e+00,0.000000000000000000e+00,0.000000000000000000e+00
1.237250000000000050e+01,0.000000000000000000e+00,0.000000000000000000e+00,0.000000000000000000e+00
1.237749999999999950e+01,0.000000000000000000e+00,0.000000000000000000e+00,0.000000000000000000e+00
1.238250000000000028e+01,0.000000000000000000e+00,0.000000000000000000e+00,0.000000000000000000e+00
1.238750000000000107e+01,0.000000000000000000e+00,0.000000000000000000e+00,0.000000000000000000e+00
1.239250000000000007e+01,0.000000000000000000e+00,0.000000000000000000e+00,0.000000000000000000e+00
1.239750000000000085e+01,0.000000000000000000e+00,0.000000000000000000e+00,0.000000000000000000e+00
1.240249999999999986e+01,0.000000000000000000e+00,0.000000000000000000e+00,0.000000000000000000e+00
1.240750000000000064e+01,0.000000000000000000e+00,0.000000000000000000e+00,0.000000000000000000e+00
1.241249999999999964e+01,0.000000000000000000e+00,0.000000000000000000e+00,0.000000000000000000e+00
1.241750000000000043e+01,0.000000000000000000e+00,0.000000000000000000e+00,0.000000000000000000e+00
1.242249999999999943e+01,0.000000000000000000e+00,0.000000000000000000e+00,0.000000000000000000e+00
1.242750000000000021e+01,0.000000000000000000e+00,0.000000000000000000e+00,0.000000000000000000e+00
1.243250000000000099e+01,0.000000000000000000e+00,0.000000000000000000e+00,0.000000000000000000e+00
1.243750000000000000e+01,0.000000000000000000e+00,0.000000000000000000e+00,0.000000000000000000e+00
1.244250000000000078e+01,0.000000000000000000e+00,0.000000000000000000e+00,0.000000000000000000e+00
1.244749999999999979e+01,0.000000000000000000e+00,0.000000000000000000e+00,0.000000000000000000e+00
1.245250000000000057e+01,0.000000000000000000e+00,0.000000000000000000e+00,0.000000000000000000e+00
1.245749999999999957e+01,0.000000000000000000e+00,0.000000000000000000e+00,0.000000000000000000e+00
1.246250000000000036e+01,0.000000000000000000e+00,0.000000000000000000e+00,0.000000000000000000e+00
1.246750000000000114e+01,0.000000000000000000e+00,0.000000000000000000e+00,0.000000000000000000e+00
1.247250000000000014e+01,0.000000000000000000e+00,0.000000000000000000e+00,0.000000000000000000e+00
1.247750000000000092e+01,0.000000000000000000e+00,0.000000000000000000e+00,0.000000000000000000e+00
1.248249999999999993e+01,0.000000000000000000e+00,0.000000000000000000e+00,0.000000000000000000e+00
1.248750000000000071e+01,0.000000000000000000e+00,0.000000000000000000e+00,0.000000000000000000e+00
1.249249999999999972e+01,0.000000000000000000e+00,0.000000000000000000e+00,0.000000000000000000e+00
1.249750000000000050e+01,0.000000000000000000e+00,0.000000000000000000e+00,0.000000000000000000e+00
1.250249999999999950e+01,0.000000000000000000e+00,0.000000000000000000e+00,0.000000000000000000e+00
1.250750000000000028e+01,0.000000000000000000e+00,0.000000000000000000e+00,0.000000000000000000e+00
1.251250000000000107e+01,0.000000000000000000e+00,0.000000000000000000e+00,0.000000000000000000e+00
1.251750000000000007e+01,0.000000000000000000e+00,0.000000000000000000e+00,0.000000000000000000e+00
1.252250000000000085e+01,0.000000000000000000e+00,0.000000000000000000e+00,0.000000000000000000e+00
1.252749999999999986e+01,0.000000000000000000e+00,0.000000000000000000e+00,0.000000000000000000e+00
1.253250000000000064e+01,0.000000000000000000e+00,0.000000000000000000e+00,0.000000000000000000e+00
1.253749999999999964e+01,0.000000000000000000e+00,0.000000000000000000e+00,0.000000000000000000e+00
1.254250000000000043e+01,0.000000000000000000e+00,0.000000000000000000e+00,0.000000000000000000e+00
1.254749999999999943e+01,0.000000000000000000e+00,0.000000000000000000e+00,0.000000000000000000e+00
1.255250000000000021e+01,0.000000000000000000e+00,0.000000000000000000e+00,0.000000000000000000e+00
1.255750000000000099e+01,0.000000000000000000e+00,0.000000000000000000e+00,0.000000000000000000e+00
1.256250000000000000e+01,0.000000000000000000e+00,0.000000000000000000e+00,0.000000000000000000e+00
1.256750000000000078e+01,0.000000000000000000e+00,0.000000000000000000e+00,0.000000000000000000e+00
1.257249999999999979e+01,0.000000000000000000e+00,0.000000000000000000e+00,0.000000000000000000e+00
1.257750000000000057e+01,0.000000000000000000e+00,0.000000000000000000e+00,0.000000000000000000e+00
1.258249999999999957e+01,0.000000000000000000e+00,0.000000000000000000e+00,0.000000000000000000e+00
1.258750000000000036e+01,0.000000000000000000e+00,0.000000000000000000e+00,0.000000000000000000e+00
1.259250000000000114e+01,0.000000000000000000e+00,0.000000000000000000e+00,0.000000000000000000e+00
1.259750000000000014e+01,0.000000000000000000e+00,0.000000000000000000e+00,0.000000000000000000e+00
1.260250000000000092e+01,0.000000000000000000e+00,0.000000000000000000e+00,0.000000000000000000e+00
1.260749999999999993e+01,0.000000000000000000e+00,0.000000000000000000e+00,0.000000000000000000e+00
1.261250000000000071e+01,0.000000000000000000e+00,0.000000000000000000e+00,0.000000000000000000e+00
1.261749999999999972e+01,0.000000000000000000e+00,0.000000000000000000e+00,0.000000000000000000e+00
1.262250000000000050e+01,0.000000000000000000e+00,0.000000000000000000e+00,0.000000000000000000e+00
1.262749999999999950e+01,0.000000000000000000e+00,0.000000000000000000e+00,0.000000000000000000e+00
1.263250000000000028e+01,0.000000000000000000e+00,0.000000000000000000e+00,0.000000000000000000e+00
1.263750000000000107e+01,0.000000000000000000e+00,0.000000000000000000e+00,0.000000000000000000e+00
1.264250000000000007e+01,0.000000000000000000e+00,0.000000000000000000e+00,0.000000000000000000e+00
1.264750000000000085e+01,0.000000000000000000e+00,0.000000000000000000e+00,0.000000000000000000e+00
1.265249999999999986e+01,0.000000000000000000e+00,0.000000000000000000e+00,0.000000000000000000e+00
1.265750000000000064e+01,0.000000000000000000e+00,0.000000000000000000e+00,0.000000000000000000e+00
1.266249999999999964e+01,0.000000000000000000e+00,0.000000000000000000e+00,0.000000000000000000e+00
1.266750000000000043e+01,0.000000000000000000e+00,0.000000000000000000e+00,0.000000000000000000e+00
1.267249999999999943e+01,0.000000000000000000e+00,0.000000000000000000e+00,0.000000000000000000e+00
1.267750000000000021e+01,0.000000000000000000e+00,0.000000000000000000e+00,0.000000000000000000e+00
1.268250000000000099e+01,0.000000000000000000e+00,0.000000000000000000e+00,0.000000000000000000e+00
1.268750000000000000e+01,0.000000000000000000e+00,0.000000000000000000e+00,0.000000000000000000e+00
1.269250000000000078e+01,0.000000000000000000e+00,0.000000000000000000e+00,0.000000000000000000e+00
1.269749999999999979e+01,0.000000000000000000e+00,0.000000000000000000e+00,0.000000000000000000e+00
1.270250000000000057e+01,0.000000000000000000e+00,0.000000000000000000e+00,0.000000000000000000e+00
1.270749999999999957e+01,0.000000000000000000e+00,0.000000000000000000e+00,0.000000000000000000e+00
1.271250000000000036e+01,0.000000000000000000e+00,0.000000000000000000e+00,0.000000000000000000e+00
1.271750000000000114e+01,0.000000000000000000e+00,0.000000000000000000e+00,0.000000000000000000e+00
1.272250000000000014e+01,0.000000000000000000e+00,0.000000000000000000e+00,0.000000000000000000e+00
1.272750000000000092e+01,0.000000000000000000e+00,0.000000000000000000e+00,0.000000000000000000e+00
1.273249999999999993e+01,0.000000000000000000e+00,0.000000000000000000e+00,0.000000000000000000e+00
1.273750000000000071e+01,0.000000000000000000e+00,0.000000000000000000e+00,0.000000000000000000e+00
1.274249999999999972e+01,0.000000000000000000e+00,0.000000000000000000e+00,0.000000000000000000e+00
1.274750000000000050e+01,0.000000000000000000e+00,0.000000000000000000e+00,0.000000000000000000e+00
1.275249999999999950e+01,0.000000000000000000e+00,0.000000000000000000e+00,0.000000000000000000e+00
1.275750000000000028e+01,0.000000000000000000e+00,0.000000000000000000e+00,0.000000000000000000e+00
1.276250000000000107e+01,0.000000000000000000e+00,0.000000000000000000e+00,0.000000000000000000e+00
1.276750000000000007e+01,0.000000000000000000e+00,0.000000000000000000e+00,0.000000000000000000e+00
1.277250000000000085e+01,0.000000000000000000e+00,0.000000000000000000e+00,0.000000000000000000e+00
1.277749999999999986e+01,0.000000000000000000e+00,0.000000000000000000e+00,0.000000000000000000e+00
1.278250000000000064e+01,0.000000000000000000e+00,0.000000000000000000e+00,0.000000000000000000e+00
1.278749999999999964e+01,0.000000000000000000e+00,0.000000000000000000e+00,0.000000000000000000e+00
1.279250000000000043e+01,0.000000000000000000e+00,0.000000000000000000e+00,0.000000000000000000e+00
1.279749999999999943e+01,0.000000000000000000e+00,0.000000000000000000e+00,0.000000000000000000e+00
1.280250000000000021e+01,0.000000000000000000e+00,0.000000000000000000e+00,0.000000000000000000e+00
1.280750000000000099e+01,0.000000000000000000e+00,0.000000000000000000e+00,0.000000000000000000e+00
1.281250000000000000e+01,0.000000000000000000e+00,0.000000000000000000e+00,0.000000000000000000e+00
1.281750000000000078e+01,0.000000000000000000e+00,0.000000000000000000e+00,0.000000000000000000e+00
1.282249999999999979e+01,0.000000000000000000e+00,0.000000000000000000e+00,0.000000000000000000e+00
1.282750000000000057e+01,0.000000000000000000e+00,0.000000000000000000e+00,0.000000000000000000e+00
1.283249999999999957e+01,0.000000000000000000e+00,0.000000000000000000e+00,0.000000000000000000e+00
1.283750000000000036e+01,0.000000000000000000e+00,0.000000000000000000e+00,0.000000000000000000e+00
1.284250000000000114e+01,0.000000000000000000e+00,0.000000000000000000e+00,0.000000000000000000e+00
1.284750000000000014e+01,0.000000000000000000e+00,0.000000000000000000e+00,0.000000000000000000e+00
1.285250000000000092e+01,0.000000000000000000e+00,0.000000000000000000e+00,0.000000000000000000e+00
1.285749999999999993e+01,0.000000000000000000e+00,0.000000000000000000e+00,0.000000000000000000e+00
1.286250000000000071e+01,0.000000000000000000e+00,0.000000000000000000e+00,0.000000000000000000e+00
1.286749999999999972e+01,0.000000000000000000e+00,0.000000000000000000e+00,0.000000000000000000e+00
1.287250000000000050e+01,0.000000000000000000e+00,0.000000000000000000e+00,0.000000000000000000e+00
1.287749999999999950e+01,0.000000000000000000e+00,0.000000000000000000e+00,0.000000000000000000e+00
1.288250000000000028e+01,0.000000000000000000e+00,0.000000000000000000e+00,0.000000000000000000e+00
1.288750000000000107e+01,0.000000000000000000e+00,0.000000000000000000e+00,0.000000000000000000e+00
1.289250000000000007e+01,0.000000000000000000e+00,0.000000000000000000e+00,0.000000000000000000e+00
1.289750000000000085e+01,0.000000000000000000e+00,0.000000000000000000e+00,0.000000000000000000e+00
1.290249999999999986e+01,0.000000000000000000e+00,0.000000000000000000e+00,0.000000000000000000e+00
1.290750000000000064e+01,0.000000000000000000e+00,0.000000000000000000e+00,0.000000000000000000e+00
1.291249999999999964e+01,0.000000000000000000e+00,0.000000000000000000e+00,0.000000000000000000e+00
1.291750000000000043e+01,0.000000000000000000e+00,0.000000000000000000e+00,0.000000000000000000e+00
1.292249999999999943e+01,0.000000000000000000e+00,0.000000000000000000e+00,0.000000000000000000e+00
1.292750000000000021e+01,0.000000000000000000e+00,0.000000000000000000e+00,0.000000000000000000e+00
1.293250000000000099e+01,0.000000000000000000e+00,0.000000000000000000e+00,0.000000000000000000e+00
1.293750000000000000e+01,0.000000000000000000e+00,0.000000000000000000e+00,0.000000000000000000e+00
1.294250000000000078e+01,0.000000000000000000e+00,0.000000000000000000e+00,0.000000000000000000e+00
1.294749999999999979e+01,0.000000000000000000e+00,0.000000000000000000e+00,0.000000000000000000e+00
1.295250000000000057e+01,0.000000000000000000e+00,0.000000000000000000e+00,0.000000000000000000e+00
1.295749999999999957e+01,0.000000000000000000e+00,0.000000000000000000e+00,0.000000000000000000e+00
1.296250000000000036e+01,0.000000000000000000e+00,0.000000000000000000e+00,0.000000000000000000e+00
1.296750000000000114e+01,0.000000000000000000e+00,0.000000000000000000e+00,0.000000000000000000e+00
1.297250000000000014e+01,0.000000000000000000e+00,0.000000000000000000e+00,0.000000000000000000e+00
1.297750000000000092e+01,0.000000000000000000e+00,0.000000000000000000e+00,0.000000000000000000e+00
1.298249999999999993e+01,0.000000000000000000e+00,0.000000000000000000e+00,0.000000000000000000e+00
1.298750000000000071e+01,0.000000000000000000e+00,0.000000000000000000e+00,0.000000000000000000e+00
1.299249999999999972e+01,0.000000000000000000e+00,0.000000000000000000e+00,0.000000000000000000e+00
1.299750000000000050e+01,0.000000000000000000e+00,0.000000000000000000e+00,0.000000000000000000e+00
1.300249999999999950e+01,0.000000000000000000e+00,0.000000000000000000e+00,0.000000000000000000e+00
1.300750000000000028e+01,0.000000000000000000e+00,0.000000000000000000e+00,0.000000000000000000e+00
1.301250000000000107e+01,0.000000000000000000e+00,0.000000000000000000e+00,0.000000000000000000e+00
1.301750000000000007e+01,0.000000000000000000e+00,0.000000000000000000e+00,0.000000000000000000e+00
1.302250000000000085e+01,0.000000000000000000e+00,0.000000000000000000e+00,0.000000000000000000e+00
1.302749999999999986e+01,0.000000000000000000e+00,0.000000000000000000e+00,0.000000000000000000e+00
1.303250000000000064e+01,0.000000000000000000e+00,0.000000000000000000e+00,0.000000000000000000e+00
1.303749999999999964e+01,0.000000000000000000e+00,0.000000000000000000e+00,0.000000000000000000e+00
1.304250000000000043e+01,0.000000000000000000e+00,0.000000000000000000e+00,0.000000000000000000e+00
1.304749999999999943e+01,0.000000000000000000e+00,0.000000000000000000e+00,0.000000000000000000e+00
1.305250000000000021e+01,0.000000000000000000e+00,0.000000000000000000e+00,0.000000000000000000e+00
1.305750000000000099e+01,0.000000000000000000e+00,0.000000000000000000e+00,0.000000000000000000e+00
1.306250000000000000e+01,0.000000000000000000e+00,0.000000000000000000e+00,0.000000000000000000e+00
1.306750000000000078e+01,0.000000000000000000e+00,0.000000000000000000e+00,0.000000000000000000e+00
1.307249999999999979e+01,0.000000000000000000e+00,0.000000000000000000e+00,0.000000000000000000e+00
1.307750000000000057e+01,0.000000000000000000e+00,0.000000000000000000e+00,0.000000000000000000e+00
1.308249999999999957e+01,0.000000000000000000e+00,0.000000000000000000e+00,0.000000000000000000e+00
1.308750000000000036e+01,0.000000000000000000e+00,0.000000000000000000e+00,0.000000000000000000e+00
1.309250000000000114e+01,0.000000000000000000e+00,0.000000000000000000e+00,0.000000000000000000e+00
1.309750000000000014e+01,0.000000000000000000e+00,0.000000000000000000e+00,0.000000000000000000e+00
1.310250000000000092e+01,0.000000000000000000e+00,0.000000000000000000e+00,0.000000000000000000e+00
1.310749999999999993e+01,0.000000000000000000e+00,0.000000000000000000e+00,0.000000000000000000e+00
1.311250000000000071e+01,0.000000000000000000e+00,0.000000000000000000e+00,0.000000000000000000e+00
1.311749999999999972e+01,0.000000000000000000e+00,0.000000000000000000e+00,0.000000000000000000e+00
1.312250000000000050e+01,0.000000000000000000e+00,0.000000000000000000e+00,0.000000000000000000e+00
1.312749999999999950e+01,0.000000000000000000e+00,0.000000000000000000e+00,0.000000000000000000e+00
1.313250000000000028e+01,0.000000000000000000e+00,0.000000000000000000e+00,0.000000000000000000e+00
1.313750000000000107e+01,0.000000000000000000e+00,0.000000000000000000e+00,0.000000000000000000e+00
1.314250000000000007e+01,0.000000000000000000e+00,0.000000000000000000e+00,0.000000000000000000e+00
1.314750000000000085e+01,0.000000000000000000e+00,0.000000000000000000e+00,0.000000000000000000e+00
1.315249999999999986e+01,0.000000000000000000e+00,0.000000000000000000e+00,0.000000000000000000e+00
1.315750000000000064e+01,0.000000000000000000e+00,0.000000000000000000e+00,0.000000000000000000e+00
1.316249999999999964e+01,0.000000000000000000e+00,0.000000000000000000e+00,0.000000000000000000e+00
1.316750000000000043e+01,0.000000000000000000e+00,0.000000000000000000e+00,0.000000000000000000e+00
1.317249999999999943e+01,0.000000000000000000e+00,0.000000000000000000e+00,0.000000000000000000e+00
1.317750000000000021e+01,0.000000000000000000e+00,0.000000000000000000e+00,0.000000000000000000e+00
1.318250000000000099e+01,0.000000000000000000e+00,0.000000000000000000e+00,0.000000000000000000e+00
1.318750000000000000e+01,0.000000000000000000e+00,0.000000000000000000e+00,0.000000000000000000e+00
1.319250000000000078e+01,0.000000000000000000e+00,0.000000000000000000e+00,0.000000000000000000e+00
1.319749999999999979e+01,0.000000000000000000e+00,0.000000000000000000e+00,0.000000000000000000e+00
1.320250000000000057e+01,0.000000000000000000e+00,0.000000000000000000e+00,0.000000000000000000e+00
1.320749999999999957e+01,0.000000000000000000e+00,0.000000000000000000e+00,0.000000000000000000e+00
1.321250000000000036e+01,0.000000000000000000e+00,0.000000000000000000e+00,0.000000000000000000e+00
1.321750000000000114e+01,0.000000000000000000e+00,0.000000000000000000e+00,0.000000000000000000e+00
1.322250000000000014e+01,0.000000000000000000e+00,0.000000000000000000e+00,0.000000000000000000e+00
1.322750000000000092e+01,0.000000000000000000e+00,0.000000000000000000e+00,0.000000000000000000e+00
1.323249999999999993e+01,0.000000000000000000e+00,0.000000000000000000e+00,0.000000000000000000e+00
1.323750000000000071e+01,0.000000000000000000e+00,0.000000000000000000e+00,0.000000000000000000e+00
1.324249999999999972e+01,0.000000000000000000e+00,0.000000000000000000e+00,0.000000000000000000e+00
1.324750000000000050e+01,0.000000000000000000e+00,0.000000000000000000e+00,0.000000000000000000e+00
1.325249999999999950e+01,0.000000000000000000e+00,0.000000000000000000e+00,0.000000000000000000e+00
1.325750000000000028e+01,0.000000000000000000e+00,0.000000000000000000e+00,0.000000000000000000e+00
1.326250000000000107e+01,0.000000000000000000e+00,0.000000000000000000e+00,0.000000000000000000e+00
1.326750000000000007e+01,0.000000000000000000e+00,0.000000000000000000e+00,0.000000000000000000e+00
1.327250000000000085e+01,0.000000000000000000e+00,0.000000000000000000e+00,0.000000000000000000e+00
1.327749999999999986e+01,0.000000000000000000e+00,0.000000000000000000e+00,0.000000000000000000e+00
1.328250000000000064e+01,0.000000000000000000e+00,0.000000000000000000e+00,0.000000000000000000e+00
1.328749999999999964e+01,0.000000000000000000e+00,0.000000000000000000e+00,0.000000000000000000e+00
1.329250000000000043e+01,0.000000000000000000e+00,0.000000000000000000e+00,0.000000000000000000e+00
1.329749999999999943e+01,0.000000000000000000e+00,0.000000000000000000e+00,0.000000000000000000e+00
1.330250000000000021e+01,0.000000000000000000e+00,0.000000000000000000e+00,0.000000000000000000e+00
1.330750000000000099e+01,0.000000000000000000e+00,0.000000000000000000e+00,0.000000000000000000e+00
1.331250000000000000e+01,0.000000000000000000e+00,0.000000000000000000e+00,0.000000000000000000e+00
1.331750000000000078e+01,0.000000000000000000e+00,0.000000000000000000e+00,0.000000000000000000e+00
1.332249999999999979e+01,0.000000000000000000e+00,0.000000000000000000e+00,0.000000000000000000e+00
1.332750000000000057e+01,0.000000000000000000e+00,0.000000000000000000e+00,0.000000000000000000e+00
1.333249999999999957e+01,0.000000000000000000e+00,0.000000000000000000e+00,0.000000000000000000e+00
1.333750000000000036e+01,0.000000000000000000e+00,0.000000000000000000e+00,0.000000000000000000e+00
1.334250000000000114e+01,0.000000000000000000e+00,0.000000000000000000e+00,0.000000000000000000e+00
1.334750000000000014e+01,0.000000000000000000e+00,0.000000000000000000e+00,0.000000000000000000e+00
1.335250000000000092e+01,0.000000000000000000e+00,0.000000000000000000e+00,0.000000000000000000e+00
1.335749999999999993e+01,0.000000000000000000e+00,0.000000000000000000e+00,0.000000000000000000e+00
1.336250000000000071e+01,0.000000000000000000e+00,0.000000000000000000e+00,0.000000000000000000e+00
1.336749999999999972e+01,0.000000000000000000e+00,0.000000000000000000e+00,0.000000000000000000e+00
1.337250000000000050e+01,0.000000000000000000e+00,0.000000000000000000e+00,0.000000000000000000e+00
1.337749999999999950e+01,0.000000000000000000e+00,0.000000000000000000e+00,0.000000000000000000e+00
1.338250000000000028e+01,0.000000000000000000e+00,0.000000000000000000e+00,0.000000000000000000e+00
1.338750000000000107e+01,0.000000000000000000e+00,0.000000000000000000e+00,0.000000000000000000e+00
1.339250000000000007e+01,0.000000000000000000e+00,0.000000000000000000e+00,0.000000000000000000e+00
1.339750000000000085e+01,0.000000000000000000e+00,0.000000000000000000e+00,0.000000000000000000e+00
1.340249999999999986e+01,0.000000000000000000e+00,0.000000000000000000e+00,0.000000000000000000e+00
1.340750000000000064e+01,0.000000000000000000e+00,0.000000000000000000e+00,0.000000000000000000e+00
1.341249999999999964e+01,0.000000000000000000e+00,0.000000000000000000e+00,0.000000000000000000e+00
1.341750000000000043e+01,0.000000000000000000e+00,0.000000000000000000e+00,0.000000000000000000e+00
1.342249999999999943e+01,0.000000000000000000e+00,0.000000000000000000e+00,0.000000000000000000e+00
1.342750000000000021e+01,0.000000000000000000e+00,0.000000000000000000e+00,0.000000000000000000e+00
1.343250000000000099e+01,0.000000000000000000e+00,0.000000000000000000e+00,0.000000000000000000e+00
1.343750000000000000e+01,0.000000000000000000e+00,0.000000000000000000e+00,0.000000000000000000e+00
1.344250000000000078e+01,0.000000000000000000e+00,0.000000000000000000e+00,0.000000000000000000e+00
1.344749999999999979e+01,0.000000000000000000e+00,0.000000000000000000e+00,0.000000000000000000e+00
1.345250000000000057e+01,0.000000000000000000e+00,0.000000000000000000e+00,0.000000000000000000e+00
1.345749999999999957e+01,0.000000000000000000e+00,0.000000000000000000e+00,0.000000000000000000e+00
1.346250000000000036e+01,0.000000000000000000e+00,0.000000000000000000e+00,0.000000000000000000e+00
1.346750000000000114e+01,0.000000000000000000e+00,0.000000000000000000e+00,0.000000000000000000e+00
1.347250000000000014e+01,0.000000000000000000e+00,0.000000000000000000e+00,0.000000000000000000e+00
1.347750000000000092e+01,0.000000000000000000e+00,0.000000000000000000e+00,0.000000000000000000e+00
1.348249999999999993e+01,0.000000000000000000e+00,0.000000000000000000e+00,0.000000000000000000e+00
1.348750000000000071e+01,0.000000000000000000e+00,0.000000000000000000e+00,0.000000000000000000e+00
1.349249999999999972e+01,0.000000000000000000e+00,0.000000000000000000e+00,0.000000000000000000e+00
1.349750000000000050e+01,0.000000000000000000e+00,0.000000000000000000e+00,0.000000000000000000e+00
1.350249999999999950e+01,0.000000000000000000e+00,0.000000000000000000e+00,0.000000000000000000e+00
1.350750000000000028e+01,0.000000000000000000e+00,0.000000000000000000e+00,0.000000000000000000e+00
1.351250000000000107e+01,0.000000000000000000e+00,0.000000000000000000e+00,0.000000000000000000e+00
1.351750000000000007e+01,0.000000000000000000e+00,0.000000000000000000e+00,0.000000000000000000e+00
1.352250000000000085e+01,0.000000000000000000e+00,0.000000000000000000e+00,0.000000000000000000e+00
1.352749999999999986e+01,0.000000000000000000e+00,0.000000000000000000e+00,0.000000000000000000e+00
1.353250000000000064e+01,0.000000000000000000e+00,0.000000000000000000e+00,0.000000000000000000e+00
1.353749999999999964e+01,0.000000000000000000e+00,0.000000000000000000e+00,0.000000000000000000e+00
1.354250000000000043e+01,0.000000000000000000e+00,0.000000000000000000e+00,0.000000000000000000e+00
1.354749999999999943e+01,0.000000000000000000e+00,0.000000000000000000e+00,0.000000000000000000e+00
1.355250000000000021e+01,0.000000000000000000e+00,0.000000000000000000e+00,0.000000000000000000e+00
1.355750000000000099e+01,0.000000000000000000e+00,0.000000000000000000e+00,0.000000000000000000e+00
1.356250000000000000e+01,0.000000000000000000e+00,0.000000000000000000e+00,0.000000000000000000e+00
1.356750000000000078e+01,0.000000000000000000e+00,0.000000000000000000e+00,0.000000000000000000e+00
1.357249999999999979e+01,0.000000000000000000e+00,0.000000000000000000e+00,0.000000000000000000e+00
1.357750000000000057e+01,0.000000000000000000e+00,0.000000000000000000e+00,0.000000000000000000e+00
1.358249999999999957e+01,0.000000000000000000e+00,0.000000000000000000e+00,0.000000000000000000e+00
1.358750000000000036e+01,0.000000000000000000e+00,0.000000000000000000e+00,0.000000000000000000e+00
1.359250000000000114e+01,0.000000000000000000e+00,0.000000000000000000e+00,0.000000000000000000e+00
1.359750000000000014e+01,0.000000000000000000e+00,0.000000000000000000e+00,0.000000000000000000e+00
1.360250000000000092e+01,0.000000000000000000e+00,0.000000000000000000e+00,0.000000000000000000e+00
1.360749999999999993e+01,0.000000000000000000e+00,0.000000000000000000e+00,0.000000000000000000e+00
1.361250000000000071e+01,0.000000000000000000e+00,0.000000000000000000e+00,0.000000000000000000e+00
1.361749999999999972e+01,0.000000000000000000e+00,0.000000000000000000e+00,0.000000000000000000e+00
1.362250000000000050e+01,0.000000000000000000e+00,0.000000000000000000e+00,0.000000000000000000e+00
1.362749999999999950e+01,0.000000000000000000e+00,0.000000000000000000e+00,0.000000000000000000e+00
1.363250000000000028e+01,0.000000000000000000e+00,0.000000000000000000e+00,0.000000000000000000e+00
1.363750000000000107e+01,0.000000000000000000e+00,0.000000000000000000e+00,0.000000000000000000e+00
1.364250000000000007e+01,0.000000000000000000e+00,0.000000000000000000e+00,0.000000000000000000e+00
1.364750000000000085e+01,0.000000000000000000e+00,0.000000000000000000e+00,0.000000000000000000e+00
1.365249999999999986e+01,0.000000000000000000e+00,0.000000000000000000e+00,0.000000000000000000e+00
1.365750000000000064e+01,0.000000000000000000e+00,0.000000000000000000e+00,0.000000000000000000e+00
1.366249999999999964e+01,0.000000000000000000e+00,0.000000000000000000e+00,0.000000000000000000e+00
1.366750000000000043e+01,0.000000000000000000e+00,0.000000000000000000e+00,0.000000000000000000e+00
1.367249999999999943e+01,0.000000000000000000e+00,0.000000000000000000e+00,0.000000000000000000e+00
1.367750000000000021e+01,0.000000000000000000e+00,0.000000000000000000e+00,0.000000000000000000e+00
1.368250000000000099e+01,0.000000000000000000e+00,0.000000000000000000e+00,0.000000000000000000e+00
1.368750000000000000e+01,0.000000000000000000e+00,0.000000000000000000e+00,0.000000000000000000e+00
1.369250000000000078e+01,0.000000000000000000e+00,0.000000000000000000e+00,0.000000000000000000e+00
1.369749999999999979e+01,0.000000000000000000e+00,0.000000000000000000e+00,0.000000000000000000e+00
1.370250000000000057e+01,0.000000000000000000e+00,0.000000000000000000e+00,0.000000000000000000e+00
1.370749999999999957e+01,0.000000000000000000e+00,0.000000000000000000e+00,0.000000000000000000e+00
1.371250000000000036e+01,0.000000000000000000e+00,0.000000000000000000e+00,0.000000000000000000e+00
1.371750000000000114e+01,0.000000000000000000e+00,0.000000000000000000e+00,0.000000000000000000e+00
1.372250000000000014e+01,0.000000000000000000e+00,0.000000000000000000e+00,0.000000000000000000e+00
1.372750000000000092e+01,0.000000000000000000e+00,0.000000000000000000e+00,0.000000000000000000e+00
1.373249999999999993e+01,0.000000000000000000e+00,0.000000000000000000e+00,0.000000000000000000e+00
1.373750000000000071e+01,0.000000000000000000e+00,0.000000000000000000e+00,0.000000000000000000e+00
1.374249999999999972e+01,0.000000000000000000e+00,0.000000000000000000e+00,0.000000000000000000e+00
1.374750000000000050e+01,0.000000000000000000e+00,0.000000000000000000e+00,0.000000000000000000e+00
1.375249999999999950e+01,0.000000000000000000e+00,0.000000000000000000e+00,0.000000000000000000e+00
1.375750000000000028e+01,0.000000000000000000e+00,0.000000000000000000e+00,0.000000000000000000e+00
1.376250000000000107e+01,0.000000000000000000e+00,0.000000000000000000e+00,0.000000000000000000e+00
1.376750000000000007e+01,0.000000000000000000e+00,0.000000000000000000e+00,0.000000000000000000e+00
1.377250000000000085e+01,0.000000000000000000e+00,0.000000000000000000e+00,0.000000000000000000e+00
1.377749999999999986e+01,0.000000000000000000e+00,0.000000000000000000e+00,0.000000000000000000e+00
1.378250000000000064e+01,0.000000000000000000e+00,0.000000000000000000e+00,0.000000000000000000e+00
1.378749999999999964e+01,0.000000000000000000e+00,0.000000000000000000e+00,0.000000000000000000e+00
1.379250000000000043e+01,0.000000000000000000e+00,0.000000000000000000e+00,0.000000000000000000e+00
1.379749999999999943e+01,0.000000000000000000e+00,0.000000000000000000e+00,0.000000000000000000e+00
1.380250000000000021e+01,0.000000000000000000e+00,0.000000000000000000e+00,0.000000000000000000e+00
1.380750000000000099e+01,0.000000000000000000e+00,0.000000000000000000e+00,0.000000000000000000e+00
1.381250000000000000e+01,0.000000000000000000e+00,0.000000000000000000e+00,0.000000000000000000e+00
1.381750000000000078e+01,0.000000000000000000e+00,0.000000000000000000e+00,0.000000000000000000e+00
1.382249999999999979e+01,0.000000000000000000e+00,0.000000000000000000e+00,0.000000000000000000e+00
1.382750000000000057e+01,0.000000000000000000e+00,0.000000000000000000e+00,0.000000000000000000e+00
1.383249999999999957e+01,0.000000000000000000e+00,0.000000000000000000e+00,0.000000000000000000e+00
1.383750000000000036e+01,0.000000000000000000e+00,0.000000000000000000e+00,0.000000000000000000e+00
1.384250000000000114e+01,0.000000000000000000e+00,0.000000000000000000e+00,0.000000000000000000e+00
1.384750000000000014e+01,0.000000000000000000e+00,0.000000000000000000e+00,0.000000000000000000e+00
1.385250000000000092e+01,0.000000000000000000e+00,0.000000000000000000e+00,0.000000000000000000e+00
1.385749999999999993e+01,0.000000000000000000e+00,0.000000000000000000e+00,0.000000000000000000e+00
1.386250000000000071e+01,0.000000000000000000e+00,0.000000000000000000e+00,0.000000000000000000e+00
1.386749999999999972e+01,0.000000000000000000e+00,0.000000000000000000e+00,0.000000000000000000e+00
1.387250000000000050e+01,0.000000000000000000e+00,0.000000000000000000e+00,0.000000000000000000e+00
1.387749999999999950e+01,0.000000000000000000e+00,0.000000000000000000e+00,0.000000000000000000e+00
1.388250000000000028e+01,0.000000000000000000e+00,0.000000000000000000e+00,0.000000000000000000e+00
1.388750000000000107e+01,0.000000000000000000e+00,0.000000000000000000e+00,0.000000000000000000e+00
1.389250000000000007e+01,0.000000000000000000e+00,0.000000000000000000e+00,0.000000000000000000e+00
1.389750000000000085e+01,0.000000000000000000e+00,0.000000000000000000e+00,0.000000000000000000e+00
1.390249999999999986e+01,0.000000000000000000e+00,0.000000000000000000e+00,0.000000000000000000e+00
1.390750000000000064e+01,0.000000000000000000e+00,0.000000000000000000e+00,0.000000000000000000e+00
1.391249999999999964e+01,0.000000000000000000e+00,0.000000000000000000e+00,0.000000000000000000e+00
1.391750000000000043e+01,0.000000000000000000e+00,0.000000000000000000e+00,0.000000000000000000e+00
1.392249999999999943e+01,0.000000000000000000e+00,0.000000000000000000e+00,0.000000000000000000e+00
1.392750000000000021e+01,0.000000000000000000e+00,0.000000000000000000e+00,0.000000000000000000e+00
1.393250000000000099e+01,0.000000000000000000e+00,0.000000000000000000e+00,0.000000000000000000e+00
1.393750000000000000e+01,0.000000000000000000e+00,0.000000000000000000e+00,0.000000000000000000e+00
1.394250000000000078e+01,0.000000000000000000e+00,0.000000000000000000e+00,0.000000000000000000e+00
1.394749999999999979e+01,0.000000000000000000e+00,0.000000000000000000e+00,0.000000000000000000e+00
1.395250000000000057e+01,0.000000000000000000e+00,0.000000000000000000e+00,0.000000000000000000e+00
1.395749999999999957e+01,0.000000000000000000e+00,0.000000000000000000e+00,0.000000000000000000e+00
1.396250000000000036e+01,0.000000000000000000e+00,0.000000000000000000e+00,0.000000000000000000e+00
1.396750000000000114e+01,0.000000000000000000e+00,0.000000000000000000e+00,0.000000000000000000e+00
1.397250000000000014e+01,0.000000000000000000e+00,0.000000000000000000e+00,0.000000000000000000e+00
1.397750000000000092e+01,0.000000000000000000e+00,0.000000000000000000e+00,0.000000000000000000e+00
1.398249999999999993e+01,0.000000000000000000e+00,0.000000000000000000e+00,0.000000000000000000e+00
1.398750000000000071e+01,0.000000000000000000e+00,0.000000000000000000e+00,0.000000000000000000e+00
1.399249999999999972e+01,0.000000000000000000e+00,0.000000000000000000e+00,0.000000000000000000e+00
1.399750000000000050e+01,0.000000000000000000e+00,0.000000000000000000e+00,0.000000000000000000e+00
1.400249999999999950e+01,0.000000000000000000e+00,0.000000000000000000e+00,0.000000000000000000e+00
1.400750000000000028e+01,0.000000000000000000e+00,0.000000000000000000e+00,0.000000000000000000e+00
1.401250000000000107e+01,0.000000000000000000e+00,0.000000000000000000e+00,0.000000000000000000e+00
1.401750000000000007e+01,0.000000000000000000e+00,0.000000000000000000e+00,0.000000000000000000e+00
1.402250000000000085e+01,0.000000000000000000e+00,0.000000000000000000e+00,0.000000000000000000e+00
1.402749999999999986e+01,0.000000000000000000e+00,0.000000000000000000e+00,0.000000000000000000e+00
1.403250000000000064e+01,0.000000000000000000e+00,0.000000000000000000e+00,0.000000000000000000e+00
1.403749999999999964e+01,0.000000000000000000e+00,0.000000000000000000e+00,0.000000000000000000e+00
1.404250000000000043e+01,0.000000000000000000e+00,0.000000000000000000e+00,0.000000000000000000e+00
1.404749999999999943e+01,0.000000000000000000e+00,0.000000000000000000e+00,0.000000000000000000e+00
1.405250000000000021e+01,0.000000000000000000e+00,0.000000000000000000e+00,0.000000000000000000e+00
1.405750000000000099e+01,0.000000000000000000e+00,0.000000000000000000e+00,0.000000000000000000e+00
1.406250000000000000e+01,0.000000000000000000e+00,0.000000000000000000e+00,0.000000000000000000e+00
1.406750000000000078e+01,0.000000000000000000e+00,0.000000000000000000e+00,0.000000000000000000e+00
1.407249999999999979e+01,0.000000000000000000e+00,0.000000000000000000e+00,0.000000000000000000e+00
1.407750000000000057e+01,0.000000000000000000e+00,0.000000000000000000e+00,0.000000000000000000e+00
1.408249999999999957e+01,0.000000000000000000e+00,0.000000000000000000e+00,0.000000000000000000e+00
1.408750000000000036e+01,0.000000000000000000e+00,0.000000000000000000e+00,0.000000000000000000e+00
1.409250000000000114e+01,0.000000000000000000e+00,0.000000000000000000e+00,0.000000000000000000e+00
1.409750000000000014e+01,0.000000000000000000e+00,0.000000000000000000e+00,0.000000000000000000e+00
1.410250000000000092e+01,0.000000000000000000e+00,0.000000000000000000e+00,0.000000000000000000e+00
1.410749999999999993e+01,0.000000000000000000e+00,0.000000000000000000e+00,0.000000000000000000e+00
1.411250000000000071e+01,0.000000000000000000e+00,0.000000000000000000e+00,0.000000000000000000e+00
1.411749999999999972e+01,0.000000000000000000e+00,0.000000000000000000e+00,0.000000000000000000e+00
1.412250000000000050e+01,0.000000000000000000e+00,0.000000000000000000e+00,0.000000000000000000e+00
1.412749999999999950e+01,0.000000000000000000e+00,0.000000000000000000e+00,0.000000000000000000e+00
1.413250000000000028e+01,0.000000000000000000e+00,0.000000000000000000e+00,0.000000000000000000e+00
1.413750000000000107e+01,0.000000000000000000e+00,0.000000000000000000e+00,0.000000000000000000e+00
1.414250000000000007e+01,0.000000000000000000e+00,0.000000000000000000e+00,0.000000000000000000e+00
1.414750000000000085e+01,0.000000000000000000e+00,0.000000000000000000e+00,0.000000000000000000e+00
1.415249999999999986e+01,0.000000000000000000e+00,0.000000000000000000e+00,0.000000000000000000e+00
1.415750000000000064e+01,0.000000000000000000e+00,0.000000000000000000e+00,0.000000000000000000e+00
1.416249999999999964e+01,0.000000000000000000e+00,0.000000000000000000e+00,0.000000000000000000e+00
1.416750000000000043e+01,0.000000000000000000e+00,0.000000000000000000e+00,0.000000000000000000e+00
1.417249999999999943e+01,0.000000000000000000e+00,0.000000000000000000e+00,0.000000000000000000e+00
1.417750000000000021e+01,0.000000000000000000e+00,0.000000000000000000e+00,0.000000000000000000e+00
1.418250000000000099e+01,0.000000000000000000e+00,0.000000000000000000e+00,0.000000000000000000e+00
1.418750000000000000e+01,0.000000000000000000e+00,0.000000000000000000e+00,0.000000000000000000e+00
1.419250000000000078e+01,0.000000000000000000e+00,0.000000000000000000e+00,0.000000000000000000e+00
1.419749999999999979e+01,0.000000000000000000e+00,0.000000000000000000e+00,0.000000000000000000e+00
1.420250000000000057e+01,0.000000000000000000e+00,0.000000000000000000e+00,0.000000000000000000e+00
1.420749999999999957e+01,0.000000000000000000e+00,0.000000000000000000e+00,0.000000000000000000e+00
1.421250000000000036e+01,0.000000000000000000e+00,0.000000000000000000e+00,0.000000000000000000e+00
1.421750000000000114e+01,0.000000000000000000e+00,0.000000000000000000e+00,0.000000000000000000e+00
1.422250000000000014e+01,0.000000000000000000e+00,0.000000000000000000e+00,0.000000000000000000e+00
1.422750000000000092e+01,0.000000000000000000e+00,0.000000000000000000e+00,0.000000000000000000e+00
1.423249999999999993e+01,0.000000000000000000e+00,0.000000000000000000e+00,0.000000000000000000e+00
1.423750000000000071e+01,0.000000000000000000e+00,0.000000000000000000e+00,0.000000000000000000e+00
1.424249999999999972e+01,0.000000000000000000e+00,0.000000000000000000e+00,0.000000000000000000e+00
1.424750000000000050e+01,0.000000000000000000e+00,0.000000000000000000e+00,0.000000000000000000e+00
1.425249999999999950e+01,0.000000000000000000e+00,0.000000000000000000e+00,0.000000000000000000e+00
1.425750000000000028e+01,0.000000000000000000e+00,0.000000000000000000e+00,0.000000000000000000e+00
1.426250000000000107e+01,0.000000000000000000e+00,0.000000000000000000e+00,0.000000000000000000e+00
1.426750000000000007e+01,0.000000000000000000e+00,0.000000000000000000e+00,0.000000000000000000e+00
1.427250000000000085e+01,0.000000000000000000e+00,0.000000000000000000e+00,0.000000000000000000e+00
1.427749999999999986e+01,0.000000000000000000e+00,0.000000000000000000e+00,0.000000000000000000e+00
1.428250000000000064e+01,0.000000000000000000e+00,0.000000000000000000e+00,0.000000000000000000e+00
1.428749999999999964e+01,0.000000000000000000e+00,0.000000000000000000e+00,0.000000000000000000e+00
1.429250000000000043e+01,0.000000000000000000e+00,0.000000000000000000e+00,0.000000000000000000e+00
1.429749999999999943e+01,0.000000000000000000e+00,0.000000000000000000e+00,0.000000000000000000e+00
1.430250000000000021e+01,0.000000000000000000e+00,0.000000000000000000e+00,0.000000000000000000e+00
1.430750000000000099e+01,0.000000000000000000e+00,0.000000000000000000e+00,0.000000000000000000e+00
1.431250000000000000e+01,0.000000000000000000e+00,0.000000000000000000e+00,0.000000000000000000e+00
1.431750000000000078e+01,0.000000000000000000e+00,0.000000000000000000e+00,0.000000000000000000e+00
1.432249999999999979e+01,0.000000000000000000e+00,0.000000000000000000e+00,0.000000000000000000e+00
1.432750000000000057e+01,0.000000000000000000e+00,0.000000000000000000e+00,0.000000000000000000e+00
1.433249999999999957e+01,0.000000000000000000e+00,0.000000000000000000e+00,0.000000000000000000e+00
1.433750000000000036e+01,0.000000000000000000e+00,0.000000000000000000e+00,0.000000000000000000e+00
1.434250000000000114e+01,0.000000000000000000e+00,0.000000000000000000e+00,0.000000000000000000e+00
1.434750000000000014e+01,0.000000000000000000e+00,0.000000000000000000e+00,0.000000000000000000e+00
1.435250000000000092e+01,0.000000000000000000e+00,0.000000000000000000e+00,0.000000000000000000e+00
1.435749999999999993e+01,0.000000000000000000e+00,0.000000000000000000e+00,0.000000000000000000e+00
1.436250000000000071e+01,0.000000000000000000e+00,0.000000000000000000e+00,0.000000000000000000e+00
1.436749999999999972e+01,0.000000000000000000e+00,0.000000000000000000e+00,0.000000000000000000e+00
1.437250000000000050e+01,0.000000000000000000e+00,0.000000000000000000e+00,0.000000000000000000e+00
1.437749999999999950e+01,0.000000000000000000e+00,0.000000000000000000e+00,0.000000000000000000e+00
1.438250000000000028e+01,0.000000000000000000e+00,0.000000000000000000e+00,0.000000000000000000e+00
1.438750000000000107e+01,0.000000000000000000e+00,0.000000000000000000e+00,0.000000000000000000e+00
1.439250000000000007e+01,0.000000000000000000e+00,0.000000000000000000e+00,0.000000000000000000e+00
1.439750000000000085e+01,0.000000000000000000e+00,0.000000000000000000e+00,0.000000000000000000e+00
1.440249999999999986e+01,0.000000000000000000e+00,0.000000000000000000e+00,0.000000000000000000e+00
1.440750000000000064e+01,0.000000000000000000e+00,0.000000000000000000e+00,0.000000000000000000e+00
1.441249999999999964e+01,0.000000000000000000e+00,0.000000000000000000e+00,0.000000000000000000e+00
1.441750000000000043e+01,0.000000000000000000e+00,0.000000000000000000e+00,0.000000000000000000e+00
1.442249999999999943e+01,0.000000000000000000e+00,0.000000000000000000e+00,0.000000000000000000e+00
1.442750000000000021e+01,0.000000000000000000e+00,0.000000000000000000e+00,0.000000000000000000e+00
1.443250000000000099e+01,0.000000000000000000e+00,0.000000000000000000e+00,0.000000000000000000e+00
1.443750000000000000e+01,0.000000000000000000e+00,0.000000000000000000e+00,0.000000000000000000e+00
1.444250000000000078e+01,0.000000000000000000e+00,0.000000000000000000e+00,0.000000000000000000e+00
1.444749999999999979e+01,0.000000000000000000e+00,0.000000000000000000e+00,0.000000000000000000e+00
1.445250000000000057e+01,0.000000000000000000e+00,0.000000000000000000e+00,0.000000000000000000e+00
1.445749999999999957e+01,0.000000000000000000e+00,0.000000000000000000e+00,0.000000000000000000e+00
1.446250000000000036e+01,0.000000000000000000e+00,0.000000000000000000e+00,0.000000000000000000e+00
1.446750000000000114e+01,0.000000000000000000e+00,0.000000000000000000e+00,0.000000000000000000e+00
1.447250000000000014e+01,0.000000000000000000e+00,0.000000000000000000e+00,0.000000000000000000e+00
1.447750000000000092e+01,0.000000000000000000e+00,0.000000000000000000e+00,0.000000000000000000e+00
1.448249999999999993e+01,0.000000000000000000e+00,0.000000000000000000e+00,0.000000000000000000e+00
1.448750000000000071e+01,0.000000000000000000e+00,0.000000000000000000e+00,0.000000000000000000e+00
1.449249999999999972e+01,0.000000000000000000e+00,0.000000000000000000e+00,0.000000000000000000e+00
1.449750000000000050e+01,0.000000000000000000e+00,0.000000000000000000e+00,0.000000000000000000e+00
1.450249999999999950e+01,0.000000000000000000e+00,0.000000000000000000e+00,0.000000000000000000e+00
1.450750000000000028e+01,0.000000000000000000e+00,0.000000000000000000e+00,0.000000000000000000e+00
1.451250000000000107e+01,0.000000000000000000e+00,0.000000000000000000e+00,0.000000000000000000e+00
1.451750000000000007e+01,0.000000000000000000e+00,0.000000000000000000e+00,0.000000000000000000e+00
1.452250000000000085e+01,0.000000000000000000e+00,0.000000000000000000e+00,0.000000000000000000e+00
1.452749999999999986e+01,0.000000000000000000e+00,0.000000000000000000e+00,0.000000000000000000e+00
1.453250000000000064e+01,0.000000000000000000e+00,0.000000000000000000e+00,0.000000000000000000e+00
1.453749999999999964e+01,0.000000000000000000e+00,0.000000000000000000e+00,0.000000000000000000e+00
1.454250000000000043e+01,0.000000000000000000e+00,0.000000000000000000e+00,0.000000000000000000e+00
1.454749999999999943e+01,0.000000000000000000e+00,0.000000000000000000e+00,0.000000000000000000e+00
1.455250000000000021e+01,0.000000000000000000e+00,0.000000000000000000e+00,0.000000000000000000e+00
1.455750000000000099e+01,0.000000000000000000e+00,0.000000000000000000e+00,0.000000000000000000e+00
1.456250000000000000e+01,0.000000000000000000e+00,0.000000000000000000e+00,0.000000000000000000e+00
1.456750000000000078e+01,0.000000000000000000e+00,0.000000000000000000e+00,0.000000000000000000e+00
1.457249999999999979e+01,0.000000000000000000e+00,0.000000000000000000e+00,0.000000000000000000e+00
1.457750000000000057e+01,0.000000000000000000e+00,0.000000000000000000e+00,0.000000000000000000e+00
1.458249999999999957e+01,0.000000000000000000e+00,0.000000000000000000e+00,0.000000000000000000e+00
1.458750000000000036e+01,0.000000000000000000e+00,0.000000000000000000e+00,0.000000000000000000e+00
1.459250000000000114e+01,0.000000000000000000e+00,0.000000000000000000e+00,0.000000000000000000e+00
1.459750000000000014e+01,0.000000000000000000e+00,0.000000000000000000e+00,0.000000000000000000e+00
1.460250000000000092e+01,0.000000000000000000e+00,0.000000000000000000e+00,0.000000000000000000e+00
1.460749999999999993e+01,0.000000000000000000e+00,0.000000000000000000e+00,0.000000000000000000e+00
1.461250000000000071e+01,0.000000000000000000e+00,0.000000000000000000e+00,0.000000000000000000e+00
1.461749999999999972e+01,0.000000000000000000e+00,0.000000000000000000e+00,0.000000000000000000e+00
1.462250000000000050e+01,0.000000000000000000e+00,0.000000000000000000e+00,0.000000000000000000e+00
1.462749999999999950e+01,0.000000000000000000e+00,0.000000000000000000e+00,0.000000000000000000e+00
1.463250000000000028e+01,0.000000000000000000e+00,0.000000000000000000e+00,0.000000000000000000e+00
1.463750000000000107e+01,0.000000000000000000e+00,0.000000000000000000e+00,0.000000000000000000e+00
1.464250000000000007e+01,0.000000000000000000e+00,0.000000000000000000e+00,0.000000000000000000e+00
1.464750000000000085e+01,0.000000000000000000e+00,0.000000000000000000e+00,0.000000000000000000e+00
1.465249999999999986e+01,0.000000000000000000e+00,0.000000000000000000e+00,0.000000000000000000e+00
1.465750000000000064e+01,0.000000000000000000e+00,0.000000000000000000e+00,0.000000000000000000e+00
1.466249999999999964e+01,0.000000000000000000e+00,0.000000000000000000e+00,0.000000000000000000e+00
1.466750000000000043e+01,0.000000000000000000e+00,0.000000000000000000e+00,0.000000000000000000e+00
1.467249999999999943e+01,0.000000000000000000e+00,0.000000000000000000e+00,0.000000000000000000e+00
1.467750000000000021e+01,0.000000000000000000e+00,0.000000000000000000e+00,0.000000000000000000e+00
1.468250000000000099e+01,0.000000000000000000e+00,0.000000000000000000e+00,0.000000000000000000e+00
1.468750000000000000e+01,0.000000000000000000e+00,0.000000000000000000e+00,0.000000000000000000e+00
1.469250000000000078e+01,0.000000000000000000e+00,0.000000000000000000e+00,0.000000000000000000e+00
1.469749999999999979e+01,0.000000000000000000e+00,0.000000000000000000e+00,0.000000000000000000e+00
1.470250000000000057e+01,0.000000000000000000e+00,0.000000000000000000e+00,0.000000000000000000e+00
1.470749999999999957e+01,0.000000000000000000e+00,0.000000000000000000e+00,0.000000000000000000e+00
1.471250000000000036e+01,0.000000000000000000e+00,0.000000000000000000e+00,0.000000000000000000e+00
1.471750000000000114e+01,0.000000000000000000e+00,0.000000000000000000e+00,0.000000000000000000e+00
1.472250000000000014e+01,0.000000000000000000e+00,0.000000000000000000e+00,0.000000000000000000e+00
1.472750000000000092e+01,0.000000000000000000e+00,0.000000000000000000e+00,0.000000000000000000e+00
1.473249999999999993e+01,0.000000000000000000e+00,0.000000000000000000e+00,0.000000000000000000e+00
1.473750000000000071e+01,0.000000000000000000e+00,0.000000000000000000e+00,0.000000000000000000e+00
1.474249999999999972e+01,0.000000000000000000e+00,0.000000000000000000e+00,0.000000000000000000e+00
1.474750000000000050e+01,0.000000000000000000e+00,0.000000000000000000e+00,0.000000000000000000e+00
1.475249999999999950e+01,0.000000000000000000e+00,0.000000000000000000e+00,0.000000000000000000e+00
1.475750000000000028e+01,0.000000000000000000e+00,0.000000000000000000e+00,0.000000000000000000e+00
1.476250000000000107e+01,0.000000000000000000e+00,0.000000000000000000e+00,0.000000000000000000e+00
1.476750000000000007e+01,0.000000000000000000e+00,0.000000000000000000e+00,0.000000000000000000e+00
1.477250000000000085e+01,0.000000000000000000e+00,0.000000000000000000e+00,0.000000000000000000e+00
1.477749999999999986e+01,0.000000000000000000e+00,0.000000000000000000e+00,0.000000000000000000e+00
1.478250000000000064e+01,0.000000000000000000e+00,0.000000000000000000e+00,0.000000000000000000e+00
1.478749999999999964e+01,0.000000000000000000e+00,0.000000000000000000e+00,0.000000000000000000e+00
1.479250000000000043e+01,0.000000000000000000e+00,0.000000000000000000e+00,0.000000000000000000e+00
1.479749999999999943e+01,0.000000000000000000e+00,0.000000000000000000e+00,0.000000000000000000e+00
1.480250000000000021e+01,0.000000000000000000e+00,0.000000000000000000e+00,0.000000000000000000e+00
1.480750000000000099e+01,0.000000000000000000e+00,0.000000000000000000e+00,0.000000000000000000e+00
1.481250000000000000e+01,0.000000000000000000e+00,0.000000000000000000e+00,0.000000000000000000e+00
1.481750000000000078e+01,0.000000000000000000e+00,0.000000000000000000e+00,0.000000000000000000e+00
1.482249999999999979e+01,0.000000000000000000e+00,0.000000000000000000e+00,0.000000000000000000e+00
1.482750000000000057e+01,0.000000000000000000e+00,0.000000000000000000e+00,0.000000000000000000e+00
1.483249999999999957e+01,0.000000000000000000e+00,0.000000000000000000e+00,0.000000000000000000e+00
1.483750000000000036e+01,0.000000000000000000e+00,0.000000000000000000e+00,0.000000000000000000e+00
1.484250000000000114e+01,0.000000000000000000e+00,0.000000000000000000e+00,0.000000000000000000e+00
1.484750000000000014e+01,0.000000000000000000e+00,0.000000000000000000e+00,0.000000000000000000e+00
1.485250000000000092e+01,0.000000000000000000e+00,0.000000000000000000e+00,0.000000000000000000e+00
1.485749999999999993e+01,0.000000000000000000e+00,0.000000000000000000e+00,0.000000000000000000e+00
1.486250000000000071e+01,0.000000000000000000e+00,0.000000000000000000e+00,0.000000000000000000e+00
1.486749999999999972e+01,0.000000000000000000e+00,0.000000000000000000e+00,0.000000000000000000e+00
1.487250000000000050e+01,0.000000000000000000e+00,0.000000000000000000e+00,0.000000000000000000e+00
1.487749999999999950e+01,0.000000000000000000e+00,0.000000000000000000e+00,0.000000000000000000e+00
1.488250000000000028e+01,0.000000000000000000e+00,0.000000000000000000e+00,0.000000000000000000e+00
1.488750000000000107e+01,0.000000000000000000e+00,0.000000000000000000e+00,0.000000000000000000e+00
1.489250000000000007e+01,0.000000000000000000e+00,0.000000000000000000e+00,0.000000000000000000e+00
1.489750000000000085e+01,0.000000000000000000e+00,0.000000000000000000e+00,0.000000000000000000e+00
1.490249999999999986e+01,0.000000000000000000e+00,0.000000000000000000e+00,0.000000000000000000e+00
1.490750000000000064e+01,0.000000000000000000e+00,0.000000000000000000e+00,0.000000000000000000e+00
1.491249999999999964e+01,0.000000000000000000e+00,0.000000000000000000e+00,0.000000000000000000e+00
1.491750000000000043e+01,0.000000000000000000e+00,0.000000000000000000e+00,0.000000000000000000e+00
1.492249999999999943e+01,0.000000000000000000e+00,0.000000000000000000e+00,0.000000000000000000e+00
1.492750000000000021e+01,0.000000000000000000e+00,0.000000000000000000e+00,0.000000000000000000e+00
1.493250000000000099e+01,0.000000000000000000e+00,0.000000000000000000e+00,0.000000000000000000e+00
1.493750000000000000e+01,0.000000000000000000e+00,0.000000000000000000e+00,0.000000000000000000e+00
1.494250000000000078e+01,0.000000000000000000e+00,0.000000000000000000e+00,0.000000000000000000e+00
1.494749999999999979e+01,0.000000000000000000e+00,0.000000000000000000e+00,0.000000000000000000e+00
1.495250000000000057e+01,0.000000000000000000e+00,0.000000000000000000e+00,0.000000000000000000e+00
1.495749999999999957e+01,0.000000000000000000e+00,0.000000000000000000e+00,0.000000000000000000e+00
1.496250000000000036e+01,0.000000000000000000e+00,0.000000000000000000e+00,0.000000000000000000e+00
1.496750000000000114e+01,0.000000000000000000e+00,0.000000000000000000e+00,0.000000000000000000e+00
1.497250000000000014e+01,0.000000000000000000e+00,0.000000000000000000e+00,0.000000000000000000e+00
1.497750000000000092e+01,0.000000000000000000e+00,0.000000000000000000e+00,0.000000000000000000e+00
1.498249999999999993e+01,0.000000000000000000e+00,0.000000000000000000e+00,0.000000000000000000e+00
1.498750000000000071e+01,0.000000000000000000e+00,0.000000000000000000e+00,0.000000000000000000e+00
1.499249999999999972e+01,0.000000000000000000e+00,0.000000000000000000e+00,0.000000000000000000e+00
1.499750000000000050e+01,0.000000000000000000e+00,0.000000000000000000e+00,0.000000000000000000e+00
1.500249999999999950e+01,0.000000000000000000e+00,0.000000000000000000e+00,0.000000000000000000e+00
1.500750000000000028e+01,0.000000000000000000e+00,0.000000000000000000e+00,0.000000000000000000e+00
1.501250000000000107e+01,0.000000000000000000e+00,0.000000000000000000e+00,0.000000000000000000e+00
1.501750000000000007e+01,0.000000000000000000e+00,0.000000000000000000e+00,0.000000000000000000e+00
1.502250000000000085e+01,0.000000000000000000e+00,0.000000000000000000e+00,0.000000000000000000e+00
1.502749999999999986e+01,0.000000000000000000e+00,0.000000000000000000e+00,0.000000000000000000e+00
1.503250000000000064e+01,0.000000000000000000e+00,0.000000000000000000e+00,0.000000000000000000e+00
1.503749999999999964e+01,0.000000000000000000e+00,0.000000000000000000e+00,0.000000000000000000e+00
1.504250000000000043e+01,0.000000000000000000e+00,0.000000000000000000e+00,0.000000000000000000e+00
1.504749999999999943e+01,0.000000000000000000e+00,0.000000000000000000e+00,0.000000000000000000e+00
1.505250000000000021e+01,0.000000000000000000e+00,0.000000000000000000e+00,0.000000000000000000e+00
1.505750000000000099e+01,0.000000000000000000e+00,0.000000000000000000e+00,0.000000000000000000e+00
1.506250000000000000e+01,0.000000000000000000e+00,0.000000000000000000e+00,0.000000000000000000e+00
1.506750000000000078e+01,0.000000000000000000e+00,0.000000000000000000e+00,0.000000000000000000e+00
1.507249999999999979e+01,0.000000000000000000e+00,0.000000000000000000e+00,0.000000000000000000e+00
1.507750000000000057e+01,0.000000000000000000e+00,0.000000000000000000e+00,0.000000000000000000e+00
1.508249999999999957e+01,0.000000000000000000e+00,0.000000000000000000e+00,0.000000000000000000e+00
1.508750000000000036e+01,0.000000000000000000e+00,0.000000000000000000e+00,0.000000000000000000e+00
1.509250000000000114e+01,0.000000000000000000e+00,0.000000000000000000e+00,0.000000000000000000e+00
1.509750000000000014e+01,0.000000000000000000e+00,0.000000000000000000e+00,0.000000000000000000e+00
1.510250000000000092e+01,0.000000000000000000e+00,0.000000000000000000e+00,0.000000000000000000e+00
1.510749999999999993e+01,0.000000000000000000e+00,0.000000000000000000e+00,0.000000000000000000e+00
1.511250000000000071e+01,0.000000000000000000e+00,0.000000000000000000e+00,0.000000000000000000e+00
1.511749999999999972e+01,0.000000000000000000e+00,0.000000000000000000e+00,0.000000000000000000e+00
1.512250000000000050e+01,0.000000000000000000e+00,0.000000000000000000e+00,0.000000000000000000e+00
1.512749999999999950e+01,0.000000000000000000e+00,0.000000000000000000e+00,0.000000000000000000e+00
1.513250000000000028e+01,0.000000000000000000e+00,0.000000000000000000e+00,0.000000000000000000e+00
1.513750000000000107e+01,0.000000000000000000e+00,0.000000000000000000e+00,0.000000000000000000e+00
1.514250000000000007e+01,0.000000000000000000e+00,0.000000000000000000e+00,0.000000000000000000e+00
1.514750000000000085e+01,0.000000000000000000e+00,0.000000000000000000e+00,0.000000000000000000e+00
1.515249999999999986e+01,0.000000000000000000e+00,0.000000000000000000e+00,0.000000000000000000e+00
1.515750000000000064e+01,0.000000000000000000e+00,0.000000000000000000e+00,0.000000000000000000e+00
1.516249999999999964e+01,0.000000000000000000e+00,0.000000000000000000e+00,0.000000000000000000e+00
1.516750000000000043e+01,0.000000000000000000e+00,0.000000000000000000e+00,0.000000000000000000e+00
1.517249999999999943e+01,0.000000000000000000e+00,0.000000000000000000e+00,0.000000000000000000e+00
1.517750000000000021e+01,0.000000000000000000e+00,0.000000000000000000e+00,0.000000000000000000e+00
1.518250000000000099e+01,0.000000000000000000e+00,0.000000000000000000e+00,0.000000000000000000e+00
1.518750000000000000e+01,0.000000000000000000e+00,0.000000000000000000e+00,0.000000000000000000e+00
1.519250000000000078e+01,0.000000000000000000e+00,0.000000000000000000e+00,0.000000000000000000e+00
1.519749999999999979e+01,0.000000000000000000e+00,0.000000000000000000e+00,0.000000000000000000e+00
1.520250000000000057e+01,0.000000000000000000e+00,0.000000000000000000e+00,0.000000000000000000e+00
1.520749999999999957e+01,0.000000000000000000e+00,0.000000000000000000e+00,0.000000000000000000e+00
1.521250000000000036e+01,0.000000000000000000e+00,0.000000000000000000e+00,0.000000000000000000e+00
1.521750000000000114e+01,0.000000000000000000e+00,0.000000000000000000e+00,0.000000000000000000e+00
1.522250000000000014e+01,0.000000000000000000e+00,0.000000000000000000e+00,0.000000000000000000e+00
1.522750000000000092e+01,0.000000000000000000e+00,0.000000000000000000e+00,0.000000000000000000e+00
1.523249999999999993e+01,0.000000000000000000e+00,0.000000000000000000e+00,0.000000000000000000e+00
1.523750000000000071e+01,0.000000000000000000e+00,0.000000000000000000e+00,0.000000000000000000e+00
1.524249999999999972e+01,0.000000000000000000e+00,0.000000000000000000e+00,0.000000000000000000e+00
1.524750000000000050e+01,0.000000000000000000e+00,0.000000000000000000e+00,0.000000000000000000e+00
1.525249999999999950e+01,0.000000000000000000e+00,0.000000000000000000e+00,0.000000000000000000e+00
1.525750000000000028e+01,0.000000000000000000e+00,0.000000000000000000e+00,0.000000000000000000e+00
1.526250000000000107e+01,0.000000000000000000e+00,0.000000000000000000e+00,0.000000000000000000e+00
1.526750000000000007e+01,0.000000000000000000e+00,0.000000000000000000e+00,0.000000000000000000e+00
1.527250000000000085e+01,0.000000000000000000e+00,0.000000000000000000e+00,0.000000000000000000e+00
1.527749999999999986e+01,0.000000000000000000e+00,0.000000000000000000e+00,0.000000000000000000e+00
1.528250000000000064e+01,0.000000000000000000e+00,0.000000000000000000e+00,0.000000000000000000e+00
1.528749999999999964e+01,0.000000000000000000e+00,0.000000000000000000e+00,0.000000000000000000e+00
1.529250000000000043e+01,0.000000000000000000e+00,0.000000000000000000e+00,0.000000000000000000e+00
1.529749999999999943e+01,0.000000000000000000e+00,0.000000000000000000e+00,0.000000000000000000e+00
1.530250000000000021e+01,0.000000000000000000e+00,0.000000000000000000e+00,0.000000000000000000e+00
1.530750000000000099e+01,0.000000000000000000e+00,0.000000000000000000e+00,0.000000000000000000e+00
1.531250000000000000e+01,0.000000000000000000e+00,0.000000000000000000e+00,0.000000000000000000e+00
1.531750000000000078e+01,0.000000000000000000e+00,0.000000000000000000e+00,0.000000000000000000e+00
1.532249999999999979e+01,0.000000000000000000e+00,0.000000000000000000e+00,0.000000000000000000e+00
1.532750000000000057e+01,0.000000000000000000e+00,0.000000000000000000e+00,0.000000000000000000e+00
1.533249999999999957e+01,0.000000000000000000e+00,0.000000000000000000e+00,0.000000000000000000e+00
1.533750000000000036e+01,0.000000000000000000e+00,0.000000000000000000e+00,0.000000000000000000e+00
1.534250000000000114e+01,0.000000000000000000e+00,0.000000000000000000e+00,0.000000000000000000e+00
1.534750000000000014e+01,0.000000000000000000e+00,0.000000000000000000e+00,0.000000000000000000e+00
1.535250000000000092e+01,0.000000000000000000e+00,0.000000000000000000e+00,0.000000000000000000e+00
1.535749999999999993e+01,0.000000000000000000e+00,0.000000000000000000e+00,0.000000000000000000e+00
1.536250000000000071e+01,0.000000000000000000e+00,0.000000000000000000e+00,0.000000000000000000e+00
1.536749999999999972e+01,0.000000000000000000e+00,0.000000000000000000e+00,0.000000000000000000e+00
1.537250000000000050e+01,0.000000000000000000e+00,0.000000000000000000e+00,0.000000000000000000e+00
1.537749999999999950e+01,0.000000000000000000e+00,0.000000000000000000e+00,0.000000000000000000e+00
1.538250000000000028e+01,0.000000000000000000e+00,0.000000000000000000e+00,0.000000000000000000e+00
1.538750000000000107e+01,0.000000000000000000e+00,0.000000000000000000e+00,0.000000000000000000e+00
1.539250000000000007e+01,0.000000000000000000e+00,0.000000000000000000e+00,0.000000000000000000e+00
1.539750000000000085e+01,0.000000000000000000e+00,0.000000000000000000e+00,0.000000000000000000e+00
1.540249999999999986e+01,0.000000000000000000e+00,0.000000000000000000e+00,0.000000000000000000e+00
1.540750000000000064e+01,0.000000000000000000e+00,0.000000000000000000e+00,0.000000000000000000e+00
1.541249999999999964e+01,0.000000000000000000e+00,0.000000000000000000e+00,0.000000000000000000e+00
1.541750000000000043e+01,0.000000000000000000e+00,0.000000000000000000e+00,0.000000000000000000e+00
1.542250000000000121e+01,0.000000000000000000e+00,0.000000000000000000e+00,0.000000000000000000e+00
1.542750000000000021e+01,0.000000000000000000e+00,0.000000000000000000e+00,0.000000000000000000e+00
1.543250000000000099e+01,0.000000000000000000e+00,0.000000000000000000e+00,0.000000000000000000e+00
1.543750000000000000e+01,0.000000000000000000e+00,0.000000000000000000e+00,0.000000000000000000e+00
1.544250000000000078e+01,0.000000000000000000e+00,0.000000000000000000e+00,0.000000000000000000e+00
1.544749999999999979e+01,0.000000000000000000e+00,0.000000000000000000e+00,0.000000000000000000e+00
1.545250000000000057e+01,0.000000000000000000e+00,0.000000000000000000e+00,0.000000000000000000e+00
1.545749999999999957e+01,0.000000000000000000e+00,0.000000000000000000e+00,0.000000000000000000e+00
1.546250000000000036e+01,0.000000000000000000e+00,0.000000000000000000e+00,0.000000000000000000e+00
1.546750000000000114e+01,0.000000000000000000e+00,0.000000000000000000e+00,0.000000000000000000e+00
1.547250000000000014e+01,0.000000000000000000e+00,0.000000000000000000e+00,0.000000000000000000e+00
1.547750000000000092e+01,0.000000000000000000e+00,0.000000000000000000e+00,0.000000000000000000e+00
1.548249999999999993e+01,0.000000000000000000e+00,0.000000000000000000e+00,0.000000000000000000e+00
1.548750000000000071e+01,0.000000000000000000e+00,0.000000000000000000e+00,0.000000000000000000e+00
1.549249999999999972e+01,0.000000000000000000e+00,0.000000000000000000e+00,0.000000000000000000e+00
1.549750000000000050e+01,0.000000000000000000e+00,0.000000000000000000e+00,0.000000000000000000e+00
1.550249999999999950e+01,0.000000000000000000e+00,0.000000000000000000e+00,0.000000000000000000e+00
1.550750000000000028e+01,0.000000000000000000e+00,0.000000000000000000e+00,0.000000000000000000e+00
1.551250000000000107e+01,0.000000000000000000e+00,0.000000000000000000e+00,0.000000000000000000e+00
1.551750000000000007e+01,0.000000000000000000e+00,0.000000000000000000e+00,0.000000000000000000e+00
1.552250000000000085e+01,0.000000000000000000e+00,0.000000000000000000e+00,0.000000000000000000e+00
1.552749999999999986e+01,0.000000000000000000e+00,0.000000000000000000e+00,0.000000000000000000e+00
1.553250000000000064e+01,0.000000000000000000e+00,0.000000000000000000e+00,0.000000000000000000e+00
1.553749999999999964e+01,0.000000000000000000e+00,0.000000000000000000e+00,0.000000000000000000e+00
1.554250000000000043e+01,0.000000000000000000e+00,0.000000000000000000e+00,0.000000000000000000e+00
1.554750000000000121e+01,0.000000000000000000e+00,0.000000000000000000e+00,0.000000000000000000e+00
1.555250000000000021e+01,0.000000000000000000e+00,0.000000000000000000e+00,0.000000000000000000e+00
1.555750000000000099e+01,0.000000000000000000e+00,0.000000000000000000e+00,0.000000000000000000e+00
1.556250000000000000e+01,0.000000000000000000e+00,0.000000000000000000e+00,0.000000000000000000e+00
1.556750000000000078e+01,0.000000000000000000e+00,0.000000000000000000e+00,0.000000000000000000e+00
1.557249999999999979e+01,0.000000000000000000e+00,0.000000000000000000e+00,0.000000000000000000e+00
1.557750000000000057e+01,0.000000000000000000e+00,0.000000000000000000e+00,0.000000000000000000e+00
1.558249999999999957e+01,0.000000000000000000e+00,0.000000000000000000e+00,0.000000000000000000e+00
1.558750000000000036e+01,0.000000000000000000e+00,0.000000000000000000e+00,0.000000000000000000e+00
1.559250000000000114e+01,0.000000000000000000e+00,0.000000000000000000e+00,0.000000000000000000e+00
1.559750000000000014e+01,0.000000000000000000e+00,0.000000000000000000e+00,0.000000000000000000e+00
1.560250000000000092e+01,0.000000000000000000e+00,0.000000000000000000e+00,0.000000000000000000e+00
1.560749999999999993e+01,0.000000000000000000e+00,0.000000000000000000e+00,0.000000000000000000e+00
1.561250000000000071e+01,0.000000000000000000e+00,0.000000000000000000e+00,0.000000000000000000e+00
1.561749999999999972e+01,0.000000000000000000e+00,0.000000000000000000e+00,0.000000000000000000e+00
1.562250000000000050e+01,0.000000000000000000e+00,0.000000000000000000e+00,0.000000000000000000e+00
1.562749999999999950e+01,0.000000000000000000e+00,0.000000000000000000e+00,0.000000000000000000e+00
1.563250000000000028e+01,0.000000000000000000e+00,0.000000000000000000e+00,0.000000000000000000e+00
1.563750000000000107e+01,0.000000000000000000e+00,0.000000000000000000e+00,0.000000000000000000e+00
1.564250000000000007e+01,0.000000000000000000e+00,0.000000000000000000e+00,0.000000000000000000e+00
1.564750000000000085e+01,0.000000000000000000e+00,0.000000000000000000e+00,0.000000000000000000e+00
1.565249999999999986e+01,0.000000000000000000e+00,0.000000000000000000e+00,0.000000000000000000e+00
1.565750000000000064e+01,0.000000000000000000e+00,0.000000000000000000e+00,0.000000000000000000e+00
1.566249999999999964e+01,0.000000000000000000e+00,0.000000000000000000e+00,0.000000000000000000e+00
1.566750000000000043e+01,0.000000000000000000e+00,0.000000000000000000e+00,0.000000000000000000e+00
1.567250000000000121e+01,0.000000000000000000e+00,0.000000000000000000e+00,0.000000000000000000e+00
1.567750000000000021e+01,0.000000000000000000e+00,0.000000000000000000e+00,0.000000000000000000e+00
1.568250000000000099e+01,0.000000000000000000e+00,0.000000000000000000e+00,0.000000000000000000e+00
1.568750000000000000e+01,0.000000000000000000e+00,0.000000000000000000e+00,0.000000000000000000e+00
1.569250000000000078e+01,0.000000000000000000e+00,0.000000000000000000e+00,0.000000000000000000e+00
1.569749999999999979e+01,0.000000000000000000e+00,0.000000000000000000e+00,0.000000000000000000e+00
1.570250000000000057e+01,0.000000000000000000e+00,0.000000000000000000e+00,0.000000000000000000e+00
1.570749999999999957e+01,0.000000000000000000e+00,0.000000000000000000e+00,0.000000000000000000e+00
1.571250000000000036e+01,0.000000000000000000e+00,0.000000000000000000e+00,0.000000000000000000e+00
1.571750000000000114e+01,0.000000000000000000e+00,0.000000000000000000e+00,0.000000000000000000e+00
1.572250000000000014e+01,0.000000000000000000e+00,0.000000000000000000e+00,0.000000000000000000e+00
1.572750000000000092e+01,0.000000000000000000e+00,0.000000000000000000e+00,0.000000000000000000e+00
1.573249999999999993e+01,0.000000000000000000e+00,0.000000000000000000e+00,0.000000000000000000e+00
1.573750000000000071e+01,0.000000000000000000e+00,0.000000000000000000e+00,0.000000000000000000e+00
1.574249999999999972e+01,0.000000000000000000e+00,0.000000000000000000e+00,0.000000000000000000e+00
1.574750000000000050e+01,0.000000000000000000e+00,0.000000000000000000e+00,0.000000000000000000e+00
1.575249999999999950e+01,0.000000000000000000e+00,0.000000000000000000e+00,0.000000000000000000e+00
1.575750000000000028e+01,0.000000000000000000e+00,0.000000000000000000e+00,0.000000000000000000e+00
1.576250000000000107e+01,0.000000000000000000e+00,0.000000000000000000e+00,0.000000000000000000e+00
1.576750000000000007e+01,0.000000000000000000e+00,0.000000000000000000e+00,0.000000000000000000e+00
1.577250000000000085e+01,0.000000000000000000e+00,0.000000000000000000e+00,0.000000000000000000e+00
1.577749999999999986e+01,0.000000000000000000e+00,0.000000000000000000e+00,0.000000000000000000e+00
1.578250000000000064e+01,0.000000000000000000e+00,0.000000000000000000e+00,0.000000000000000000e+00
1.578749999999999964e+01,0.000000000000000000e+00,0.000000000000000000e+00,0.000000000000000000e+00
1.579250000000000043e+01,0.000000000000000000e+00,0.000000000000000000e+00,0.000000000000000000e+00
1.579750000000000121e+01,0.000000000000000000e+00,0.000000000000000000e+00,0.000000000000000000e+00
1.580250000000000021e+01,0.000000000000000000e+00,0.000000000000000000e+00,0.000000000000000000e+00
1.580750000000000099e+01,0.000000000000000000e+00,0.000000000000000000e+00,0.000000000000000000e+00
1.581250000000000000e+01,0.000000000000000000e+00,0.000000000000000000e+00,0.000000000000000000e+00
1.581750000000000078e+01,0.000000000000000000e+00,0.000000000000000000e+00,0.000000000000000000e+00
1.582249999999999979e+01,0.000000000000000000e+00,0.000000000000000000e+00,0.000000000000000000e+00
1.582750000000000057e+01,0.000000000000000000e+00,0.000000000000000000e+00,0.000000000000000000e+00
1.583249999999999957e+01,0.000000000000000000e+00,0.000000000000000000e+00,0.000000000000000000e+00
1.583750000000000036e+01,0.000000000000000000e+00,0.000000000000000000e+00,0.000000000000000000e+00
1.584250000000000114e+01,0.000000000000000000e+00,0.000000000000000000e+00,0.000000000000000000e+00
1.584750000000000014e+01,0.000000000000000000e+00,0.000000000000000000e+00,0.000000000000000000e+00
1.585250000000000092e+01,0.000000000000000000e+00,0.000000000000000000e+00,0.000000000000000000e+00
1.585749999999999993e+01,0.000000000000000000e+00,0.000000000000000000e+00,0.000000000000000000e+00
1.586250000000000071e+01,0.000000000000000000e+00,0.000000000000000000e+00,0.000000000000000000e+00
1.586749999999999972e+01,0.000000000000000000e+00,0.000000000000000000e+00,0.000000000000000000e+00
1.587250000000000050e+01,0.000000000000000000e+00,0.000000000000000000e+00,0.000000000000000000e+00
1.587749999999999950e+01,0.000000000000000000e+00,0.000000000000000000e+00,0.000000000000000000e+00
1.588250000000000028e+01,0.000000000000000000e+00,0.000000000000000000e+00,0.000000000000000000e+00
1.588750000000000107e+01,0.000000000000000000e+00,0.000000000000000000e+00,0.000000000000000000e+00
1.589250000000000007e+01,0.000000000000000000e+00,0.000000000000000000e+00,0.000000000000000000e+00
1.589750000000000085e+01,0.000000000000000000e+00,0.000000000000000000e+00,0.000000000000000000e+00
1.590249999999999986e+01,0.000000000000000000e+00,0.000000000000000000e+00,0.000000000000000000e+00
1.590750000000000064e+01,0.000000000000000000e+00,0.000000000000000000e+00,0.000000000000000000e+00
1.591249999999999964e+01,0.000000000000000000e+00,0.000000000000000000e+00,0.000000000000000000e+00
1.591750000000000043e+01,0.000000000000000000e+00,0.000000000000000000e+00,0.000000000000000000e+00
1.592250000000000121e+01,0.000000000000000000e+00,0.000000000000000000e+00,0.000000000000000000e+00
1.592750000000000021e+01,0.000000000000000000e+00,0.000000000000000000e+00,0.000000000000000000e+00
1.593250000000000099e+01,0.000000000000000000e+00,0.000000000000000000e+00,0.000000000000000000e+00
1.593750000000000000e+01,0.000000000000000000e+00,0.000000000000000000e+00,0.000000000000000000e+00
1.594250000000000078e+01,0.000000000000000000e+00,0.000000000000000000e+00,0.000000000000000000e+00
1.594749999999999979e+01,0.000000000000000000e+00,0.000000000000000000e+00,0.000000000000000000e+00
1.595250000000000057e+01,0.000000000000000000e+00,0.000000000000000000e+00,0.000000000000000000e+00
1.595749999999999957e+01,0.000000000000000000e+00,0.000000000000000000e+00,0.000000000000000000e+00
1.596250000000000036e+01,0.000000000000000000e+00,0.000000000000000000e+00,0.000000000000000000e+00
1.596750000000000114e+01,0.000000000000000000e+00,0.000000000000000000e+00,0.000000000000000000e+00
1.597250000000000014e+01,0.000000000000000000e+00,0.000000000000000000e+00,0.000000000000000000e+00
1.597750000000000092e+01,0.000000000000000000e+00,0.000000000000000000e+00,0.000000000000000000e+00
1.598249999999999993e+01,0.000000000000000000e+00,0.000000000000000000e+00,0.000000000000000000e+00
1.598750000000000071e+01,0.000000000000000000e+00,0.000000000000000000e+00,0.000000000000000000e+00
1.599249999999999972e+01,0.000000000000000000e+00,0.000000000000000000e+00,0.000000000000000000e+00
1.599750000000000050e+01,0.000000000000000000e+00,0.000000000000000000e+00,0.000000000000000000e+00
1.600250000000000128e+01,0.000000000000000000e+00,0.000000000000000000e+00,0.000000000000000000e+00
1.600750000000000028e+01,0.000000000000000000e+00,0.000000000000000000e+00,0.000000000000000000e+00
1.601249999999999929e+01,0.000000000000000000e+00,0.000000000000000000e+00,0.000000000000000000e+00
1.601750000000000185e+01,0.000000000000000000e+00,0.000000000000000000e+00,0.000000000000000000e+00
1.602250000000000085e+01,0.000000000000000000e+00,0.000000000000000000e+00,0.000000000000000000e+00
1.602749999999999986e+01,0.000000000000000000e+00,0.000000000000000000e+00,0.000000000000000000e+00
1.603249999999999886e+01,0.000000000000000000e+00,0.000000000000000000e+00,0.000000000000000000e+00
1.603750000000000142e+01,0.000000000000000000e+00,0.000000000000000000e+00,0.000000000000000000e+00
1.604250000000000043e+01,0.000000000000000000e+00,0.000000000000000000e+00,0.000000000000000000e+00
1.604749999999999943e+01,0.000000000000000000e+00,0.000000000000000000e+00,0.000000000000000000e+00
1.605250000000000199e+01,0.000000000000000000e+00,0.000000000000000000e+00,0.000000000000000000e+00
1.605750000000000099e+01,0.000000000000000000e+00,0.000000000000000000e+00,0.000000000000000000e+00
1.606250000000000000e+01,0.000000000000000000e+00,0.000000000000000000e+00,0.000000000000000000e+00
1.606749999999999901e+01,0.000000000000000000e+00,0.000000000000000000e+00,0.000000000000000000e+00
1.607250000000000156e+01,0.000000000000000000e+00,0.000000000000000000e+00,0.000000000000000000e+00
1.607750000000000057e+01,0.000000000000000000e+00,0.000000000000000000e+00,0.000000000000000000e+00
1.608249999999999957e+01,0.000000000000000000e+00,0.000000000000000000e+00,0.000000000000000000e+00
1.608749999999999858e+01,0.000000000000000000e+00,0.000000000000000000e+00,0.000000000000000000e+00
1.609250000000000114e+01,0.000000000000000000e+00,0.000000000000000000e+00,0.000000000000000000e+00
1.609750000000000014e+01,0.000000000000000000e+00,0.000000000000000000e+00,0.000000000000000000e+00
1.610249999999999915e+01,0.000000000000000000e+00,0.000000000000000000e+00,0.000000000000000000e+00
1.610750000000000171e+01,0.000000000000000000e+00,0.000000000000000000e+00,0.000000000000000000e+00
1.611250000000000071e+01,0.000000000000000000e+00,0.000000000000000000e+00,0.000000000000000000e+00
1.611749999999999972e+01,0.000000000000000000e+00,0.000000000000000000e+00,0.000000000000000000e+00
1.612249999999999872e+01,0.000000000000000000e+00,0.000000000000000000e+00,0.000000000000000000e+00
1.612750000000000128e+01,0.000000000000000000e+00,0.000000000000000000e+00,0.000000000000000000e+00
1.613250000000000028e+01,0.000000000000000000e+00,0.000000000000000000e+00,0.000000000000000000e+00
1.613749999999999929e+01,0.000000000000000000e+00,0.000000000000000000e+00,0.000000000000000000e+00
1.614250000000000185e+01,0.000000000000000000e+00,0.000000000000000000e+00,0.000000000000000000e+00
1.614750000000000085e+01,0.000000000000000000e+00,0.000000000000000000e+00,0.000000000000000000e+00
1.615249999999999986e+01,0.000000000000000000e+00,0.000000000000000000e+00,0.000000000000000000e+00
1.615749999999999886e+01,0.000000000000000000e+00,0.000000000000000000e+00,0.000000000000000000e+00
1.616250000000000142e+01,0.000000000000000000e+00,0.000000000000000000e+00,0.000000000000000000e+00
1.616750000000000043e+01,0.000000000000000000e+00,0.000000000000000000e+00,0.000000000000000000e+00
1.617249999999999943e+01,0.000000000000000000e+00,0.000000000000000000e+00,0.000000000000000000e+00
1.617750000000000199e+01,0.000000000000000000e+00,0.000000000000000000e+00,0.000000000000000000e+00
1.618250000000000099e+01,0.000000000000000000e+00,0.000000000000000000e+00,0.000000000000000000e+00
1.618750000000000000e+01,0.000000000000000000e+00,0.000000000000000000e+00,0.000000000000000000e+00
1.619249999999999901e+01,0.000000000000000000e+00,0.000000000000000000e+00,0.000000000000000000e+00
1.619750000000000156e+01,0.000000000000000000e+00,0.000000000000000000e+00,0.000000000000000000e+00
1.620250000000000057e+01,0.000000000000000000e+00,0.000000000000000000e+00,0.000000000000000000e+00
1.620749999999999957e+01,0.000000000000000000e+00,0.000000000000000000e+00,0.000000000000000000e+00
1.621249999999999858e+01,0.000000000000000000e+00,0.000000000000000000e+00,0.000000000000000000e+00
1.621750000000000114e+01,0.000000000000000000e+00,0.000000000000000000e+00,0.000000000000000000e+00
1.622250000000000014e+01,0.000000000000000000e+00,0.000000000000000000e+00,0.000000000000000000e+00
1.622749999999999915e+01,0.000000000000000000e+00,0.000000000000000000e+00,0.000000000000000000e+00
1.623250000000000171e+01,0.000000000000000000e+00,0.000000000000000000e+00,0.000000000000000000e+00
1.623750000000000071e+01,0.000000000000000000e+00,0.000000000000000000e+00,0.000000000000000000e+00
1.624249999999999972e+01,0.000000000000000000e+00,0.000000000000000000e+00,0.000000000000000000e+00
1.624749999999999872e+01,0.000000000000000000e+00,0.000000000000000000e+00,0.000000000000000000e+00
1.625250000000000128e+01,0.000000000000000000e+00,0.000000000000000000e+00,0.000000000000000000e+00
1.625750000000000028e+01,0.000000000000000000e+00,0.000000000000000000e+00,0.000000000000000000e+00
1.626249999999999929e+01,0.000000000000000000e+00,0.000000000000000000e+00,0.000000000000000000e+00
1.626750000000000185e+01,0.000000000000000000e+00,0.000000000000000000e+00,0.000000000000000000e+00
1.627250000000000085e+01,0.000000000000000000e+00,0.000000000000000000e+00,0.000000000000000000e+00
1.627749999999999986e+01,0.000000000000000000e+00,0.000000000000000000e+00,0.000000000000000000e+00
1.628249999999999886e+01,0.000000000000000000e+00,0.000000000000000000e+00,0.000000000000000000e+00
1.628750000000000142e+01,0.000000000000000000e+00,0.000000000000000000e+00,0.000000000000000000e+00
1.629250000000000043e+01,0.000000000000000000e+00,0.000000000000000000e+00,0.000000000000000000e+00
1.629749999999999943e+01,0.000000000000000000e+00,0.000000000000000000e+00,0.000000000000000000e+00
1.630250000000000199e+01,0.000000000000000000e+00,0.000000000000000000e+00,0.000000000000000000e+00
1.630750000000000099e+01,0.000000000000000000e+00,0.000000000000000000e+00,0.000000000000000000e+00
1.631250000000000000e+01,0.000000000000000000e+00,0.000000000000000000e+00,0.000000000000000000e+00
1.631749999999999901e+01,0.000000000000000000e+00,0.000000000000000000e+00,0.000000000000000000e+00
1.632250000000000156e+01,0.000000000000000000e+00,0.000000000000000000e+00,0.000000000000000000e+00
1.632750000000000057e+01,0.000000000000000000e+00,0.000000000000000000e+00,0.000000000000000000e+00
1.633249999999999957e+01,0.000000000000000000e+00,0.000000000000000000e+00,0.000000000000000000e+00
1.633749999999999858e+01,0.000000000000000000e+00,0.000000000000000000e+00,0.000000000000000000e+00
1.634250000000000114e+01,0.000000000000000000e+00,0.000000000000000000e+00,0.000000000000000000e+00
1.634750000000000014e+01,0.000000000000000000e+00,0.000000000000000000e+00,0.000000000000000000e+00
1.635249999999999915e+01,0.000000000000000000e+00,0.000000000000000000e+00,0.000000000000000000e+00
1.635750000000000171e+01,0.000000000000000000e+00,0.000000000000000000e+00,0.000000000000000000e+00
1.636250000000000071e+01,0.000000000000000000e+00,0.000000000000000000e+00,0.000000000000000000e+00
1.636749999999999972e+01,0.000000000000000000e+00,0.000000000000000000e+00,0.000000000000000000e+00
1.637249999999999872e+01,0.000000000000000000e+00,0.000000000000000000e+00,0.000000000000000000e+00
1.637750000000000128e+01,0.000000000000000000e+00,0.000000000000000000e+00,0.000000000000000000e+00
1.638250000000000028e+01,0.000000000000000000e+00,0.000000000000000000e+00,0.000000000000000000e+00
1.638749999999999929e+01,0.000000000000000000e+00,0.000000000000000000e+00,0.000000000000000000e+00
1.639250000000000185e+01,0.000000000000000000e+00,0.000000000000000000e+00,0.000000000000000000e+00
1.639750000000000085e+01,0.000000000000000000e+00,0.000000000000000000e+00,0.000000000000000000e+00
1.640249999999999986e+01,0.000000000000000000e+00,0.000000000000000000e+00,0.000000000000000000e+00
1.640749999999999886e+01,0.000000000000000000e+00,0.000000000000000000e+00,0.000000000000000000e+00
1.641250000000000142e+01,0.000000000000000000e+00,0.000000000000000000e+00,0.000000000000000000e+00
1.641750000000000043e+01,0.000000000000000000e+00,0.000000000000000000e+00,0.000000000000000000e+00
1.642249999999999943e+01,0.000000000000000000e+00,0.000000000000000000e+00,0.000000000000000000e+00
1.642750000000000199e+01,0.000000000000000000e+00,0.000000000000000000e+00,0.000000000000000000e+00
1.643250000000000099e+01,0.000000000000000000e+00,0.000000000000000000e+00,0.000000000000000000e+00
1.643750000000000000e+01,0.000000000000000000e+00,0.000000000000000000e+00,0.000000000000000000e+00
1.644249999999999901e+01,0.000000000000000000e+00,0.000000000000000000e+00,0.000000000000000000e+00
1.644750000000000156e+01,0.000000000000000000e+00,0.000000000000000000e+00,0.000000000000000000e+00
1.645250000000000057e+01,0.000000000000000000e+00,0.000000000000000000e+00,0.000000000000000000e+00
1.645749999999999957e+01,0.000000000000000000e+00,0.000000000000000000e+00,0.000000000000000000e+00
1.646249999999999858e+01,0.000000000000000000e+00,0.000000000000000000e+00,0.000000000000000000e+00
1.646750000000000114e+01,0.000000000000000000e+00,0.000000000000000000e+00,0.000000000000000000e+00
1.647250000000000014e+01,0.000000000000000000e+00,0.000000000000000000e+00,0.000000000000000000e+00
1.647749999999999915e+01,0.000000000000000000e+00,0.000000000000000000e+00,0.000000000000000000e+00
1.648250000000000171e+01,0.000000000000000000e+00,0.000000000000000000e+00,0.000000000000000000e+00
1.648750000000000071e+01,0.000000000000000000e+00,0.000000000000000000e+00,0.000000000000000000e+00
1.649249999999999972e+01,0.000000000000000000e+00,0.000000000000000000e+00,0.000000000000000000e+00
1.649749999999999872e+01,0.000000000000000000e+00,0.000000000000000000e+00,0.000000000000000000e+00
1.650250000000000128e+01,0.000000000000000000e+00,0.000000000000000000e+00,0.000000000000000000e+00
1.650750000000000028e+01,0.000000000000000000e+00,0.000000000000000000e+00,0.000000000000000000e+00
1.651249999999999929e+01,0.000000000000000000e+00,0.000000000000000000e+00,0.000000000000000000e+00
1.651750000000000185e+01,0.000000000000000000e+00,0.000000000000000000e+00,0.000000000000000000e+00
1.652250000000000085e+01,0.000000000000000000e+00,0.000000000000000000e+00,0.000000000000000000e+00
1.652749999999999986e+01,0.000000000000000000e+00,0.000000000000000000e+00,0.000000000000000000e+00
1.653249999999999886e+01,0.000000000000000000e+00,0.000000000000000000e+00,0.000000000000000000e+00
1.653750000000000142e+01,0.000000000000000000e+00,0.000000000000000000e+00,0.000000000000000000e+00
1.654250000000000043e+01,0.000000000000000000e+00,0.000000000000000000e+00,0.000000000000000000e+00
1.654749999999999943e+01,0.000000000000000000e+00,0.000000000000000000e+00,0.000000000000000000e+00
1.655250000000000199e+01,0.000000000000000000e+00,0.000000000000000000e+00,0.000000000000000000e+00
1.655750000000000099e+01,0.000000000000000000e+00,0.000000000000000000e+00,0.000000000000000000e+00
1.656250000000000000e+01,0.000000000000000000e+00,0.000000000000000000e+00,0.000000000000000000e+00
1.656749999999999901e+01,0.000000000000000000e+00,0.000000000000000000e+00,0.000000000000000000e+00
1.657250000000000156e+01,0.000000000000000000e+00,0.000000000000000000e+00,0.000000000000000000e+00
1.657750000000000057e+01,0.000000000000000000e+00,0.000000000000000000e+00,0.000000000000000000e+00
1.658249999999999957e+01,0.000000000000000000e+00,0.000000000000000000e+00,0.000000000000000000e+00
1.658749999999999858e+01,0.000000000000000000e+00,0.000000000000000000e+00,0.000000000000000000e+00
1.659250000000000114e+01,0.000000000000000000e+00,0.000000000000000000e+00,0.000000000000000000e+00
1.659750000000000014e+01,0.000000000000000000e+00,0.000000000000000000e+00,0.000000000000000000e+00
1.660249999999999915e+01,0.000000000000000000e+00,0.000000000000000000e+00,0.000000000000000000e+00
1.660750000000000171e+01,0.000000000000000000e+00,0.000000000000000000e+00,0.000000000000000000e+00
1.661250000000000071e+01,0.000000000000000000e+00,0.000000000000000000e+00,0.000000000000000000e+00
1.661749999999999972e+01,0.000000000000000000e+00,0.000000000000000000e+00,0.000000000000000000e+00
1.662249999999999872e+01,0.000000000000000000e+00,0.000000000000000000e+00,0.000000000000000000e+00
1.662750000000000128e+01,0.000000000000000000e+00,0.000000000000000000e+00,0.000000000000000000e+00
1.663250000000000028e+01,0.000000000000000000e+00,0.000000000000000000e+00,0.000000000000000000e+00
1.663749999999999929e+01,0.000000000000000000e+00,0.000000000000000000e+00,0.000000000000000000e+00
1.664250000000000185e+01,0.000000000000000000e+00,0.000000000000000000e+00,0.000000000000000000e+00
1.664750000000000085e+01,0.000000000000000000e+00,0.000000000000000000e+00,0.000000000000000000e+00
1.665249999999999986e+01,0.000000000000000000e+00,0.000000000000000000e+00,0.000000000000000000e+00
1.665749999999999886e+01,0.000000000000000000e+00,0.000000000000000000e+00,0.000000000000000000e+00
1.666250000000000142e+01,0.000000000000000000e+00,0.000000000000000000e+00,0.000000000000000000e+00
1.666750000000000043e+01,0.000000000000000000e+00,0.000000000000000000e+00,0.000000000000000000e+00
1.667249999999999943e+01,0.000000000000000000e+00,0.000000000000000000e+00,0.000000000000000000e+00
1.667750000000000199e+01,0.000000000000000000e+00,0.000000000000000000e+00,0.000000000000000000e+00
1.668250000000000099e+01,0.000000000000000000e+00,0.000000000000000000e+00,0.000000000000000000e+00
1.668750000000000000e+01,0.000000000000000000e+00,0.000000000000000000e+00,0.000000000000000000e+00
1.669249999999999901e+01,0.000000000000000000e+00,0.000000000000000000e+00,0.000000000000000000e+00
1.669750000000000156e+01,0.000000000000000000e+00,0.000000000000000000e+00,0.000000000000000000e+00
1.670250000000000057e+01,0.000000000000000000e+00,0.000000000000000000e+00,0.000000000000000000e+00
1.670749999999999957e+01,0.000000000000000000e+00,0.000000000000000000e+00,0.000000000000000000e+00
1.671249999999999858e+01,0.000000000000000000e+00,0.000000000000000000e+00,0.000000000000000000e+00
1.671750000000000114e+01,0.000000000000000000e+00,0.000000000000000000e+00,0.000000000000000000e+00
1.672250000000000014e+01,0.000000000000000000e+00,0.000000000000000000e+00,0.000000000000000000e+00
1.672749999999999915e+01,0.000000000000000000e+00,0.000000000000000000e+00,0.000000000000000000e+00
1.673250000000000171e+01,0.000000000000000000e+00,0.000000000000000000e+00,0.000000000000000000e+00
1.673750000000000071e+01,0.000000000000000000e+00,0.000000000000000000e+00,0.000000000000000000e+00
1.674249999999999972e+01,0.000000000000000000e+00,0.000000000000000000e+00,0.000000000000000000e+00
1.674749999999999872e+01,0.000000000000000000e+00,0.000000000000000000e+00,0.000000000000000000e+00
1.675250000000000128e+01,0.000000000000000000e+00,0.000000000000000000e+00,0.000000000000000000e+00
1.675750000000000028e+01,0.000000000000000000e+00,0.000000000000000000e+00,0.000000000000000000e+00
1.676249999999999929e+01,0.000000000000000000e+00,0.000000000000000000e+00,0.000000000000000000e+00
1.676750000000000185e+01,0.000000000000000000e+00,0.000000000000000000e+00,0.000000000000000000e+00
1.677250000000000085e+01,0.000000000000000000e+00,0.000000000000000000e+00,0.000000000000000000e+00
1.677749999999999986e+01,0.000000000000000000e+00,0.000000000000000000e+00,0.000000000000000000e+00
1.678249999999999886e+01,0.000000000000000000e+00,0.000000000000000000e+00,0.000000000000000000e+00
1.678750000000000142e+01,0.000000000000000000e+00,0.000000000000000000e+00,0.000000000000000000e+00
1.679250000000000043e+01,0.000000000000000000e+00,0.000000000000000000e+00,0.000000000000000000e+00
1.679749999999999943e+01,0.000000000000000000e+00,0.000000000000000000e+00,0.000000000000000000e+00
1.680250000000000199e+01,0.000000000000000000e+00,0.000000000000000000e+00,0.000000000000000000e+00
1.680750000000000099e+01,0.000000000000000000e+00,0.000000000000000000e+00,0.000000000000000000e+00
1.681250000000000000e+01,0.000000000000000000e+00,0.000000000000000000e+00,0.000000000000000000e+00
1.681749999999999901e+01,0.000000000000000000e+00,0.000000000000000000e+00,0.000000000000000000e+00
1.682250000000000156e+01,0.000000000000000000e+00,0.000000000000000000e+00,0.000000000000000000e+00
1.682750000000000057e+01,0.000000000000000000e+00,0.000000000000000000e+00,0.000000000000000000e+00
1.683249999999999957e+01,0.000000000000000000e+00,0.000000000000000000e+00,0.000000000000000000e+00
1.683749999999999858e+01,0.000000000000000000e+00,0.000000000000000000e+00,0.000000000000000000e+00
1.684250000000000114e+01,0.000000000000000000e+00,0.000000000000000000e+00,0.000000000000000000e+00
1.684750000000000014e+01,0.000000000000000000e+00,0.000000000000000000e+00,0.000000000000000000e+00
1.685249999999999915e+01,0.000000000000000000e+00,0.000000000000000000e+00,0.000000000000000000e+00
1.685750000000000171e+01,0.000000000000000000e+00,0.000000000000000000e+00,0.000000000000000000e+00
1.686250000000000071e+01,0.000000000000000000e+00,0.000000000000000000e+00,0.000000000000000000e+00
1.686749999999999972e+01,0.000000000000000000e+00,0.000000000000000000e+00,0.000000000000000000e+00
1.687249999999999872e+01,0.000000000000000000e+00,0.000000000000000000e+00,0.000000000000000000e+00
1.687750000000000128e+01,0.000000000000000000e+00,0.000000000000000000e+00,0.000000000000000000e+00
1.688250000000000028e+01,0.000000000000000000e+00,0.000000000000000000e+00,0.000000000000000000e+00
1.688749999999999929e+01,0.000000000000000000e+00,0.000000000000000000e+00,0.000000000000000000e+00
1.689250000000000185e+01,0.000000000000000000e+00,0.000000000000000000e+00,0.000000000000000000e+00
1.689750000000000085e+01,0.000000000000000000e+00,0.000000000000000000e+00,0.000000000000000000e+00
1.690249999999999986e+01,0.000000000000000000e+00,0.000000000000000000e+00,0.000000000000000000e+00
1.690749999999999886e+01,0.000000000000000000e+00,0.000000000000000000e+00,0.000000000000000000e+00
1.691250000000000142e+01,0.000000000000000000e+00,0.000000000000000000e+00,0.000000000000000000e+00
1.691750000000000043e+01,0.000000000000000000e+00,0.000000000000000000e+00,0.000000000000000000e+00
1.692249999999999943e+01,0.000000000000000000e+00,0.000000000000000000e+00,0.000000000000000000e+00
1.692750000000000199e+01,0.000000000000000000e+00,0.000000000000000000e+00,0.000000000000000000e+00
1.693250000000000099e+01,0.000000000000000000e+00,0.000000000000000000e+00,0.000000000000000000e+00
1.693750000000000000e+01,0.000000000000000000e+00,0.000000000000000000e+00,0.000000000000000000e+00
1.694249999999999901e+01,0.000000000000000000e+00,0.000000000000000000e+00,0.000000000000000000e+00
1.694750000000000156e+01,0.000000000000000000e+00,0.000000000000000000e+00,0.000000000000000000e+00
1.695250000000000057e+01,0.000000000000000000e+00,0.000000000000000000e+00,0.000000000000000000e+00
1.695749999999999957e+01,0.000000000000000000e+00,0.000000000000000000e+00,0.000000000000000000e+00
1.696249999999999858e+01,0.000000000000000000e+00,0.000000000000000000e+00,0.000000000000000000e+00
1.696750000000000114e+01,0.000000000000000000e+00,0.000000000000000000e+00,0.000000000000000000e+00
1.697250000000000014e+01,0.000000000000000000e+00,0.000000000000000000e+00,0.000000000000000000e+00
1.697749999999999915e+01,0.000000000000000000e+00,0.000000000000000000e+00,0.000000000000000000e+00
1.698250000000000171e+01,0.000000000000000000e+00,0.000000000000000000e+00,0.000000000000000000e+00
1.698750000000000071e+01,0.000000000000000000e+00,0.000000000000000000e+00,0.000000000000000000e+00
1.699249999999999972e+01,0.000000000000000000e+00,0.000000000000000000e+00,0.000000000000000000e+00
1.699749999999999872e+01,0.000000000000000000e+00,0.000000000000000000e+00,0.000000000000000000e+00
1.700250000000000128e+01,0.000000000000000000e+00,0.000000000000000000e+00,0.000000000000000000e+00
1.700750000000000028e+01,0.000000000000000000e+00,0.000000000000000000e+00,0.000000000000000000e+00
1.701249999999999929e+01,0.000000000000000000e+00,0.000000000000000000e+00,0.000000000000000000e+00
1.701750000000000185e+01,0.000000000000000000e+00,0.000000000000000000e+00,0.000000000000000000e+00
1.702250000000000085e+01,0.000000000000000000e+00,0.000000000000000000e+00,0.000000000000000000e+00
1.702749999999999986e+01,0.000000000000000000e+00,0.000000000000000000e+00,0.000000000000000000e+00
1.703249999999999886e+01,0.000000000000000000e+00,0.000000000000000000e+00,0.000000000000000000e+00
1.703750000000000142e+01,0.000000000000000000e+00,0.000000000000000000e+00,0.000000000000000000e+00
1.704250000000000043e+01,0.000000000000000000e+00,0.000000000000000000e+00,0.000000000000000000e+00
1.704749999999999943e+01,0.000000000000000000e+00,0.000000000000000000e+00,0.000000000000000000e+00
1.705250000000000199e+01,0.000000000000000000e+00,0.000000000000000000e+00,0.000000000000000000e+00
1.705750000000000099e+01,0.000000000000000000e+00,0.000000000000000000e+00,0.000000000000000000e+00
1.706250000000000000e+01,0.000000000000000000e+00,0.000000000000000000e+00,0.000000000000000000e+00
1.706749999999999901e+01,0.000000000000000000e+00,0.000000000000000000e+00,0.000000000000000000e+00
1.707250000000000156e+01,0.000000000000000000e+00,0.000000000000000000e+00,0.000000000000000000e+00
1.707750000000000057e+01,0.000000000000000000e+00,0.000000000000000000e+00,0.000000000000000000e+00
1.708249999999999957e+01,0.000000000000000000e+00,0.000000000000000000e+00,0.000000000000000000e+00
1.708750000000000213e+01,0.000000000000000000e+00,0.000000000000000000e+00,0.000000000000000000e+00
1.709250000000000114e+01,0.000000000000000000e+00,0.000000000000000000e+00,0.000000000000000000e+00
1.709750000000000014e+01,0.000000000000000000e+00,0.000000000000000000e+00,0.000000000000000000e+00
1.710249999999999915e+01,0.000000000000000000e+00,0.000000000000000000e+00,0.000000000000000000e+00
1.710750000000000171e+01,0.000000000000000000e+00,0.000000000000000000e+00,0.000000000000000000e+00
1.711250000000000071e+01,0.000000000000000000e+00,0.000000000000000000e+00,0.000000000000000000e+00
1.711749999999999972e+01,0.000000000000000000e+00,0.000000000000000000e+00,0.000000000000000000e+00
1.712249999999999872e+01,0.000000000000000000e+00,0.000000000000000000e+00,0.000000000000000000e+00
1.712750000000000128e+01,0.000000000000000000e+00,0.000000000000000000e+00,0.000000000000000000e+00
1.713250000000000028e+01,0.000000000000000000e+00,0.000000000000000000e+00,0.000000000000000000e+00
1.713749999999999929e+01,0.000000000000000000e+00,0.000000000000000000e+00,0.000000000000000000e+00
1.714250000000000185e+01,0.000000000000000000e+00,0.000000000000000000e+00,0.000000000000000000e+00
1.714750000000000085e+01,0.000000000000000000e+00,0.000000000000000000e+00,0.000000000000000000e+00
1.715249999999999986e+01,0.000000000000000000e+00,0.000000000000000000e+00,0.000000000000000000e+00
1.715749999999999886e+01,0.000000000000000000e+00,0.000000000000000000e+00,0.000000000000000000e+00
1.716250000000000142e+01,0.000000000000000000e+00,0.000000000000000000e+00,0.000000000000000000e+00
1.716750000000000043e+01,0.000000000000000000e+00,0.000000000000000000e+00,0.000000000000000000e+00
1.717249999999999943e+01,0.000000000000000000e+00,0.000000000000000000e+00,0.000000000000000000e+00
1.717750000000000199e+01,0.000000000000000000e+00,0.000000000000000000e+00,0.000000000000000000e+00
1.718250000000000099e+01,0.000000000000000000e+00,0.000000000000000000e+00,0.000000000000000000e+00
1.718750000000000000e+01,0.000000000000000000e+00,0.000000000000000000e+00,0.000000000000000000e+00
1.719249999999999901e+01,0.000000000000000000e+00,0.000000000000000000e+00,0.000000000000000000e+00
1.719750000000000156e+01,0.000000000000000000e+00,0.000000000000000000e+00,0.000000000000000000e+00
1.720250000000000057e+01,0.000000000000000000e+00,0.000000000000000000e+00,0.000000000000000000e+00
1.720749999999999957e+01,0.000000000000000000e+00,0.000000000000000000e+00,0.000000000000000000e+00
1.721250000000000213e+01,0.000000000000000000e+00,0.000000000000000000e+00,0.000000000000000000e+00
1.721750000000000114e+01,0.000000000000000000e+00,0.000000000000000000e+00,0.000000000000000000e+00
1.722250000000000014e+01,0.000000000000000000e+00,0.000000000000000000e+00,0.000000000000000000e+00
1.722749999999999915e+01,0.000000000000000000e+00,0.000000000000000000e+00,0.000000000000000000e+00
1.723250000000000171e+01,0.000000000000000000e+00,0.000000000000000000e+00,0.000000000000000000e+00
1.723750000000000071e+01,0.000000000000000000e+00,0.000000000000000000e+00,0.000000000000000000e+00
1.724249999999999972e+01,0.000000000000000000e+00,0.000000000000000000e+00,0.000000000000000000e+00
1.724749999999999872e+01,0.000000000000000000e+00,0.000000000000000000e+00,0.000000000000000000e+00
1.725250000000000128e+01,0.000000000000000000e+00,0.000000000000000000e+00,0.000000000000000000e+00
1.725750000000000028e+01,0.000000000000000000e+00,0.000000000000000000e+00,0.000000000000000000e+00
1.726249999999999929e+01,0.000000000000000000e+00,0.000000000000000000e+00,0.000000000000000000e+00
1.726750000000000185e+01,0.000000000000000000e+00,0.000000000000000000e+00,0.000000000000000000e+00
1.727250000000000085e+01,0.000000000000000000e+00,0.000000000000000000e+00,0.000000000000000000e+00
1.727749999999999986e+01,0.000000000000000000e+00,0.000000000000000000e+00,0.000000000000000000e+00
1.728249999999999886e+01,0.000000000000000000e+00,0.000000000000000000e+00,0.000000000000000000e+00
1.728750000000000142e+01,0.000000000000000000e+00,0.000000000000000000e+00,0.000000000000000000e+00
1.729250000000000043e+01,0.000000000000000000e+00,0.000000000000000000e+00,0.000000000000000000e+00
1.729749999999999943e+01,0.000000000000000000e+00,0.000000000000000000e+00,0.000000000000000000e+00
1.730250000000000199e+01,0.000000000000000000e+00,0.000000000000000000e+00,0.000000000000000000e+00
1.730750000000000099e+01,0.000000000000000000e+00,0.000000000000000000e+00,0.000000000000000000e+00
1.731250000000000000e+01,0.000000000000000000e+00,0.000000000000000000e+00,0.000000000000000000e+00
1.731749999999999901e+01,0.000000000000000000e+00,0.000000000000000000e+00,0.000000000000000000e+00
1.732250000000000156e+01,0.000000000000000000e+00,0.000000000000000000e+00,0.000000000000000000e+00
1.732750000000000057e+01,0.000000000000000000e+00,0.000000000000000000e+00,0.000000000000000000e+00
1.733249999999999957e+01,0.000000000000000000e+00,0.000000000000000000e+00,0.000000000000000000e+00
1.733750000000000213e+01,0.000000000000000000e+00,0.000000000000000000e+00,0.000000000000000000e+00
1.734250000000000114e+01,0.000000000000000000e+00,0.000000000000000000e+00,0.000000000000000000e+00
1.734750000000000014e+01,0.000000000000000000e+00,0.000000000000000000e+00,0.000000000000000000e+00
1.735249999999999915e+01,0.000000000000000000e+00,0.000000000000000000e+00,0.000000000000000000e+00
1.735750000000000171e+01,0.000000000000000000e+00,0.000000000000000000e+00,0.000000000000000000e+00
1.736250000000000071e+01,0.000000000000000000e+00,0.000000000000000000e+00,0.000000000000000000e+00
1.736749999999999972e+01,0.000000000000000000e+00,0.000000000000000000e+00,0.000000000000000000e+00
1.737249999999999872e+01,0.000000000000000000e+00,0.000000000000000000e+00,0.000000000000000000e+00
1.737750000000000128e+01,0.000000000000000000e+00,0.000000000000000000e+00,0.000000000000000000e+00
1.738250000000000028e+01,0.000000000000000000e+00,0.000000000000000000e+00,0.000000000000000000e+00
1.738749999999999929e+01,0.000000000000000000e+00,0.000000000000000000e+00,0.000000000000000000e+00
1.739250000000000185e+01,0.000000000000000000e+00,0.000000000000000000e+00,0.000000000000000000e+00
1.739750000000000085e+01,0.000000000000000000e+00,0.000000000000000000e+00,0.000000000000000000e+00
1.740249999999999986e+01,0.000000000000000000e+00,0.000000000000000000e+00,0.000000000000000000e+00
1.740749999999999886e+01,0.000000000000000000e+00,0.000000000000000000e+00,0.000000000000000000e+00
1.741250000000000142e+01,0.000000000000000000e+00,0.000000000000000000e+00,0.000000000000000000e+00
1.741750000000000043e+01,0.000000000000000000e+00,0.000000000000000000e+00,0.000000000000000000e+00
1.742249999999999943e+01,0.000000000000000000e+00,0.000000000000000000e+00,0.000000000000000000e+00
1.742750000000000199e+01,0.000000000000000000e+00,0.000000000000000000e+00,0.000000000000000000e+00
1.743250000000000099e+01,0.000000000000000000e+00,0.000000000000000000e+00,0.000000000000000000e+00
1.743750000000000000e+01,0.000000000000000000e+00,0.000000000000000000e+00,0.000000000000000000e+00
1.744249999999999901e+01,0.000000000000000000e+00,0.000000000000000000e+00,0.000000000000000000e+00
1.744750000000000156e+01,0.000000000000000000e+00,0.000000000000000000e+00,0.000000000000000000e+00
1.745250000000000057e+01,0.000000000000000000e+00,0.000000000000000000e+00,0.000000000000000000e+00
1.745749999999999957e+01,0.000000000000000000e+00,0.000000000000000000e+00,0.000000000000000000e+00
1.746250000000000213e+01,0.000000000000000000e+00,0.000000000000000000e+00,0.000000000000000000e+00
1.746750000000000114e+01,0.000000000000000000e+00,0.000000000000000000e+00,0.000000000000000000e+00
1.747250000000000014e+01,0.000000000000000000e+00,0.000000000000000000e+00,0.000000000000000000e+00
1.747749999999999915e+01,0.000000000000000000e+00,0.000000000000000000e+00,0.000000000000000000e+00
1.748250000000000171e+01,0.000000000000000000e+00,0.000000000000000000e+00,0.000000000000000000e+00
1.748750000000000071e+01,0.000000000000000000e+00,0.000000000000000000e+00,0.000000000000000000e+00
1.749249999999999972e+01,0.000000000000000000e+00,0.000000000000000000e+00,0.000000000000000000e+00
1.749749999999999872e+01,0.000000000000000000e+00,0.000000000000000000e+00,0.000000000000000000e+00
1.750250000000000128e+01,0.000000000000000000e+00,0.000000000000000000e+00,0.000000000000000000e+00
1.750750000000000028e+01,0.000000000000000000e+00,0.000000000000000000e+00,0.000000000000000000e+00
1.751249999999999929e+01,0.000000000000000000e+00,0.000000000000000000e+00,0.000000000000000000e+00
1.751750000000000185e+01,0.000000000000000000e+00,0.000000000000000000e+00,0.000000000000000000e+00
1.752250000000000085e+01,0.000000000000000000e+00,0.000000000000000000e+00,0.000000000000000000e+00
1.752749999999999986e+01,0.000000000000000000e+00,0.000000000000000000e+00,0.000000000000000000e+00
1.753249999999999886e+01,0.000000000000000000e+00,0.000000000000000000e+00,0.000000000000000000e+00
1.753750000000000142e+01,0.000000000000000000e+00,0.000000000000000000e+00,0.000000000000000000e+00
1.754250000000000043e+01,0.000000000000000000e+00,0.000000000000000000e+00,0.000000000000000000e+00
1.754749999999999943e+01,0.000000000000000000e+00,0.000000000000000000e+00,0.000000000000000000e+00
1.755250000000000199e+01,0.000000000000000000e+00,0.000000000000000000e+00,0.000000000000000000e+00
1.755750000000000099e+01,0.000000000000000000e+00,0.000000000000000000e+00,0.000000000000000000e+00
1.756250000000000000e+01,0.000000000000000000e+00,0.000000000000000000e+00,0.000000000000000000e+00
1.756749999999999901e+01,0.000000000000000000e+00,0.000000000000000000e+00,0.000000000000000000e+00
1.757250000000000156e+01,0.000000000000000000e+00,0.000000000000000000e+00,0.000000000000000000e+00
1.757750000000000057e+01,0.000000000000000000e+00,0.000000000000000000e+00,0.000000000000000000e+00
1.758249999999999957e+01,0.000000000000000000e+00,0.000000000000000000e+00,0.000000000000000000e+00
1.758750000000000213e+01,0.000000000000000000e+00,0.000000000000000000e+00,0.000000000000000000e+00
1.759250000000000114e+01,0.000000000000000000e+00,0.000000000000000000e+00,0.000000000000000000e+00
1.759750000000000014e+01,0.000000000000000000e+00,0.000000000000000000e+00,0.000000000000000000e+00
1.760249999999999915e+01,0.000000000000000000e+00,0.000000000000000000e+00,0.000000000000000000e+00
1.760750000000000171e+01,0.000000000000000000e+00,0.000000000000000000e+00,0.000000000000000000e+00
1.761250000000000071e+01,0.000000000000000000e+00,0.000000000000000000e+00,0.000000000000000000e+00
1.761749999999999972e+01,0.000000000000000000e+00,0.000000000000000000e+00,0.000000000000000000e+00
1.762249999999999872e+01,0.000000000000000000e+00,0.000000000000000000e+00,0.000000000000000000e+00
1.762750000000000128e+01,0.000000000000000000e+00,0.000000000000000000e+00,0.000000000000000000e+00
1.763250000000000028e+01,0.000000000000000000e+00,0.000000000000000000e+00,0.000000000000000000e+00
1.763749999999999929e+01,0.000000000000000000e+00,0.000000000000000000e+00,0.000000000000000000e+00
1.764250000000000185e+01,0.000000000000000000e+00,0.000000000000000000e+00,0.000000000000000000e+00
1.764750000000000085e+01,0.000000000000000000e+00,0.000000000000000000e+00,0.000000000000000000e+00
1.765249999999999986e+01,0.000000000000000000e+00,0.000000000000000000e+00,0.000000000000000000e+00
1.765749999999999886e+01,0.000000000000000000e+00,0.000000000000000000e+00,0.000000000000000000e+00
1.766250000000000142e+01,0.000000000000000000e+00,0.000000000000000000e+00,0.000000000000000000e+00
1.766750000000000043e+01,0.000000000000000000e+00,0.000000000000000000e+00,0.000000000000000000e+00
1.767249999999999943e+01,0.000000000000000000e+00,0.000000000000000000e+00,0.000000000000000000e+00
1.767750000000000199e+01,0.000000000000000000e+00,0.000000000000000000e+00,0.000000000000000000e+00
1.768250000000000099e+01,0.000000000000000000e+00,0.000000000000000000e+00,0.000000000000000000e+00
1.768750000000000000e+01,0.000000000000000000e+00,0.000000000000000000e+00,0.000000000000000000e+00
1.769249999999999901e+01,0.000000000000000000e+00,0.000000000000000000e+00,0.000000000000000000e+00
1.769750000000000156e+01,0.000000000000000000e+00,0.000000000000000000e+00,0.000000000000000000e+00
1.770250000000000057e+01,0.000000000000000000e+00,0.000000000000000000e+00,0.000000000000000000e+00
1.770749999999999957e+01,0.000000000000000000e+00,0.000000000000000000e+00,0.000000000000000000e+00
1.771250000000000213e+01,0.000000000000000000e+00,0.000000000000000000e+00,0.000000000000000000e+00
1.771750000000000114e+01,0.000000000000000000e+00,0.000000000000000000e+00,0.000000000000000000e+00
1.772250000000000014e+01,0.000000000000000000e+00,0.000000000000000000e+00,0.000000000000000000e+00
1.772749999999999915e+01,0.000000000000000000e+00,0.000000000000000000e+00,0.000000000000000000e+00
1.773250000000000171e+01,0.000000000000000000e+00,0.000000000000000000e+00,0.000000000000000000e+00
1.773750000000000071e+01,0.000000000000000000e+00,0.000000000000000000e+00,0.000000000000000000e+00
1.774249999999999972e+01,0.000000000000000000e+00,0.000000000000000000e+00,0.000000000000000000e+00
1.774749999999999872e+01,0.000000000000000000e+00,0.000000000000000000e+00,0.000000000000000000e+00
1.775250000000000128e+01,0.000000000000000000e+00,0.000000000000000000e+00,0.000000000000000000e+00
1.775750000000000028e+01,0.000000000000000000e+00,0.000000000000000000e+00,0.000000000000000000e+00
1.776249999999999929e+01,0.000000000000000000e+00,0.000000000000000000e+00,0.000000000000000000e+00
1.776750000000000185e+01,0.000000000000000000e+00,0.000000000000000000e+00,0.000000000000000000e+00
1.777250000000000085e+01,0.000000000000000000e+00,0.000000000000000000e+00,0.000000000000000000e+00
1.777749999999999986e+01,0.000000000000000000e+00,0.000000000000000000e+00,0.000000000000000000e+00
1.778249999999999886e+01,0.000000000000000000e+00,0.000000000000000000e+00,0.000000000000000000e+00
1.778750000000000142e+01,0.000000000000000000e+00,0.000000000000000000e+00,0.000000000000000000e+00
1.779250000000000043e+01,0.000000000000000000e+00,0.000000000000000000e+00,0.000000000000000000e+00
1.779749999999999943e+01,0.000000000000000000e+00,0.000000000000000000e+00,0.000000000000000000e+00
1.780250000000000199e+01,0.000000000000000000e+00,0.000000000000000000e+00,0.000000000000000000e+00
1.780750000000000099e+01,0.000000000000000000e+00,0.000000000000000000e+00,0.000000000000000000e+00
1.781250000000000000e+01,0.000000000000000000e+00,0.000000000000000000e+00,0.000000000000000000e+00
1.781749999999999901e+01,0.000000000000000000e+00,0.000000000000000000e+00,0.000000000000000000e+00
1.782250000000000156e+01,0.000000000000000000e+00,0.000000000000000000e+00,0.000000000000000000e+00
1.782750000000000057e+01,0.000000000000000000e+00,0.000000000000000000e+00,0.000000000000000000e+00
1.783249999999999957e+01,0.000000000000000000e+00,0.000000000000000000e+00,0.000000000000000000e+00
1.783750000000000213e+01,0.000000000000000000e+00,0.000000000000000000e+00,0.000000000000000000e+00
1.784250000000000114e+01,0.000000000000000000e+00,0.000000000000000000e+00,0.000000000000000000e+00
1.784750000000000014e+01,0.000000000000000000e+00,0.000000000000000000e+00,0.000000000000000000e+00
1.785249999999999915e+01,0.000000000000000000e+00,0.000000000000000000e+00,0.000000000000000000e+00
1.785750000000000171e+01,0.000000000000000000e+00,0.000000000000000000e+00,0.000000000000000000e+00
1.786250000000000071e+01,0.000000000000000000e+00,0.000000000000000000e+00,0.000000000000000000e+00
1.786749999999999972e+01,0.000000000000000000e+00,0.000000000000000000e+00,0.000000000000000000e+00
1.787249999999999872e+01,0.000000000000000000e+00,0.000000000000000000e+00,0.000000000000000000e+00
1.787750000000000128e+01,0.000000000000000000e+00,0.000000000000000000e+00,0.000000000000000000e+00
1.788250000000000028e+01,0.000000000000000000e+00,0.000000000000000000e+00,0.000000000000000000e+00
1.788749999999999929e+01,0.000000000000000000e+00,0.000000000000000000e+00,0.000000000000000000e+00
1.789250000000000185e+01,0.000000000000000000e+00,0.000000000000000000e+00,0.000000000000000000e+00
1.789750000000000085e+01,0.000000000000000000e+00,0.000000000000000000e+00,0.000000000000000000e+00
1.790249999999999986e+01,0.000000000000000000e+00,0.000000000000000000e+00,0.000000000000000000e+00
1.790749999999999886e+01,0.000000000000000000e+00,0.000000000000000000e+00,0.000000000000000000e+00
1.791250000000000142e+01,0.000000000000000000e+00,0.000000000000000000e+00,0.000000000000000000e+00
1.791750000000000043e+01,0.000000000000000000e+00,0.000000000000000000e+00,0.000000000000000000e+00
1.792249999999999943e+01,0.000000000000000000e+00,0.000000000000000000e+00,0.000000000000000000e+00
1.792750000000000199e+01,0.000000000000000000e+00,0.000000000000000000e+00,0.000000000000000000e+00
1.793250000000000099e+01,0.000000000000000000e+00,0.000000000000000000e+00,0.000000000000000000e+00
1.793750000000000000e+01,0.000000000000000000e+00,0.000000000000000000e+00,0.000000000000000000e+00
1.794249999999999901e+01,0.000000000000000000e+00,0.000000000000000000e+00,0.000000000000000000e+00
1.794750000000000156e+01,0.000000000000000000e+00,0.000000000000000000e+00,0.000000000000000000e+00
1.795250000000000057e+01,0.000000000000000000e+00,0.000000000000000000e+00,0.000000000000000000e+00
1.795749999999999957e+01,0.000000000000000000e+00,0.000000000000000000e+00,0.000000000000000000e+00
1.796250000000000213e+01,0.000000000000000000e+00,0.000000000000000000e+00,0.000000000000000000e+00
1.796750000000000114e+01,0.000000000000000000e+00,0.000000000000000000e+00,0.000000000000000000e+00
1.797250000000000014e+01,0.000000000000000000e+00,0.000000000000000000e+00,0.000000000000000000e+00
1.797749999999999915e+01,0.000000000000000000e+00,0.000000000000000000e+00,0.000000000000000000e+00
1.798250000000000171e+01,0.000000000000000000e+00,0.000000000000000000e+00,0.000000000000000000e+00
1.798750000000000071e+01,0.000000000000000000e+00,0.000000000000000000e+00,0.000000000000000000e+00
1.799249999999999972e+01,0.000000000000000000e+00,0.000000000000000000e+00,0.000000000000000000e+00
1.799749999999999872e+01,0.000000000000000000e+00,0.000000000000000000e+00,0.000000000000000000e+00
