length,probability_a,probability_b,optimal_lipschitz_function
0.000000000000000000e+00,4.135635824764049929e-28,2.151694418629356749e-253,0.000000000000000000e+00
5.000000000000000104e-03,3.455183256932835694e-27,1.383465110248254083e-250,-5.000000000000000104e-03
1.000000000000000021e-02,1.376633496979658303e-26,4.445709363765621026e-248,-1.000000000000000021e-02
1.499999999999999944e-02,1.788814382861730489e-27,9.520024877217684415e-246,-1.499999999999999944e-02
2.000000000000000042e-02,1.330592340388540810e-27,1.528311795216834193e-243,-2.000000000000000042e-02
2.500000000000000139e-02,1.762114959446470647e-27,1.961966646283714462e-241,-2.500000000000000139e-02
2.999999999999999889e-02,9.940759910839695284e-28,2.098002490559753017e-239,-3.000000000000000236e-02
3.500000000000000333e-02,2.717424706447551850e-28,1.922160919922623593e-237,-3.500000000000000333e-02
4.000000000000000083e-02,5.442145540368608970e-28,1.540273621328199108e-235,-4.000000000000000083e-02
4.499999999999999833e-02,5.187060847724184893e-29,1.096654969898486303e-233,-4.499999999999999833e-02
5.000000000000000278e-02,3.485006754266811330e-27,7.024272619128367846e-232,-4.999999999999999584e-02
5.500000000000000028e-02,1.313542943462276839e-27,4.088433225499760678e-230,-5.499999999999999334e-02
5.999999999999999778e-02,3.979343129671796022e-27,2.180424080790853299e-228,-5.999999999999999084e-02
6.500000000000000222e-02,3.674769270901440367e-29,1.072951715909607429e-226,-6.499999999999998834e-02
7.000000000000000666e-02,2.266370470800566804e-27,4.900632564129666463e-225,-6.999999999999999278e-02
7.499999999999999722e-02,8.088978061734166496e-28,2.088230820720783093e-223,-7.499999999999999722e-02
8.000000000000000167e-02,1.828389966046121988e-27,8.338615345629147397e-222,-8.000000000000000167e-02
8.500000000000000611e-02,5.831230549678556357e-27,3.132552994885870424e-220,-8.500000000000000611e-02
8.999999999999999667e-02,1.114651412420594223e-27,1.110957634455067691e-218,-9.000000000000001055e-02
9.500000000000000111e-02,2.106139548659875846e-28,3.731073663574251321e-217,-9.500000000000001499e-02
1.000000000000000056e-01,3.054141966501938309e-27,1.189904995041709399e-215,-1.000000000000000194e-01
1.049999999999999961e-01,1.500861751694836975e-27,3.612602415324027138e-214,-1.050000000000000239e-01
1.100000000000000006e-01,6.050193853334551297e-27,1.046510426338012096e-212,-1.100000000000000283e-01
1.150000000000000050e-01,2.450090826958938160e-27,2.898550526879470320e-211,-1.150000000000000328e-01
1.199999999999999956e-01,2.724442944552888637e-27,7.690490615399968072e-210,-1.200000000000000372e-01
1.250000000000000000e-01,6.853114321509645677e-27,1.958023472352920458e-208,-1.250000000000000278e-01
1.300000000000000044e-01,6.401104301295894746e-27,4.791461756530180424e-207,-1.300000000000000322e-01
1.350000000000000089e-01,2.414988717969135513e-27,1.128619496723619124e-205,-1.350000000000000366e-01
1.400000000000000133e-01,6.862473346912087562e-27,2.562434605264202089e-204,-1.400000000000000411e-01
1.449999999999999900e-01,1.496336977158621180e-27,5.614850990060434356e-203,-1.450000000000000455e-01
1.499999999999999944e-01,5.222401475027294239e-27,1.188832782796801771e-201,-1.500000000000000500e-01
1.549999999999999989e-01,2.897771016643184716e-27,2.434912736475685002e-200,-1.550000000000000544e-01
1.600000000000000033e-01,5.102892120643064053e-27,4.829236309299352455e-199,-1.600000000000000588e-01
1.650000000000000078e-01,2.385906384053106334e-27,9.283899785505007264e-198,-1.650000000000000633e-01
1.700000000000000122e-01,6.872909737629891154e-28,1.731563912305647571e-196,-1.700000000000000677e-01
1.750000000000000167e-01,5.331252933345238153e-27,3.136019353725908624e-195,-1.750000000000000722e-01
1.799999999999999933e-01,3.527677567291034193e-28,5.519578567153358980e-194,-1.800000000000000766e-01
1.849999999999999978e-01,3.378231181771160845e-27,9.448339616328772823e-193,-1.850000000000000810e-01
1.900000000000000022e-01,3.120389735191785989e-27,1.574145936047245898e-191,-1.900000000000000855e-01
1.950000000000000067e-01,4.968742469434777238e-27,2.554320876636803766e-190,-1.950000000000000899e-01
2.000000000000000111e-01,4.445063415708120521e-28,4.039547158440923443e-189,-2.000000000000000944e-01
2.050000000000000155e-01,3.345134317518213829e-27,6.230004780490571070e-188,-2.050000000000000988e-01
2.099999999999999922e-01,6.078461508567838831e-27,9.375645030532976840e-187,-2.100000000000001033e-01
2.149999999999999967e-01,3.053947312192574601e-28,1.377581999710874863e-185,-2.150000000000001077e-01
2.200000000000000011e-01,9.059869483959736133e-28,1.977299301145817702e-184,-2.200000000000001121e-01
2.250000000000000056e-01,5.603548923810439712e-27,2.773898586900947339e-183,-2.250000000000001166e-01
2.300000000000000100e-01,9.669888521534649632e-27,3.805280337844720612e-182,-2.300000000000001210e-01
2.350000000000000144e-01,9.933337616281653961e-28,5.107003042535720452e-181,-2.350000000000001255e-01
2.399999999999999911e-01,2.095848284751404297e-26,6.708505548192977634e-180,-2.400000000000001299e-01
2.449999999999999956e-01,3.030077421608065619e-27,8.628878868897488946e-179,-2.450000000000001343e-01
2.500000000000000000e-01,1.317779990823544830e-27,1.087258923600887208e-177,-2.500000000000001110e-01
2.550000000000000044e-01,1.762099033159287410e-27,1.342565673515465562e-176,-2.550000000000001155e-01
2.600000000000000089e-01,3.629494969792557063e-27,1.625283885602083868e-175,-2.600000000000001199e-01
2.650000000000000133e-01,5.856661185299855469e-28,1.929633683206837149e-174,-2.650000000000001243e-01
2.700000000000000178e-01,1.895802011400547395e-28,2.247642723438982440e-173,-2.700000000000001288e-01
2.750000000000000222e-01,5.427838147898353628e-28,2.569422891583038701e-172,-2.750000000000001332e-01
2.800000000000000266e-01,1.551698861036248349e-27,2.883656806478122324e-171,-2.800000000000001377e-01
2.850000000000000311e-01,2.985704078139504257e-28,3.178263603726704927e-170,-2.850000000000001421e-01
2.899999999999999800e-01,1.158244019686909160e-27,3.441188664835334013e-169,-2.900000000000001465e-01
2.949999999999999845e-01,3.137397815815507176e-27,3.661243186409251016e-168,-2.950000000000001510e-01
2.999999999999999889e-01,1.005156535156851429e-27,3.828909919338364999e-167,-3.000000000000001554e-01
3.049999999999999933e-01,2.275867274907854949e-28,3.937032793190303638e-166,-3.050000000000001599e-01
3.099999999999999978e-01,6.369239476806629453e-28,3.981320431176910995e-165,-3.100000000000001643e-01
3.150000000000000022e-01,1.465145442370982061e-27,3.960614936970453735e-164,-3.150000000000001688e-01
3.200000000000000067e-01,1.333855428367025524e-26,3.876904553373407213e-163,-3.200000000000001732e-01
3.250000000000000111e-01,4.387096165278503858e-27,3.735087796533484755e-162,-3.250000000000001776e-01
3.300000000000000155e-01,5.220516621501018285e-27,3.542523317358029369e-161,-3.300000000000001821e-01
3.350000000000000200e-01,3.851457957767859129e-27,3.308420512570878589e-160,-3.350000000000001865e-01
3.400000000000000244e-01,1.529377002115585589e-27,3.043138435982250755e-159,-3.400000000000001910e-01
3.450000000000000289e-01,3.022043732837656076e-27,2.757463918958194377e-158,-3.450000000000001954e-01
3.500000000000000333e-01,2.210465677472573747e-27,2.461934509752944204e-157,-3.500000000000001998e-01
3.549999999999999822e-01,3.578009028378215974e-27,2.166259586486459882e-156,-3.550000000000002043e-01
3.599999999999999867e-01,4.956058408845180184e-27,1.878876260368633845e-155,-3.600000000000002087e-01
3.649999999999999911e-01,1.975317529603492437e-27,1.606658215948089905e-154,-3.650000000000002132e-01
3.699999999999999956e-01,2.436042322402105568e-27,1.354778002671060205e-153,-3.700000000000002176e-01
3.750000000000000000e-01,2.320232035589566992e-28,1.126708527068093340e-152,-3.750000000000002220e-01
3.800000000000000044e-01,5.774901949824407988e-28,9.243388825904220038e-152,-3.800000000000002265e-01
3.850000000000000089e-01,1.928005127158878893e-27,7.481736858863020822e-151,-3.850000000000002309e-01
3.900000000000000133e-01,1.743714370633104653e-27,5.975835478675464300e-150,-3.900000000000002354e-01
3.950000000000000178e-01,9.233048890122390546e-28,4.710764496780405055e-149,-3.950000000000002398e-01
4.000000000000000222e-01,4.444870364336563500e-27,3.665645635238520432e-148,-4.000000000000002442e-01
4.050000000000000266e-01,2.103206977556391060e-27,2.816073108551144706e-147,-4.050000000000002487e-01
4.100000000000000311e-01,3.558791969881645326e-27,2.136181281402080596e-146,-4.100000000000002531e-01
4.150000000000000355e-01,5.922398962083912244e-27,1.600286657661230056e-145,-4.150000000000002576e-01
4.199999999999999845e-01,4.571095891827739215e-27,1.184094003937747668e-144,-4.200000000000002620e-01
4.249999999999999889e-01,4.146304727205675092e-27,8.654959191939090752e-144,-4.250000000000002665e-01
4.299999999999999933e-01,1.440797805121656067e-27,6.250209844995387581e-143,-4.300000000000002709e-01
4.349999999999999978e-01,1.061947442369007696e-27,4.459989133362376786e-142,-4.350000000000002753e-01
4.400000000000000022e-01,2.071593875094932348e-28,3.145141464198812521e-141,-4.400000000000002798e-01
4.450000000000000067e-01,3.923684771300831849e-27,2.192148680119762086e-140,-4.450000000000002842e-01
4.500000000000000111e-01,3.989520550388445906e-27,1.510352331768943650e-139,-4.500000000000002887e-01
4.550000000000000155e-01,5.951199851350562955e-29,1.028771128444688754e-138,-4.550000000000002931e-01
4.600000000000000200e-01,9.995641468118037430e-27,6.928578107736884957e-138,-4.600000000000002975e-01
4.650000000000000244e-01,3.406806033645805789e-28,4.614299757464511754e-137,-4.650000000000003020e-01
4.700000000000000289e-01,6.555201171645756524e-28,3.039164552174639052e-136,-4.700000000000003064e-01
4.750000000000000333e-01,8.414723659434091028e-28,1.979879114977976543e-135,-4.750000000000003109e-01
4.799999999999999822e-01,7.911845715807773948e-27,1.275873086732651673e-134,-4.800000000000003153e-01
4.849999999999999867e-01,5.957024983459334922e-27,8.134070236221561898e-134,-4.850000000000003197e-01
4.899999999999999911e-01,1.683595139344092221e-28,5.130814686645497413e-133,-4.900000000000003242e-01
4.949999999999999956e-01,2.614381482939450456e-27,3.202492358691387285e-132,-4.950000000000003286e-01
5.000000000000000000e-01,2.533457346320619438e-27,1.978143167089598793e-131,-5.000000000000003331e-01
5.050000000000000044e-01,2.473450569314713350e-28,1.209313175518332765e-130,-5.050000000000003375e-01
5.100000000000000089e-01,8.610723408497787675e-28,7.317690552153922402e-130,-5.100000000000003419e-01
5.150000000000000133e-01,3.091765587984301924e-28,4.383342451176971905e-129,-5.150000000000003464e-01
5.200000000000000178e-01,1.384815770809503722e-27,2.599405153041508153e-128,-5.200000000000003508e-01
5.250000000000000222e-01,1.999931202764131336e-27,1.526230351625473802e-127,-5.250000000000003553e-01
5.300000000000000266e-01,6.706593698881987745e-28,8.873261791439867188e-127,-5.300000000000003597e-01
5.350000000000000311e-01,3.059358209958666321e-28,5.108606179238981161e-126,-5.350000000000003642e-01
5.400000000000000355e-01,1.247619982020948573e-29,2.912832939667960183e-125,-5.400000000000003686e-01
5.450000000000000400e-01,1.737268067717154021e-27,1.644978236730404195e-124,-5.450000000000003730e-01
5.500000000000000444e-01,3.904802906850922409e-27,9.201802029879354637e-124,-5.500000000000003775e-01
5.550000000000000488e-01,1.835676950789589813e-27,5.099056510657038370e-123,-5.550000000000003819e-01
5.600000000000000533e-01,2.567588755554042898e-27,2.799280329619616220e-122,-5.600000000000003864e-01
5.650000000000000577e-01,4.576755636597312040e-27,1.522570382735572150e-121,-5.650000000000003908e-01
5.700000000000000622e-01,1.785223021198231994e-28,8.205725041854984649e-121,-5.700000000000003952e-01
5.750000000000000666e-01,1.059509038107367375e-26,4.382265912497737944e-120,-5.750000000000003997e-01
5.799999999999999600e-01,6.810034892539768029e-28,2.319293349891099232e-119,-5.800000000000004041e-01
5.849999999999999645e-01,2.996408551791001019e-27,1.216522851668564349e-118,-5.850000000000004086e-01
5.899999999999999689e-01,5.876797709229355733e-28,6.324473619693876105e-118,-5.900000000000004130e-01
5.949999999999999734e-01,1.385068086553468491e-27,3.259112728101903977e-117,-5.950000000000004174e-01
5.999999999999999778e-01,8.953391613459502978e-28,1.664853782754878311e-116,-6.000000000000004219e-01
6.049999999999999822e-01,1.662144660016265864e-27,8.431111946660530129e-116,-6.050000000000004263e-01
6.099999999999999867e-01,4.713471346723603914e-27,4.233070360965443112e-115,-6.100000000000004308e-01
6.149999999999999911e-01,2.865717974283911359e-28,2.107256179843629127e-114,-6.150000000000004352e-01
6.199999999999999956e-01,3.881163923319256814e-27,1.040157905750909350e-113,-6.200000000000004396e-01
6.250000000000000000e-01,6.947831204712348643e-27,5.091312004059096502e-113,-6.250000000000004441e-01
6.300000000000000044e-01,2.974969673191239600e-26,2.471363395091566539e-112,-6.300000000000004485e-01
6.350000000000000089e-01,2.947467595391590263e-27,1.189727465470614810e-111,-6.350000000000004530e-01
6.400000000000000133e-01,3.797252480499829527e-27,5.680537572211350487e-111,-6.400000000000004574e-01
6.450000000000000178e-01,7.715718598589743914e-28,2.690228249225632022e-110,-6.450000000000004619e-01
6.500000000000000222e-01,4.555689667567141612e-27,1.263783922054056314e-109,-6.500000000000004663e-01
6.550000000000000266e-01,3.104025974612891408e-27,5.889336781285047123e-109,-6.550000000000004707e-01
6.600000000000000311e-01,4.306621925875455794e-27,2.722671793620303462e-108,-6.600000000000004752e-01
6.650000000000000355e-01,3.265148412425940525e-27,1.248776221795696640e-107,-6.650000000000004796e-01
6.700000000000000400e-01,8.792118663970227134e-28,5.682757064313543255e-107,-6.700000000000004841e-01
6.750000000000000444e-01,1.214987223839649901e-27,2.565919642918972206e-106,-6.750000000000004885e-01
6.800000000000000488e-01,2.588858069543950851e-27,1.149636372707089629e-105,-6.800000000000004929e-01
6.850000000000000533e-01,3.784707356336030036e-28,5.111343481904200267e-105,-6.850000000000004974e-01
6.900000000000000577e-01,1.545974729980816224e-27,2.255225974639172813e-104,-6.900000000000005018e-01
6.950000000000000622e-01,2.659371011192280167e-28,9.875258159604384515e-104,-6.950000000000005063e-01
7.000000000000000666e-01,1.787214514545734716e-27,4.291734871105336404e-103,-7.000000000000005107e-01
7.049999999999999600e-01,1.402610304603585988e-28,1.851252532206557927e-102,-7.050000000000005151e-01
7.099999999999999645e-01,4.779381485209400651e-28,7.926268975863366446e-102,-7.100000000000005196e-01
7.149999999999999689e-01,5.104468721950531421e-28,3.368712942501581037e-101,-7.150000000000005240e-01
7.199999999999999734e-01,3.060889324917113309e-32,1.421257147936062763e-100,-7.200000000000005285e-01
7.249999999999999778e-01,2.251822258507854684e-27,5.952725837670041196e-100,-7.250000000000005329e-01
7.299999999999999822e-01,3.117115225868485192e-27,2.475223835645907162e-99,-7.300000000000005373e-01
7.349999999999999867e-01,1.996506483724564075e-28,1.021854328590182706e-98,-7.350000000000005418e-01
7.399999999999999911e-01,7.800983261231074210e-28,4.188511092681669935e-98,-7.400000000000005462e-01
7.449999999999999956e-01,2.778301336460311276e-28,1.704694297138392650e-97,-7.450000000000005507e-01
7.500000000000000000e-01,4.036783082422201552e-27,6.889206857653931767e-97,-7.500000000000005551e-01
7.550000000000000044e-01,1.103215474343435200e-26,2.764695348757019528e-96,-7.550000000000005596e-01
7.600000000000000089e-01,3.986278251467964085e-27,1.101792683993391160e-95,-7.600000000000005640e-01
7.650000000000000133e-01,8.588892224157734400e-29,4.360597369213007227e-95,-7.650000000000005684e-01
7.700000000000000178e-01,1.786098201373322330e-29,1.713974298023998043e-94,-7.700000000000005729e-01
7.750000000000000222e-01,2.290377176433210995e-27,6.691035049787730334e-94,-7.750000000000005773e-01
7.800000000000000266e-01,9.675733704340379585e-28,2.594365868981808602e-93,-7.800000000000005818e-01
7.850000000000000311e-01,5.194180933937844788e-28,9.991623495146091304e-93,-7.850000000000005862e-01
7.900000000000000355e-01,7.944198719870005320e-27,3.822307270285362544e-92,-7.900000000000005906e-01
7.950000000000000400e-01,2.245559516416706523e-27,1.452504156742241815e-91,-7.950000000000005951e-01
8.000000000000000444e-01,1.157579800349009905e-28,5.483132723212566229e-91,-8.000000000000005995e-01
8.050000000000000488e-01,4.996860313410028958e-27,2.056254384171400563e-90,-8.050000000000006040e-01
8.100000000000000533e-01,2.379451257145295692e-27,7.660877949172075253e-90,-8.100000000000006084e-01
8.150000000000000577e-01,6.880486248859889546e-28,2.835636573292783877e-89,-8.150000000000006128e-01
8.200000000000000622e-01,1.019637446061022062e-28,1.042820164713227116e-88,-8.200000000000006173e-01
8.250000000000000666e-01,5.819478491262350777e-27,3.810407295014434970e-88,-8.250000000000006217e-01
8.300000000000000711e-01,3.282135134714299566e-27,1.383415429725761317e-87,-8.300000000000006262e-01
8.349999999999999645e-01,1.523356700561183448e-27,4.990786385655563765e-87,-8.350000000000006306e-01
8.399999999999999689e-01,2.217011944776899117e-27,1.789106635945635142e-86,-8.400000000000006350e-01
8.449999999999999734e-01,1.331692153111198348e-27,6.373381153222892216e-86,-8.450000000000006395e-01
8.499999999999999778e-01,6.790577151315030178e-27,2.256240224356786863e-85,-8.500000000000006439e-01
8.549999999999999822e-01,4.199330405770820561e-27,7.937756011616549311e-85,-8.550000000000006484e-01
8.599999999999999867e-01,8.487333763668214407e-29,2.775377874888727219e-84,-8.600000000000006528e-01
8.649999999999999911e-01,1.692286228209969514e-27,9.644357486074161238e-84,-8.650000000000006573e-01
8.699999999999999956e-01,4.648406501410021085e-28,3.330933360097586078e-83,-8.700000000000006617e-01
8.750000000000000000e-01,1.417386149542756016e-27,1.143443083708289947e-82,-8.750000000000006661e-01
8.800000000000000044e-01,4.490510975774244392e-27,3.901516583619815390e-82,-8.800000000000006706e-01
8.850000000000000089e-01,9.842285186528865685e-28,1.323234553264453667e-81,-8.850000000000006750e-01
8.900000000000000133e-01,6.774867924290069650e-28,4.461066464790645564e-81,-8.900000000000006795e-01
8.950000000000000178e-01,2.532328772934049545e-29,1.495040297289821292e-80,-8.950000000000006839e-01
9.000000000000000222e-01,2.651355710396520773e-28,4.980731770333032707e-80,-9.000000000000006883e-01
9.050000000000000266e-01,4.392817096851561883e-28,1.649578605822329231e-79,-9.050000000000006928e-01
9.100000000000000311e-01,5.924547109632129801e-28,5.431326244257892334e-79,-9.100000000000006972e-01
9.150000000000000355e-01,1.981364981914585162e-27,1.777890630830595273e-78,-9.150000000000007017e-01
9.200000000000000400e-01,4.619073841635983008e-27,5.786068715870135318e-78,-9.200000000000007061e-01
9.250000000000000444e-01,6.544159084022060927e-27,1.872209764238490219e-77,-9.250000000000007105e-01
9.300000000000000488e-01,7.951284895437864472e-27,6.023246507118283143e-77,-9.300000000000007150e-01
9.350000000000000533e-01,7.187171843721067760e-27,1.926746971173139124e-76,-9.350000000000007194e-01
9.400000000000000577e-01,1.796652448396096088e-27,6.128429825756093074e-76,-9.400000000000007239e-01
9.450000000000000622e-01,9.010386194852138527e-28,1.938280703846554241e-75,-9.450000000000007283e-01
9.500000000000000666e-01,6.099856874676445724e-28,6.095921366692415804e-75,-9.500000000000007327e-01
9.550000000000000711e-01,9.958916585716906069e-27,1.906467687093306930e-74,-9.550000000000007372e-01
9.599999999999999645e-01,1.795899633330415764e-27,5.929239635664170440e-74,-9.600000000000007416e-01
9.649999999999999689e-01,1.465972883682201419e-28,1.833833696748180349e-73,-9.650000000000007461e-01
9.699999999999999734e-01,1.941731586486659444e-28,5.640584279860187918e-73,-9.700000000000007505e-01
9.749999999999999778e-01,3.512214327946769979e-28,1.725452954447515856e-72,-9.750000000000007550e-01
9.799999999999999822e-01,5.956929579688171428e-27,5.249387186663663653e-72,-9.800000000000007594e-01
9.849999999999999867e-01,2.108545875737292963e-27,1.588371178802292295e-71,-9.850000000000007638e-01
9.899999999999999911e-01,2.761832764571658760e-27,4.780184220964308129e-71,-9.900000000000007683e-01
9.949999999999999956e-01,9.552619817585476852e-28,1.430861963310329865e-70,-9.950000000000007727e-01
1.000000000000000000e+00,6.490443340820420084e-28,4.260125824356821613e-70,-1.000000000000000666e+00
1.005000000000000115e+00,1.816596751722575182e-28,1.261623296112446035e-69,-1.005000000000000560e+00
1.010000000000000009e+00,4.801882105208896716e-27,3.716468487371053771e-69,-1.010000000000000453e+00
1.015000000000000124e+00,6.940050015620267653e-28,1.089019058820186811e-68,-1.015000000000000346e+00
1.020000000000000018e+00,7.693699860348429277e-27,3.174354759590850055e-68,-1.020000000000000240e+00
1.024999999999999911e+00,2.100900046463106978e-27,9.204516436268619808e-68,-1.025000000000000133e+00
1.030000000000000027e+00,1.794983323929036549e-27,2.655109943056749961e-67,-1.030000000000000027e+00
1.034999999999999920e+00,5.519146861084402268e-27,7.619218607325882430e-67,-1.034999999999999920e+00
1.040000000000000036e+00,5.042169269964104287e-27,2.175179157037638958e-66,-1.039999999999999813e+00
1.044999999999999929e+00,4.026764393687340745e-28,6.177979853538441804e-66,-1.044999999999999707e+00
1.050000000000000044e+00,1.577319927377061884e-27,1.745721193594466016e-65,-1.049999999999999600e+00
1.054999999999999938e+00,1.118879288347969436e-27,4.907837951802331542e-65,-1.054999999999999494e+00
1.060000000000000053e+00,3.925002708085688731e-27,1.372784530258338299e-64,-1.059999999999999387e+00
1.064999999999999947e+00,6.425920805992021259e-28,3.820508550794897481e-64,-1.064999999999999281e+00
1.070000000000000062e+00,2.953557611083387886e-27,1.057928527871309325e-63,-1.069999999999999174e+00
1.074999999999999956e+00,1.273316994387514841e-27,2.914858380580142862e-63,-1.074999999999999067e+00
1.080000000000000071e+00,7.084657342967861520e-28,7.991238750149682057e-63,-1.079999999999998961e+00
1.084999999999999964e+00,1.181704077850176622e-27,2.179996112264853142e-62,-1.084999999999998854e+00
1.090000000000000080e+00,1.330871732027827578e-28,5.917682534004641676e-62,-1.089999999999998748e+00
1.094999999999999973e+00,3.984622442504815310e-27,1.598494760397079157e-61,-1.094999999999998641e+00
1.100000000000000089e+00,1.052838871260546983e-27,4.296784551944570907e-61,-1.099999999999998535e+00
1.104999999999999982e+00,3.993568150893918317e-27,1.149364712416092910e-60,-1.104999999999998428e+00
1.110000000000000098e+00,6.290741324664011215e-28,3.059589020688678430e-60,-1.109999999999998321e+00
1.114999999999999991e+00,3.705519382033539060e-27,8.105283941973754874e-60,-1.114999999999998215e+00
1.120000000000000107e+00,1.164110529728230879e-28,2.136889926517483603e-59,-1.119999999999998108e+00
1.125000000000000000e+00,1.425567317391629748e-27,5.606781653823186368e-59,-1.124999999999998002e+00
1.130000000000000115e+00,5.089670019003703219e-28,1.464102314145533560e-58,-1.129999999999997895e+00
1.135000000000000009e+00,8.174817802199654212e-28,3.805083085644341571e-58,-1.134999999999997788e+00
1.140000000000000124e+00,3.264871294647944156e-28,9.842385292305648319e-58,-1.139999999999997682e+00
1.145000000000000018e+00,9.486218118324565646e-28,2.533894760119154844e-57,-1.144999999999997575e+00
1.150000000000000133e+00,1.052317749637256398e-27,6.492877337247632898e-57,-1.149999999999997469e+00
1.155000000000000027e+00,1.881027835731918177e-27,1.655978082220250281e-56,-1.154999999999997362e+00
1.159999999999999920e+00,1.485421961612995993e-28,4.203867392504811553e-56,-1.159999999999997256e+00
1.165000000000000036e+00,1.340084935940256463e-27,1.062254735377646494e-55,-1.164999999999997149e+00
1.169999999999999929e+00,9.886678097974207203e-29,2.671786334455395527e-55,-1.169999999999997042e+00
1.175000000000000044e+00,1.611281562291571666e-27,6.689231430389643570e-55,-1.174999999999996936e+00
1.179999999999999938e+00,7.792235663022707006e-28,1.667094308940567317e-54,-1.179999999999996829e+00
1.185000000000000053e+00,4.366887237823084744e-29,4.135818769218527210e-54,-1.184999999999996723e+00
1.189999999999999947e+00,5.166196470313804112e-28,1.021381723240175856e-53,-1.189999999999996616e+00
1.195000000000000062e+00,1.468425974174212579e-27,2.511005818845968717e-53,-1.194999999999996509e+00
1.199999999999999956e+00,1.935735354221592547e-28,6.145371597924350689e-53,-1.199999999999996403e+00
1.205000000000000071e+00,2.157639531529096418e-28,1.497259394119116829e-52,-1.204999999999996296e+00
1.209999999999999964e+00,1.686168140425861036e-28,3.631633591509613036e-52,-1.209999999999996190e+00
1.215000000000000080e+00,4.391061021178707672e-28,8.769415203069477834e-52,-1.214999999999996083e+00
1.219999999999999973e+00,4.966788482063390602e-28,2.108192971430807699e-51,-1.219999999999995977e+00
1.225000000000000089e+00,4.081194273125467234e-27,5.045783793712583911e-51,-1.224999999999995870e+00
1.229999999999999982e+00,6.113939979864552774e-28,1.202355325471323487e-50,-1.229999999999995763e+00
1.235000000000000098e+00,7.729347086060010395e-27,2.852530208692559719e-50,-1.234999999999995657e+00
1.239999999999999991e+00,3.700989153305765756e-27,6.737955717095735594e-50,-1.239999999999995550e+00
1.245000000000000107e+00,4.023315448319167676e-27,1.584651352232812123e-49,-1.244999999999995444e+00
1.250000000000000000e+00,2.405687350938578112e-28,3.710685174578256577e-49,-1.249999999999995337e+00
1.255000000000000115e+00,9.512512710303850566e-28,8.651599044318960286e-49,-1.254999999999995230e+00
1.260000000000000009e+00,1.659119816384809251e-27,2.008480297169891091e-48,-1.259999999999995124e+00
1.265000000000000124e+00,4.206402658245789864e-27,4.642743118160090795e-48,-1.264999999999995017e+00
1.270000000000000018e+00,3.071855592199303883e-28,1.068623050716963295e-47,-1.269999999999994911e+00
1.275000000000000133e+00,5.687488676706519755e-27,2.449199078563563563e-47,-1.274999999999994804e+00
1.280000000000000027e+00,2.026515866964189319e-27,5.589592057356415852e-47,-1.279999999999994698e+00
1.284999999999999920e+00,1.693175605092765467e-27,1.270279743108462501e-46,-1.284999999999994591e+00
1.290000000000000036e+00,3.497795102041582861e-27,2.874673802881584876e-46,-1.289999999999994484e+00
1.294999999999999929e+00,9.831320283863825076e-28,6.478200177930027526e-46,-1.294999999999994378e+00
1.300000000000000044e+00,4.711052525593729826e-27,1.453795612288861881e-45,-1.299999999999994271e+00
1.304999999999999938e+00,4.150332557284319746e-27,3.248943024896984361e-45,-1.304999999999994165e+00
1.310000000000000053e+00,1.367831410912537749e-27,7.230645888414510043e-45,-1.309999999999994058e+00
1.314999999999999947e+00,5.518132244315958366e-28,1.602561858915123216e-44,-1.314999999999993952e+00
1.320000000000000062e+00,4.754584870061228132e-28,3.537216404275934952e-44,-1.319999999999993845e+00
1.324999999999999956e+00,2.894182970193739960e-27,7.775421426548040742e-44,-1.324999999999993738e+00
1.330000000000000071e+00,8.444664006016135903e-28,1.702189998173346217e-43,-1.329999999999993632e+00
1.334999999999999964e+00,8.859005821014723138e-27,3.711249806493517201e-43,-1.334999999999993525e+00
1.340000000000000080e+00,3.745041393613961078e-27,8.058730221069277292e-43,-1.339999999999993419e+00
1.344999999999999973e+00,5.566528143977793156e-27,1.742823856566817224e-42,-1.344999999999993312e+00
1.350000000000000089e+00,1.679863602686705586e-27,3.753936767701687228e-42,-1.349999999999993205e+00
1.354999999999999982e+00,9.434074096919543754e-28,8.053285056261356513e-42,-1.354999999999993099e+00
1.360000000000000098e+00,7.427185737296018917e-28,1.720750451713282563e-41,-1.359999999999992992e+00
1.364999999999999991e+00,4.101647122486706200e-28,3.662076483273057780e-41,-1.364999999999992886e+00
1.370000000000000107e+00,1.451226146829549988e-27,7.762606633963578756e-41,-1.369999999999992779e+00
1.375000000000000000e+00,4.084003621868974155e-28,1.638944730723610144e-40,-1.374999999999992673e+00
1.380000000000000115e+00,4.542134286761239127e-28,3.446699855425491400e-40,-1.379999999999992566e+00
1.385000000000000009e+00,6.826274088985129034e-28,7.219894937479512772e-40,-1.384999999999992459e+00
1.390000000000000124e+00,1.661304997697849268e-28,1.506441698855370840e-39,-1.389999999999992353e+00
1.395000000000000018e+00,3.200734022347739147e-27,3.130931469817502584e-39,-1.394999999999992246e+00
1.400000000000000133e+00,8.395468658419127060e-28,6.481869463406043877e-39,-1.399999999999992140e+00
1.405000000000000027e+00,6.522630093487129825e-28,1.336712927179451086e-38,-1.404999999999992033e+00
1.409999999999999920e+00,4.828660211364255288e-28,2.745951027142883822e-38,-1.409999999999991926e+00
1.415000000000000036e+00,2.636654916923628531e-27,5.619139100715939218e-38,-1.414999999999991820e+00
1.419999999999999929e+00,6.057702477128815939e-27,1.145446158794541597e-37,-1.419999999999991713e+00
1.425000000000000044e+00,1.242207940009605760e-27,2.326017541732781060e-37,-1.424999999999991607e+00
1.429999999999999938e+00,7.016282576058819920e-28,4.705330878748277582e-37,-1.429999999999991500e+00
1.435000000000000053e+00,4.785472166356704621e-28,9.482255642221292473e-37,-1.434999999999991394e+00
1.439999999999999947e+00,7.447931389736786376e-29,1.903631373324231636e-36,-1.439999999999991287e+00
1.445000000000000062e+00,1.527064064997445404e-27,3.807229943214260877e-36,-1.444999999999991180e+00
1.449999999999999956e+00,2.975683637982733988e-27,7.585701372356878686e-36,-1.449999999999991074e+00
1.455000000000000071e+00,4.463924408911872919e-29,1.505733251783969588e-35,-1.454999999999990967e+00
1.459999999999999964e+00,1.888130359869836056e-27,2.977633588536823864e-35,-1.459999999999990861e+00
1.465000000000000080e+00,2.289074988810506737e-27,5.866385464956767950e-35,-1.464999999999990754e+00
1.469999999999999973e+00,4.177590460701438746e-27,1.151466329933792733e-34,-1.469999999999990647e+00
1.475000000000000089e+00,2.820644893635377814e-27,2.251740507645586455e-34,-1.474999999999990541e+00
1.479999999999999982e+00,3.266533302650000075e-27,4.387094582747816895e-34,-1.479999999999990434e+00
1.485000000000000098e+00,1.411350150637373376e-27,8.515934056555906252e-34,-1.484999999999990328e+00
1.489999999999999991e+00,2.319628637170817890e-28,1.646983541534442934e-33,-1.489999999999990221e+00
1.495000000000000107e+00,5.183231607807392041e-28,3.173605313751566287e-33,-1.494999999999990115e+00
1.500000000000000000e+00,2.955858641789757334e-28,6.092958663125836922e-33,-1.499999999999990008e+00
1.505000000000000115e+00,2.345866154925478967e-28,1.165521136143967969e-32,-1.504999999999989901e+00
1.510000000000000009e+00,2.744844734194987409e-28,2.221434903150798118e-32,-1.509999999999989795e+00
1.515000000000000124e+00,7.195146353478857359e-30,4.218649296718800895e-32,-1.514999999999989688e+00
1.520000000000000018e+00,4.849759822128716347e-28,7.982602374574832980e-32,-1.519999999999989582e+00
1.525000000000000133e+00,3.217701002020248874e-28,1.505052425748831098e-31,-1.524999999999989475e+00
1.530000000000000027e+00,1.489592989034355205e-27,2.827480388201393940e-31,-1.529999999999989369e+00
1.535000000000000142e+00,2.077595684969586174e-27,5.292893684090412356e-31,-1.534999999999989262e+00
1.540000000000000036e+00,1.840989248168974147e-27,9.872725440948132514e-31,-1.539999999999989155e+00
1.544999999999999929e+00,7.399746928387189900e-27,1.834999546806008384e-30,-1.544999999999989049e+00
1.550000000000000044e+00,1.505912909391072079e-27,3.398556853305265116e-30,-1.549999999999988942e+00
1.554999999999999938e+00,1.287936202429924120e-28,6.272164323190514307e-30,-1.554999999999988836e+00
1.560000000000000053e+00,6.194733594428163153e-27,1.153477774557446170e-29,-1.559999999999988729e+00
1.564999999999999947e+00,4.498369202888422563e-27,2.113851741638880910e-29,-1.564999999999988622e+00
1.570000000000000062e+00,8.882841851968062585e-28,3.860271533701580347e-29,-1.569999999999988516e+00
1.574999999999999956e+00,2.276202870976640270e-28,7.024958121606970376e-29,-1.574999999999988409e+00
1.580000000000000071e+00,1.425827215402353170e-27,1.273962575327276109e-28,-1.579999999999988303e+00
1.584999999999999964e+00,2.324735595181926418e-27,2.302295729001967166e-28,-1.584999999999988196e+00
1.590000000000000080e+00,1.253889804772751390e-27,4.146307308216916805e-28,-1.589999999999988090e+00
1.594999999999999973e+00,1.427489273308722603e-27,7.441529624913663935e-28,-1.594999999999987983e+00
1.600000000000000089e+00,1.417410507708443671e-27,1.330968175128702418e-27,-1.599999999999987876e+00
1.604999999999999982e+00,1.622641409923615994e-27,2.372368824760771485e-27,-1.604999999999987770e+00
1.610000000000000098e+00,7.079613454670286093e-28,4.214151579235402448e-27,-1.609999999999987663e+00
1.614999999999999991e+00,8.502229000135352721e-27,7.460291616446312290e-27,-1.614999999999987557e+00
1.620000000000000107e+00,1.124519688365106974e-27,1.316204695075909944e-26,-1.619999999999987450e+00
1.625000000000000000e+00,2.348270515560477609e-26,2.314287423142746512e-26,-1.624999999999987343e+00
1.630000000000000115e+00,5.610356117594898643e-27,4.055473841676797285e-26,-1.629999999999987237e+00
1.635000000000000009e+00,7.046241157562545295e-27,7.082727935457300562e-26,-1.634999999999987130e+00
1.640000000000000124e+00,2.699234053003901594e-27,1.232816198961778748e-25,-1.639999999999987024e+00
1.645000000000000018e+00,8.449926350069142543e-27,2.138646808237982995e-25,-1.644999999999986917e+00
1.650000000000000133e+00,8.077763274008553150e-27,3.697659256881189821e-25,-1.649999999999986811e+00
1.655000000000000027e+00,9.523530451034814355e-27,6.371855070690225928e-25,-1.654999999999986704e+00
1.660000000000000142e+00,2.293077137127378545e-26,1.094359830856007027e-24,-1.659999999999986597e+00
1.665000000000000036e+00,4.996077002048259442e-26,1.873327461905563998e-24,-1.664999999999986491e+00
1.669999999999999929e+00,4.853872154275751512e-26,3.196175230334188238e-24,-1.669999999999986384e+00
1.675000000000000044e+00,1.344726449612373865e-25,5.435190739716300907e-24,-1.674999999999986278e+00
1.679999999999999938e+00,1.836377991838922942e-25,9.212347273046692515e-24,-1.679999999999986171e+00
1.685000000000000053e+00,4.658740629931704829e-25,1.556327779250586221e-23,-1.684999999999986064e+00
1.689999999999999947e+00,6.356886779334167237e-25,2.620662083870711911e-23,-1.689999999999985958e+00
1.695000000000000062e+00,1.177506208582129382e-24,4.398494736235281190e-23,-1.694999999999985851e+00
1.699999999999999956e+00,1.871219260416599385e-24,7.358412130509916694e-23,-1.699999999999985745e+00
1.705000000000000071e+00,3.013024114738110838e-24,1.227029439375363793e-22,-1.704999999999985638e+00
1.709999999999999964e+00,5.771761717483564465e-24,2.039485115550672853e-22,-1.709999999999985532e+00
1.715000000000000080e+00,9.403046924451643238e-24,3.378972045207166441e-22,-1.714999999999985425e+00
1.719999999999999973e+00,1.731659914819941856e-23,5.580215291085822484e-22,-1.719999999999985318e+00
1.725000000000000089e+00,2.828410542781555541e-23,9.185935310643486385e-22,-1.724999999999985212e+00
1.729999999999999982e+00,4.914538355856581760e-23,1.507320602618690997e-21,-1.729999999999985105e+00
1.735000000000000098e+00,8.403142454349561269e-23,2.465479774530307941e-21,-1.734999999999984999e+00
1.739999999999999991e+00,1.396825666677450329e-22,4.019893243880196780e-21,-1.739999999999984892e+00
1.745000000000000107e+00,2.358003729225927355e-22,6.533539954298737730e-21,-1.744999999999984786e+00
1.750000000000000000e+00,3.955313764415139100e-22,1.058539838362816966e-20,-1.749999999999984679e+00
1.755000000000000115e+00,6.587148963908976331e-22,1.709598531365465995e-20,-1.754999999999984572e+00
1.760000000000000009e+00,1.094404697916184523e-21,2.752408970805899488e-20,-1.759999999999984466e+00
1.765000000000000124e+00,1.818657473699647276e-21,4.417405832883773445e-20,-1.764999999999984359e+00
1.770000000000000018e+00,3.007695221144788844e-21,7.067417214579085996e-20,-1.769999999999984253e+00
1.775000000000000133e+00,4.958484079703802913e-21,1.127189204765207267e-19,-1.774999999999984146e+00
1.780000000000000027e+00,8.130343291685193930e-21,1.792169656740890286e-19,-1.779999999999984039e+00
1.785000000000000142e+00,1.334311255289925124e-20,2.840607014479269183e-19,-1.784999999999983933e+00
1.790000000000000036e+00,2.175773371589377144e-20,4.488450441877463951e-19,-1.789999999999983826e+00
1.794999999999999929e+00,3.535937530341423863e-20,7.070309846699079653e-19,-1.794999999999983720e+00
1.800000000000000044e+00,5.733152961583308542e-20,1.110300822118411020e-18,-1.799999999999983613e+00
1.804999999999999938e+00,9.262790209352130398e-20,1.738227151838999513e-18,-1.804999999999983507e+00
1.810000000000000053e+00,1.492262493698328918e-19,2.712935588918998801e-18,-1.809999999999983400e+00
1.814999999999999947e+00,2.395172596480501158e-19,4.221268085836310479e-18,-1.814999999999983293e+00
1.820000000000000062e+00,3.833298355269350940e-19,6.548175022339421696e-18,-1.819999999999983187e+00
1.824999999999999956e+00,6.115045347446433464e-19,1.012686201842123303e-17,-1.824999999999983080e+00
1.830000000000000071e+00,9.722966942809350953e-19,1.561385469931221084e-17,-1.829999999999982974e+00
1.834999999999999964e+00,1.541420159755952635e-18,2.400100025809045796e-17,-1.834999999999982867e+00
1.840000000000000080e+00,2.435294938690883491e-18,3.678204223767743820e-17,-1.839999999999982760e+00
1.844999999999999973e+00,3.836209228683359944e-18,5.619956178895601844e-17,-1.844999999999982654e+00
1.850000000000000089e+00,6.023133493069206521e-18,8.560988220103376796e-17,-1.849999999999982547e+00
1.854999999999999982e+00,9.428163090713702389e-18,1.300205559028087462e-16,-1.854999999999982441e+00
1.860000000000000098e+00,1.471082899845391895e-17,1.968795182695884362e-16,-1.859999999999982334e+00
1.864999999999999991e+00,2.288208057793469695e-17,2.972300348537341871e-16,-1.864999999999982228e+00
1.870000000000000107e+00,3.548155278081573765e-17,4.473955899778410331e-16,-1.869999999999982121e+00
1.875000000000000000e+00,5.484754558934045317e-17,6.714300245568499335e-16,-1.874999999999982014e+00
1.880000000000000115e+00,8.451880387687525715e-17,1.004669117521054673e-15,-1.879999999999981908e+00
1.885000000000000009e+00,1.298404150480092413e-16,1.498862348688739463e-15,-1.884999999999981801e+00
1.890000000000000124e+00,1.988453699615534706e-16,2.229564294920772629e-15,-1.889999999999981695e+00
1.895000000000000018e+00,3.035907755907375790e-16,3.306746770053498704e-15,-1.894999999999981588e+00
1.900000000000000133e+00,4.620761366473589133e-16,4.889986716258514182e-15,-1.899999999999981481e+00
1.905000000000000027e+00,7.011453717451366421e-16,7.210133833431303129e-15,-1.904999999999981375e+00
1.910000000000000142e+00,1.060643247849224602e-15,1.060012443418805619e-14,-1.909999999999981268e+00
1.915000000000000036e+00,1.599550301773585199e-15,1.553866345686580840e-14,-1.914999999999981162e+00
1.919999999999999929e+00,2.404927178381990203e-15,2.271195249545563160e-14,-1.919999999999981055e+00
1.925000000000000044e+00,3.604798573423289492e-15,3.310064318146175927e-14,-1.924999999999980949e+00
1.929999999999999938e+00,5.386899921285649259e-15,4.810193724581733456e-14,-1.929999999999980842e+00
1.935000000000000053e+00,8.025594310296137922e-15,6.970049815215636945e-14,-1.934999999999980735e+00
1.939999999999999947e+00,1.192066581415682963e-14,1.007069325532068387e-13,-1.939999999999980629e+00
1.945000000000000062e+00,1.765268392851677466e-14,1.450895057412427596e-13,-1.944999999999980522e+00
1.949999999999999956e+00,2.606218029675548151e-14,2.084340863788099317e-13,-1.949999999999980416e+00
1.955000000000000071e+00,3.836220562868256661e-14,2.985798800733201378e-13,-1.954999999999980309e+00
1.959999999999999964e+00,5.629780460820080371e-14,4.264953702899242937e-13,-1.959999999999980203e+00
1.965000000000000080e+00,8.237158711794715513e-14,6.074814278773497471e-13,-1.964999999999980096e+00
1.969999999999999973e+00,1.201611129991113364e-13,8.628185881320833659e-13,-1.969999999999979989e+00
1.975000000000000089e+00,1.747649048722465625e-13,1.222015378562491237e-12,-1.974999999999979883e+00
1.979999999999999982e+00,2.534255208872377523e-13,1.725867353164614987e-12,-1.979999999999979776e+00
1.985000000000000098e+00,3.664000072335433326e-13,2.430606068949575329e-12,-1.984999999999979670e+00
1.989999999999999991e+00,5.281676982718546533e-13,3.413508656263686339e-12,-1.989999999999979563e+00
1.995000000000000107e+00,7.591059773675700237e-13,4.780458312679271449e-12,-1.994999999999979456e+00
2.000000000000000000e+00,1.087801429864725402e-12,6.676102170649609409e-12,-1.999999999999979350e+00
2.004999999999999893e+00,1.554233607321288754e-12,9.297455920110031657e-12,-1.994999999999979456e+00
2.010000000000000231e+00,2.214138517158505963e-12,1.291206739681576343e-11,-1.989999999999979563e+00
2.015000000000000124e+00,3.144979431055970479e-12,1.788219052705472074e-11,-1.984999999999979670e+00
2.020000000000000018e+00,4.454079641803238038e-12,2.469685714106633893e-11,-1.979999999999979776e+00
2.024999999999999911e+00,6.289667925404161549e-12,3.401429289329332351e-11,-1.974999999999979883e+00
2.030000000000000249e+00,8.855839026938229780e-12,4.671783669915118637e-11,-1.969999999999979989e+00
2.035000000000000142e+00,1.243272732190400448e-11,6.398943004891970447e-11,-1.964999999999980096e+00
2.040000000000000036e+00,1.740365171246335711e-11,8.740589165857752389e-11,-1.959999999999980203e+00
2.044999999999999929e+00,2.429148759788043061e-11,1.190646433714878200e-10,-1.954999999999980309e+00
2.049999999999999822e+00,3.380726968165948794e-11,1.617473771669308525e-10,-1.949999999999980416e+00
2.055000000000000160e+00,4.691490320079562757e-11,2.191324380236089969e-10,-1.944999999999980522e+00
2.060000000000000053e+00,6.491704824366960711e-11,2.960695487587513362e-10,-1.939999999999980629e+00
2.064999999999999947e+00,8.956871948385500617e-11,3.989340475104746134e-10,-1.934999999999980735e+00
2.069999999999999840e+00,1.232270569778363656e-10,5.360821975737457273e-10,-1.929999999999980842e+00
2.075000000000000178e+00,1.690481146168067762e-10,7.184345426192187397e-10,-1.924999999999980949e+00
2.080000000000000071e+00,2.312445731482120162e-10,9.602209303482054279e-10,-1.919999999999981055e+00
2.084999999999999964e+00,3.154221093681992652e-10,1.279928963958178411e-09,-1.914999999999981162e+00
2.089999999999999858e+00,4.290169785977659817e-10,1.701507554954525763e-09,-1.909999999999981268e+00
2.095000000000000195e+00,5.818633073020909322e-10,2.255889281318826422e-09,-1.904999999999981375e+00
2.100000000000000089e+00,7.869261564724028165e-10,2.982909792289004059e-09,-1.899999999999981481e+00
2.104999999999999982e+00,1.061245498900311397e-09,3.933719992439221722e-09,-1.894999999999981588e+00
2.109999999999999876e+00,1.427147844630841901e-09,5.173807692436844918e-09,-1.889999999999981695e+00
2.115000000000000213e+00,1.913795927065406805e-09,6.786770406675928481e-09,-1.884999999999981801e+00
2.120000000000000107e+00,2.559164282886752515e-09,8.879010652928736077e-09,-1.879999999999981908e+00
2.125000000000000000e+00,3.412549021111710421e-09,1.158556018138510673e-08,-1.874999999999982014e+00
2.129999999999999893e+00,4.537745359088755069e-09,1.507728081670176600e-08,-1.869999999999982121e+00
2.135000000000000231e+00,6.017057007281767069e-09,1.956973789345246844e-08,-1.864999999999982228e+00
2.140000000000000124e+00,7.956337320665016717e-09,2.533409852429640593e-08,-1.859999999999982334e+00
2.145000000000000018e+00,1.049130646343771153e-08,3.271047213998542081e-08,-1.854999999999982441e+00
2.149999999999999911e+00,1.379543940382309137e-08,4.212418590454452225e-08,-1.849999999999982547e+00
2.155000000000000249e+00,1.808978169910283999e-08,5.410557378871611297e-08,-1.844999999999982654e+00
2.160000000000000142e+00,2.365512074003109422e-08,6.931395633576157763e-08,-1.839999999999982760e+00
2.165000000000000036e+00,3.084702531326755483e-08,8.856659950660556455e-08,-1.834999999999982867e+00
2.169999999999999929e+00,4.011436279440843864e-08,1.128735664146047699e-07,-1.829999999999982974e+00
2.175000000000000266e+00,5.202201799845639496e-08,1.434795161150089718e-07,-1.824999999999983080e+00
2.180000000000000160e+00,6.727866561232476852e-08,1.819136595999637109e-07,-1.819999999999983187e+00
2.185000000000000053e+00,8.677059984660538533e-08,2.300492552410272182e-07,-1.814999999999983293e+00
2.189999999999999947e+00,1.116027906587421580e-07,2.901742142935266123e-07,-1.809999999999983400e+00
2.194999999999999840e+00,1.431485293759483662e-07,3.650745915249866304e-07,-1.804999999999983507e+00
2.200000000000000178e+00,1.831092381611283166e-07,4.581329558736005186e-07,-1.799999999999983613e+00
2.205000000000000071e+00,2.335862562942015817e-07,5.734438700271558642e-07,-1.794999999999983720e+00
2.209999999999999964e+00,2.971666773502101888e-07,7.159489539985956386e-07,-1.789999999999983826e+00
2.214999999999999858e+00,3.770255989848420859e-07,8.915942634234547568e-07,-1.784999999999983933e+00
2.220000000000000195e+00,4.770474544219501269e-07,1.107512974762128519e-06,-1.779999999999984039e+00
2.225000000000000089e+00,6.019694294880133504e-07,1.372236632167182780e-06,-1.774999999999984146e+00
2.229999999999999982e+00,7.575503198248673090e-07,1.695938468635402115e-06,-1.769999999999984253e+00
2.234999999999999876e+00,9.507685486100103745e-07,2.090712560114379922e-06,-1.764999999999984359e+00
2.240000000000000213e+00,1.190053442746572230e-06,2.570892797037870680e-06,-1.759999999999984466e+00
2.245000000000000107e+00,1.485554252565753082e-06,3.153415853470012622e-06,-1.754999999999984572e+00
2.250000000000000000e+00,1.849451763287919069e-06,3.858232488333685107e-06,-1.749999999999984679e+00
2.254999999999999893e+00,2.296317719278456942e-06,4.708771613302518630e-06,-1.744999999999984786e+00
2.260000000000000231e+00,2.843527606502021125e-06,5.732461593635043976e-06,-1.739999999999984892e+00
2.265000000000000124e+00,3.511732622997803696e-06,6.961313195961962043e-06,-1.734999999999984999e+00
2.270000000000000018e+00,4.325396895878347311e-06,8.432568444039003158e-06,-1.729999999999985105e+00
2.274999999999999911e+00,5.313406149595695393e-06,1.018941937199339376e-05,-1.724999999999985212e+00
2.280000000000000249e+00,6.509754051989083965e-06,1.228180025616507567e-05,-1.719999999999985318e+00
2.285000000000000142e+00,7.954312403076994881e-06,1.476725634247874754e-05,-1.714999999999985425e+00
2.290000000000000036e+00,9.693691049393623910e-06,1.771189134770319049e-05,-1.709999999999985532e+00
2.294999999999999929e+00,1.178219301294050991e-05,2.119139508193308846e-05,-1.704999999999985638e+00
2.300000000000000266e+00,1.428286964774929359e-05,2.529215139942208018e-05,-1.699999999999985745e+00
2.305000000000000160e+00,1.726867978077207928e-05,3.011242532074147511e-05,-1.694999999999985851e+00
2.310000000000000053e+00,2.082375560599975659e-05,3.576362656914866637e-05,-1.689999999999985958e+00
2.314999999999999947e+00,2.504477666696017555e-05,4.237164491964651332e-05,-1.684999999999986064e+00
2.319999999999999840e+00,3.004245146017770797e-05,5.007825066664379078e-05,-1.679999999999986171e+00
2.325000000000000178e+00,3.594310405485403909e-05,5.904255117696663847e-05,-1.674999999999986278e+00
2.330000000000000071e+00,4.289036064408563773e-05,6.944249191717835449e-05,-1.669999999999986384e+00
2.334999999999999964e+00,5.104692803873027391e-05,8.147638754297391219e-05,-1.664999999999986491e+00
2.339999999999999858e+00,6.059645286291553702e-05,9.536446563719526859e-05,-1.659999999999986597e+00
2.345000000000000195e+00,7.174544659630092719e-05,1.113504025140107928e-04,-1.654999999999986704e+00
2.350000000000000089e+00,8.472525761230467018e-05,1.297028272117935156e-04,-1.649999999999986811e+00
2.354999999999999982e+00,9.979406704357323516e-05,1.507167664279193513e-04,-1.644999999999986917e+00
2.359999999999999876e+00,1.172388807280078490e-04,1.747149997670113873e-04,-1.639999999999987024e+00
2.365000000000000213e+00,1.373774847275701174e-04,2.020492913521227014e-04,-1.634999999999987130e+00
2.370000000000000107e+00,1.605603268648764681e-04,2.331014606678497492e-04,-1.629999999999987237e+00
2.375000000000000000e+00,1.871722819063684369e-04,2.682842525564255154e-04,-1.624999999999987343e+00
2.379999999999999893e+00,2.176342528877117720e-04,3.080419636715896301e-04,-1.619999999999987450e+00
2.385000000000000231e+00,2.524045565912188247e-04,3.528507805162451531e-04,-1.614999999999987557e+00
2.390000000000000124e+00,2.919800365759164557e-04,4.032187825593198634e-04,-1.609999999999987663e+00
2.395000000000000018e+00,3.368968434330265401e-04,4.596855629580727780e-04,-1.604999999999987770e+00
2.399999999999999911e+00,3.877308186361974889e-04,5.228214192176791533e-04,-1.599999999999987876e+00
2.405000000000000249e+00,4.450974159888021454e-04,5.932260668105932737e-04,-1.594999999999987983e+00
2.410000000000000142e+00,5.096510933243610054e-04,6.715268304579878394e-04,-1.589999999999988090e+00
2.415000000000000036e+00,5.820841069551496716e-04,7.583762705388072357e-04,-1.584999999999988196e+00
2.419999999999999929e+00,6.631246425787241331e-04,8.544492060192139136e-04,-1.579999999999988303e+00
2.425000000000000266e+00,7.535342192573378029e-04,9.604391004499491374e-04,-1.574999999999988409e+00
2.430000000000000160e+00,8.541043073254394637e-04,1.077053784003331348e-03,-1.569999999999988516e+00
2.435000000000000053e+00,9.656521077260107324e-04,1.205010492232667018e-03,-1.564999999999988622e+00
2.439999999999999947e+00,1.089015448223698210e-03,1.345030211223723939e-03,-1.559999999999988729e+00
2.444999999999999840e+00,1.225046762364218229e-03,1.497831329028362097e-03,-1.554999999999988836e+00
2.450000000000000178e+00,1.374606129145275859e-03,1.664122604648497804e-03,-1.549999999999988942e+00
2.455000000000000071e+00,1.538553365654333647e-03,1.844595478262647456e-03,-1.544999999999989049e+00
2.459999999999999964e+00,1.717739180848951294e-03,2.039915759709562838e-03,-1.539999999999989155e+00
2.464999999999999858e+00,1.912995416561333838e-03,2.250714746278943603e-03,-1.534999999999989262e+00
2.470000000000000195e+00,2.125124421055843774e-03,2.477579835387856699e-03,-1.529999999999989369e+00
2.475000000000000089e+00,2.354887620913841562e-03,2.721044712489250911e-03,-1.524999999999989475e+00
2.479999999999999982e+00,2.602993378795571359e-03,2.981579209281222820e-03,-1.519999999999989582e+00
2.484999999999999876e+00,2.870084245899017904e-03,3.259578941651936936e-03,-1.514999999999989688e+00
2.490000000000000213e+00,3.156723741104243679e-03,3.555354850474082371e-03,-1.509999999999989795e+00
2.495000000000000107e+00,3.463382809118494519e-03,3.869122781008195195e-03,-1.504999999999989901e+00
2.500000000000000000e+00,3.790426131610457727e-03,4.200993247934711045e-03,-1.499999999999990008e+00
2.504999999999999893e+00,4.138098484226616046e-03,4.550961542557874565e-03,-1.494999999999990115e+00
2.510000000000000231e+00,4.506511348745802573e-03,4.918898346172098472e-03,-1.489999999999990221e+00
2.515000000000000124e+00,4.895630005615198184e-03,5.304541018630404801e-03,-1.484999999999990328e+00
2.520000000000000018e+00,5.305261341183160201e-03,5.707485733516317987e-03,-1.479999999999990434e+00
2.524999999999999911e+00,5.735042613594434902e-03,6.127180630741225174e-03,-1.474999999999990541e+00
2.530000000000000249e+00,6.184431422596334445e-03,6.562920153666320852e-03,-1.469999999999990647e+00
2.535000000000000142e+00,6.652697128366560388e-03,7.013840730834232894e-03,-1.464999999999990754e+00
2.540000000000000036e+00,7.138913957585352361e-03,7.478917952006954029e-03,-1.459999999999990861e+00
2.544999999999999929e+00,7.641956023030687696e-03,7.956965374433409496e-03,-1.454999999999990967e+00
2.550000000000000266e+00,8.160494467009858643e-03,8.446635078172684552e-03,-1.449999999999991074e+00
2.555000000000000160e+00,8.692996915410254252e-03,8.946420069022189073e-03,-1.444999999999991180e+00
2.560000000000000053e+00,9.237729402980178819e-03,9.454658604362998348e-03,-1.439999999999991287e+00
2.564999999999999947e+00,9.792760897372151593e-03,9.969540491339884403e-03,-1.434999999999991394e+00
2.569999999999999840e+00,1.035597051235057769e-02,1.048911537861576225e-02,-1.429999999999991500e+00
2.575000000000000178e+00,1.092505746137102489e-02,1.101130303292697545e-02,-1.424999999999991607e+00
2.580000000000000071e+00,1.149755375625625964e-02,1.153390556032678725e-02,-1.419999999999991713e+00
2.584999999999999964e+00,1.207083961138389651e-02,1.205462149990306486e-02,-1.414999999999991820e+00
2.589999999999999858e+00,1.264216146430521479e-02,1.257106168549814405e-02,-1.409999999999991926e+00
2.595000000000000195e+00,1.320865247510075863e-02,1.308076673917976142e-02,-1.404999999999992033e+00
2.600000000000000089e+00,1.376735531894297641e-02,1.358122602956337958e-02,-1.399999999999992140e+00
2.604999999999999982e+00,1.431524703894983437e-02,1.406989789921588539e-02,-1.394999999999992246e+00
2.609999999999999876e+00,1.484926568166435035e-02,1.454423093891843953e-02,-1.389999999999992353e+00
2.615000000000000213e+00,1.536633839819060397e-02,1.500168606312964580e-02,-1.384999999999992459e+00
2.620000000000000107e+00,1.586341065569933304e-02,1.543975912113176342e-02,-1.379999999999992566e+00
2.625000000000000000e+00,1.633747617621632287e-02,1.585600376255208444e-02,-1.374999999999992673e+00
2.629999999999999893e+00,1.678560719277328098e-02,1.624805426465050079e-02,-1.369999999999992779e+00
2.635000000000000231e+00,1.720498459810618219e-02,1.661364802228489437e-02,-1.364999999999992886e+00
2.640000000000000124e+00,1.759292755082003668e-02,1.695064740004098222e-02,-1.359999999999992992e+00
2.645000000000000018e+00,1.794692210272469043e-02,1.725706064977397536e-02,-1.354999999999993099e+00
2.649999999999999911e+00,1.826464841862035851e-02,1.753106160577623876e-02,-1.349999999999993205e+00
2.655000000000000249e+00,1.854400617459545791e-02,1.777100788386301589e-02,-1.344999999999993312e+00
2.660000000000000142e+00,1.878313774457868179e-02,1.797545732965754456e-02,-1.339999999999993419e+00
2.665000000000000036e+00,1.898044881642755102e-02,1.814318248494210806e-02,-1.334999999999993525e+00
2.669999999999999929e+00,1.913462611639290753e-02,1.827318286871138300e-02,-1.329999999999993632e+00
2.675000000000000266e+00,1.924465196620942647e-02,1.836469490101221708e-02,-1.324999999999993738e+00
2.680000000000000160e+00,1.930981544737362179e-02,1.841719933219100602e-02,-1.319999999999993845e+00
2.685000000000000053e+00,1.932972000135688845e-02,1.843042607714395417e-02,-1.314999999999993952e+00
2.689999999999999947e+00,1.930428735312099756e-02,1.840435639286453970e-02,-1.309999999999994058e+00
2.694999999999999840e+00,1.923375770588628408e-02,1.833922237726666113e-02,-1.314999999999993952e+00
2.700000000000000178e+00,1.911868621487945383e-02,1.823550380716814495e-02,-1.319999999999993845e+00
2.705000000000000071e+00,1.895993581026823166e-02,1.809392237268361153e-02,-1.324999999999993738e+00
2.709999999999999964e+00,1.875866649716263768e-02,1.791543340335482667e-02,-1.329999999999993632e+00
2.714999999999999858e+00,1.851632131692531810e-02,1.770121521742901161e-02,-1.334999999999993525e+00
2.720000000000000195e+00,1.823460920651976194e-02,1.745265625912049978e-02,-1.339999999999993419e+00
2.725000000000000089e+00,1.791548503879438620e-02,1.717134021886368087e-02,-1.344999999999993312e+00
2.729999999999999982e+00,1.756112716841596796e-02,1.685902935796729576e-02,-1.349999999999993205e+00
2.734999999999999876e+00,1.717391284164361542e-02,1.651764628128381956e-02,-1.354999999999993099e+00
2.740000000000000213e+00,1.675639185501437423e-02,1.614925441917804474e-02,-1.359999999999992992e+00
2.745000000000000107e+00,1.631125886851778756e-02,1.575603749298782122e-02,-1.364999999999992886e+00
2.750000000000000000e+00,1.584132478809067643e-02,1.534027824618895176e-02,-1.369999999999992779e+00
2.754999999999999893e+00,1.534948763734667390e-02,1.490433672658586506e-02,-1.374999999999992673e+00
2.760000000000000231e+00,1.483870333352558558e-02,1.445062840313148314e-02,-1.379999999999992566e+00
2.765000000000000124e+00,1.431195677053354043e-02,1.398160239461213906e-02,-1.384999999999992459e+00
2.770000000000000018e+00,1.377223359356000328e-02,1.349972007668589179e-02,-1.389999999999992353e+00
2.774999999999999911e+00,1.322249302463226854e-02,1.300743431898772687e-02,-1.394999999999992246e+00
2.780000000000000249e+00,1.266564206768960345e-02,1.250716958563079760e-02,-1.399999999999992140e+00
2.785000000000000142e+00,1.210451138689900945e-02,1.200130311092179221e-02,-1.404999999999992033e+00
2.790000000000000036e+00,1.154183311165430520e-02,1.149214733799148319e-02,-1.409999999999991926e+00
2.794999999999999929e+00,1.098022078118168592e-02,1.098193378187655063e-02,-1.414999999999991820e+00
2.800000000000000266e+00,1.042215159717508124e-02,1.047279845094710275e-02,-1.419999999999991713e+00
2.805000000000000160e+00,9.869951107536327137e-03,9.966768932032367065e-03,-1.424999999999991607e+00
2.810000000000000053e+00,9.325780400916373544e-03,9.465753215723628558e-03,-1.429999999999991500e+00
2.814999999999999947e+00,8.791625847338916874e-03,8.971530309671240169e-03,-1.434999999999991394e+00
2.819999999999999840e+00,8.269291378352958133e-03,8.485742659757046849e-03,-1.439999999999991287e+00
2.825000000000000178e+00,7.760393261084659947e-03,8.009890372283483967e-03,-1.444999999999991180e+00
2.830000000000000071e+00,7.266357284375045411e-03,7.545327205196512670e-03,-1.449999999999991074e+00
2.834999999999999964e+00,6.788418242477962244e-03,7.093258273214443979e-03,-1.454999999999990967e+00
2.839999999999999858e+00,6.327621573880850246e-03,6.654739390870330687e-03,-1.459999999999990861e+00
2.845000000000000195e+00,5.884826988325595094e-03,6.230677959128134991e-03,-1.464999999999990754e+00
2.850000000000000089e+00,5.460713896475960158e-03,5.821835285574976024e-03,-1.469999999999990647e+00
2.854999999999999982e+00,5.055788441346180384e-03,5.428830215328284657e-03,-1.474999999999990541e+00
2.859999999999999876e+00,4.670391920715733988e-03,5.052143939772157921e-03,-1.479999999999990434e+00
2.865000000000000213e+00,4.304710384416462858e-03,4.692125843033983883e-03,-1.484999999999990328e+00
2.870000000000000107e+00,3.958785188645206482e-03,4.349000241659400391e-03,-1.489999999999990221e+00
2.875000000000000000e+00,3.632524292004386639e-03,4.022873871119506117e-03,-1.494999999999990115e+00
2.879999999999999893e+00,3.325714084477817984e-03,3.713743973424710448e-03,-1.499999999999990008e+00
2.885000000000000231e+00,3.038031549169977353e-03,3.421506843023686822e-03,-1.504999999999989901e+00
2.890000000000000124e+00,2.769056569242370897e-03,3.145966693104038613e-03,-1.509999999999989795e+00
2.895000000000000018e+00,2.518284206370540422e-03,2.886844711131869492e-03,-1.514999999999989688e+00
2.899999999999999911e+00,2.285136792780486335e-03,2.643788180704394371e-03,-1.519999999999989582e+00
2.905000000000000249e+00,2.068975696737424073e-03,2.416379556269227045e-03,-1.524999999999989475e+00
2.910000000000000142e+00,1.869112638952684846e-03,2.204145387711657286e-03,-1.529999999999989369e+00
2.915000000000000036e+00,1.684820455972768508e-03,2.006565002957527537e-03,-1.534999999999989262e+00
2.919999999999999929e+00,1.515343225330945901e-03,1.823078868324647323e-03,-1.539999999999989155e+00
2.925000000000000266e+00,1.359905685001588449e-03,1.653096558136617602e-03,-1.544999999999989049e+00
2.930000000000000160e+00,1.217721897413742227e-03,1.496004276863441024e-03,-1.549999999999988942e+00
2.935000000000000053e+00,1.088003124801835897e-03,1.351171888570720445e-03,-1.554999999999988836e+00
2.939999999999999947e+00,9.699648977649895452e-04,1.217959419563993152e-03,-1.559999999999988729e+00
2.944999999999999840e+00,8.628332732601816510e-04,1.095723010653449530e-03,-1.564999999999988622e+00
2.950000000000000178e+00,7.658502906881580006e-04,9.838203053098221792e-04,-1.569999999999988516e+00
2.955000000000000071e+00,6.782786455655720687e-04,8.816152690336269545e-04,-1.574999999999988409e+00
2.959999999999999964e+00,5.994056100525440830e-04,7.884824434423264418e-04,-1.579999999999988303e+00
2.964999999999999858e+00,5.285462372949887438e-04,7.038106458429236548e-04,-1.584999999999988196e+00
2.970000000000000195e+00,4.650458927928498255e-04,6.270061313737687906e-04,-1.589999999999988090e+00
2.975000000000000089e+00,4.082821610247365052e-04,5.574952401628800085e-04,-1.594999999999987983e+00
2.979999999999999982e+00,3.576661788754319639e-04,4.947265563737449469e-04,-1.599999999999987876e+00
2.984999999999999876e+00,3.126434495691802584e-04,4.381726095227798695e-04,-1.604999999999987770e+00
2.990000000000000213e+00,2.726941918430014745e-04,3.873311510989232314e-04,-1.609999999999987663e+00
2.995000000000000107e+00,2.373332789724522617e-04,3.417260413502343133e-04,-1.614999999999987557e+00
3.000000000000000000e+00,2.061098213023436813e-04,3.009077821888652164e-04,-1.619999999999987450e+00
3.004999999999999893e+00,1.786064441675932395e-04,2.644537325750914063e-04,-1.624999999999987343e+00
3.010000000000000231e+00,1.544383106950175796e-04,2.319680425481047547e-04,-1.629999999999987237e+00
3.015000000000000124e+00,1.332519361124639686e-04,2.030813413532587858e-04,-1.634999999999987130e+00
3.020000000000000018e+00,1.147238368507694597e-04,1.774502139499712955e-04,-1.639999999999987024e+00
3.024999999999999911e+00,9.855905418272986596e-05,1.547564986477272290e-04,-1.644999999999986917e+00
3.030000000000000249e+00,8.448958845186255195e-05,1.347064367832146662e-04,-1.649999999999986811e+00
3.035000000000000142e+00,7.227277609454068588e-05,1.170297032890927144e-04,-1.654999999999986704e+00
3.040000000000000036e+00,6.168963789521374078e-05,1.014783447791434200e-04,-1.659999999999986597e+00
3.044999999999999929e+00,5.254322321496010767e-05,8.782564944480978643e-05,-1.664999999999986491e+00
3.050000000000000266e+00,4.465697132094723830e-05,7.586497067769764832e-05,-1.669999999999986384e+00
3.055000000000000160e+00,3.787310757386047220e-05,6.540852394845976764e-05,-1.674999999999986278e+00
3.060000000000000053e+00,3.205108904910239701e-05,5.628617412523236312e-05,-1.679999999999986171e+00
3.064999999999999947e+00,2.706611122202459973e-05,4.834422813866659860e-05,-1.684999999999986064e+00
3.070000000000000284e+00,2.280768468434064372e-05,4.144424572374217399e-05,-1.689999999999985958e+00
3.075000000000000178e+00,1.917828844943011122e-05,3.546187891320576986e-05,-1.694999999999985851e+00
3.080000000000000071e+00,1.609210426729613624e-05,3.028574904045978008e-05,-1.699999999999985745e+00
3.084999999999999964e+00,1.347383450796246108e-05,2.581636824282236190e-05,-1.704999999999985638e+00
3.089999999999999858e+00,1.125760456267744069e-05,2.196511084657450745e-05,-1.709999999999985532e+00
3.095000000000000195e+00,9.385949353229759365e-06,1.865323856638871603e-05,-1.714999999999985425e+00
3.100000000000000089e+00,7.808882406248675130e-06,1.581098216343518233e-05,-1.719999999999985318e+00
3.104999999999999982e+00,6.483045032450987762e-06,1.337668107558432593e-05,-1.724999999999985212e+00
3.109999999999999876e+00,5.370932431645193588e-06,1.129598155416142895e-05,-1.729999999999985105e+00
3.115000000000000213e+00,4.440192990749805050e-06,9.521093007212590799e-06,-1.734999999999984999e+00
3.120000000000000107e+00,3.662996650503910318e-06,8.010101550290335456e-06,-1.739999999999984892e+00
3.125000000000000000e+00,3.015467959034955882e-06,6.726339192374450560e-06,-1.744999999999984786e+00
3.129999999999999893e+00,2.477179281885996770e-06,5.637806626025236229e-06,-1.749999999999984679e+00
3.135000000000000231e+00,2.030699597469216879e-06,4.716647236171299402e-06,-1.754999999999984572e+00
3.140000000000000124e+00,1.661194345894887979e-06,3.938669679925908547e-06,-1.759999999999984466e+00
3.145000000000000018e+00,1.356071896171718289e-06,3.282916209512187036e-06,-1.764999999999984359e+00
3.149999999999999911e+00,1.104672353312177133e-06,2.731273801117118130e-06,-1.769999999999984253e+00
3.155000000000000249e+00,8.979946259421371761e-07,2.268125104138058690e-06,-1.774999999999984146e+00
3.160000000000000142e+00,7.284578958893326478e-07,1.880036228304337370e-06,-1.779999999999984039e+00
3.165000000000000036e+00,5.896938733803272716e-07,1.555478431719296543e-06,-1.784999999999983933e+00
3.169999999999999929e+00,4.763664801186564645e-07,1.284580852899220499e-06,-1.789999999999983826e+00
3.175000000000000266e+00,3.840158615584160933e-07,1.058911537092542757e-06,-1.794999999999983720e+00
3.180000000000000160e+00,3.089238865706701352e-07,8.712841350433951607e-07,-1.799999999999983613e+00
3.185000000000000053e+00,2.479985493455803116e-07,7.155877951947169523e-07,-1.804999999999983507e+00
3.189999999999999947e+00,1.986749333850443355e-07,5.866379231378689592e-07,-1.809999999999983400e+00
3.195000000000000284e+00,1.588306290053678650e-07,4.800456406527112282e-07,-1.814999999999983293e+00
3.200000000000000178e+00,1.267137182898409517e-07,3.921039373593973615e-07,-1.819999999999983187e+00
3.205000000000000071e+00,1.008816475119123883e-07,3.196886678521361168e-07,-1.824999999999983080e+00
3.209999999999999964e+00,8.014949643520888783e-08,2.601727037998205395e-07,-1.829999999999982974e+00
3.214999999999999858e+00,6.354633039453546437e-08,2.113517019766867448e-07,-1.834999999999982867e+00
3.220000000000000195e+00,5.027848052029758743e-08,1.713800940735386463e-07,-1.839999999999982760e+00
3.225000000000000089e+00,3.969874170437075854e-08,1.387160413730941633e-07,-1.844999999999982654e+00
3.229999999999999982e+00,3.128060932682189072e-08,1.120742262259093788e-07,-1.849999999999982547e+00
3.234999999999999876e+00,2.459679185236309865e-08,9.038547229729596813e-08,-1.854999999999982441e+00
3.240000000000000213e+00,1.930133982304728776e-08,7.276229657197946048e-08,-1.859999999999982334e+00
3.245000000000000107e+00,1.511482434527307584e-08,5.846959810063531381e-08,-1.864999999999982228e+00
3.250000000000000000e+00,1.181207872608149980e-08,4.689978160816083781e-08,-1.869999999999982121e+00
3.254999999999999893e+00,9.212087687777726374e-09,3.755169863928648417e-08,-1.874999999999982014e+00
3.260000000000000231e+00,7.169670767657057685e-09,3.001286526876420810e-08,-1.879999999999981908e+00
3.265000000000000124e+00,5.568659949427023637e-09,2.394448399486381518e-08,-1.884999999999981801e+00
3.270000000000000018e+00,4.316317978692887064e-09,1.906885875612617972e-08,-1.889999999999981695e+00
3.274999999999999911e+00,3.338783970539165037e-09,1.515884657925069151e-08,-1.894999999999981588e+00
3.280000000000000249e+00,2.577367043011509229e-09,1.202903770935372543e-08,-1.899999999999981481e+00
3.285000000000000142e+00,1.985537934143221784e-09,9.528398720526188181e-09,-1.904999999999981375e+00
3.290000000000000036e+00,1.526493548456142726e-09,7.534150571835146861e-09,-1.909999999999981268e+00
3.294999999999999929e+00,1.171190443959385058e-09,5.946686360518812007e-09,-1.914999999999981162e+00
3.300000000000000266e+00,8.967610253212889741e-10,4.685362105010196458e-09,-1.919999999999981055e+00
3.305000000000000160e+00,6.852412196277399380e-10,3.685018712568743633e-09,-1.924999999999980949e+00
3.310000000000000053e+00,5.225509885212667810e-10,2.893114766227034116e-09,-1.929999999999980842e+00
3.314999999999999947e+00,3.976794900603160133e-10,2.267368288185933185e-09,-1.934999999999980735e+00
3.320000000000000284e+00,3.020354487011485123e-10,1.773821554208782079e-09,-1.939999999999980629e+00
3.325000000000000178e+00,2.289305373224243249e-10,1.385256666584321530e-09,-1.944999999999980522e+00
3.330000000000000071e+00,1.731695412528137647e-10,1.079901231500618813e-09,-1.949999999999980416e+00
3.334999999999999964e+00,1.307260458680558284e-10,8.403733902467661431e-10,-1.954999999999980309e+00
3.339999999999999858e+00,9.848644337901671158e-11,6.528238546421269608e-10,-1.959999999999980203e+00
3.345000000000000195e+00,7.404834631777290352e-11,5.062397015148279624e-10,-1.964999999999980096e+00
3.350000000000000089e+00,5.556223616688678228e-11,3.918806708456743876e-10,-1.969999999999979989e+00
3.354999999999999982e+00,4.160738112003152532e-11,3.028237472246214825e-10,-1.974999999999979883e+00
3.359999999999999876e+00,3.109483250821471180e-11,2.335960243444543749e-10,-1.979999999999979776e+00
3.365000000000000213e+00,2.319178007525708555e-11,1.798793791028998597e-10,-1.984999999999979670e+00
3.370000000000000107e+00,1.726270462973679504e-11,1.382734210165626456e-10,-1.989999999999979563e+00
3.375000000000000000e+00,1.282369978711984533e-11,1.061056251557553148e-10,-1.994999999999979456e+00
3.379999999999999893e+00,9.507107544890069619e-12,8.127958100502680229e-11,-1.999999999999979350e+00
3.385000000000000231e+00,7.034203195151586949e-12,6.215396261384310639e-11,-2.004999999999979465e+00
3.390000000000000124e+00,5.194140874572813336e-12,4.744620435437039868e-11,-2.009999999999979359e+00
3.395000000000000018e+00,3.827768269724850089e-12,3.615600019848812623e-11,-2.014999999999979252e+00
3.399999999999999911e+00,2.815214436329473410e-12,2.750467387374797125e-11,-2.019999999999979146e+00
3.405000000000000249e+00,2.066389281976560061e-12,2.088722734387004452e-11,-2.024999999999979039e+00
3.410000000000000142e+00,1.513730156141100685e-12,1.583449504750506858e-11,-2.029999999999978932e+00
3.415000000000000036e+00,1.106677921309321550e-12,1.198333575622629680e-11,-2.034999999999978826e+00
3.419999999999999929e+00,8.074790825716481026e-13,9.053203285646902287e-12,-2.039999999999978719e+00
3.425000000000000266e+00,5.880028850914757027e-13,6.827768695957176721e-12,-2.044999999999978613e+00
3.430000000000000160e+00,4.273332008276723439e-13,5.140534237932583685e-12,-2.049999999999978506e+00
3.435000000000000053e+00,3.099513274702478380e-13,3.863594884358622179e-12,-2.054999999999978400e+00
3.439999999999999947e+00,2.243679849274146844e-13,2.898876531262188070e-12,-2.059999999999978293e+00
3.445000000000000284e+00,1.620950644780449538e-13,2.171318838564865607e-12,-2.064999999999978186e+00
3.450000000000000178e+00,1.168748204472423818e-13,1.623581754440645847e-12,-2.069999999999978080e+00
3.455000000000000071e+00,8.410369351317685202e-14,1.211943390251990640e-12,-2.074999999999977973e+00
3.459999999999999964e+00,6.040223376988849320e-14,9.031274556575001355e-13,-2.079999999999977867e+00
3.464999999999999858e+00,4.329478978748992825e-14,6.718544838434423218e-13,-2.084999999999977760e+00
3.470000000000000195e+00,3.097160338271213337e-14,4.989554614860860222e-13,-2.089999999999977653e+00
3.475000000000000089e+00,2.211249804136794619e-14,3.699215629439472857e-13,-2.094999999999977547e+00
3.479999999999999982e+00,1.575647680006971379e-14,2.737913585271346364e-13,-2.099999999999977440e+00
3.484999999999999876e+00,1.120543249974736954e-14,2.022986399221567193e-13,-2.104999999999977334e+00
3.490000000000000213e+00,7.953285274192764522e-15,1.492211001502426091e-13,-2.109999999999977227e+00
3.495000000000000107e+00,5.633960244112525664e-15,1.098834962242582707e-13,-2.114999999999977121e+00
3.500000000000000000e+00,3.983191797317083682e-15,8.077938897072440024e-14,-2.119999999999977014e+00
3.504999999999999893e+00,2.810601007417604042e-15,5.928371689571582641e-14,-2.124999999999976907e+00
3.510000000000000231e+00,1.979336571554426116e-15,4.343481263867797223e-14,-2.129999999999976801e+00
3.515000000000000124e+00,1.391210889358739523e-15,3.176940236350890404e-14,-2.134999999999976694e+00
3.520000000000000018e+00,9.759278959043701083e-16,2.319794945183290875e-14,-2.139999999999976588e+00
3.524999999999999911e+00,6.832792745792232340e-16,1.691065786956933928e-14,-2.144999999999976481e+00
3.530000000000000249e+00,4.774588837180014112e-16,1.230672939107251676e-14,-2.149999999999976374e+00
3.535000000000000142e+00,3.329852869143933705e-16,8.941223051117075963e-15,-2.154999999999976268e+00
3.540000000000000036e+00,2.317774894116148309e-16,6.485212658182349929e-15,-2.159999999999976161e+00
3.544999999999999929e+00,1.610199606817131911e-16,4.695971052213293898e-15,-2.164999999999976055e+00
3.550000000000000266e+00,1.116447448838322537e-16,3.394699815035601839e-15,-2.169999999999975948e+00
3.555000000000000160e+00,7.725988575162736632e-17,2.449926162529694159e-15,-2.174999999999975842e+00
3.560000000000000053e+00,5.336340801392771504e-17,1.765148068414194781e-15,-2.179999999999975735e+00
3.564999999999999947e+00,3.678640256585029013e-17,1.269657806623148964e-15,-2.184999999999975628e+00
3.570000000000000284e+00,2.530925450442149728e-17,9.117389348798954290e-16,-2.189999999999975522e+00
3.575000000000000178e+00,1.737980715087395470e-17,6.536322174746651682e-16,-2.194999999999975415e+00
3.580000000000000071e+00,1.191176512117570203e-17,4.678174299371235914e-16,-2.199999999999975309e+00
3.584999999999999964e+00,8.148357106213447839e-18,3.342721601345213065e-16,-2.204999999999975202e+00
3.589999999999999858e+00,5.563416793431715416e-18,2.384546176633786316e-16,-2.209999999999975095e+00
3.595000000000000195e+00,3.790940453808187156e-18,1.698219574706352780e-16,-2.214999999999974989e+00
3.600000000000000089e+00,2.578051423417112503e-18,1.207439498525117001e-16,-2.219999999999974882e+00
3.604999999999999982e+00,1.750093952641471911e-18,8.570796764678548102e-17,-2.224999999999974776e+00
3.609999999999999876e+00,1.185771872177913993e-18,6.073823207738073657e-17,-2.229999999999974669e+00
3.615000000000000213e+00,8.017422456370636111e-19,4.297234702913977989e-17,-2.234999999999974563e+00
3.620000000000000107e+00,5.410985228376852871e-19,3.035308402207285893e-17,-2.239999999999974456e+00
3.625000000000000000e+00,3.645366945992430397e-19,2.140445813338070903e-17,-2.244999999999974349e+00
3.629999999999999893e+00,2.450930324061630770e-19,1.506933733758418596e-17,-2.249999999999974243e+00
3.635000000000000231e+00,1.644847353236447780e-19,1.059188879115522043e-17,-2.254999999999974136e+00
3.640000000000000124e+00,1.101828316035497662e-19,7.432635653603236470e-18,-2.259999999999974030e+00
3.645000000000000018e+00,7.364177430254482899e-20,5.207188304835635387e-18,-2.264999999999973923e+00
3.649999999999999911e+00,4.911707141780854760e-20,3.642130966910192740e-18,-2.269999999999973817e+00
3.655000000000000249e+00,3.271108687986343884e-20,2.543317020460298919e-18,-2.274999999999973710e+00
3.660000000000000142e+00,2.175708585572513011e-20,1.773123254683718374e-18,-2.279999999999973603e+00
3.665000000000000036e+00,1.443597793885549317e-20,1.234160564081044850e-18,-2.284999999999973497e+00
3.669999999999999929e+00,9.546593345965760637e-21,8.576291541680661035e-19,-2.289999999999973390e+00
3.675000000000000266e+00,6.309918409046392289e-21,5.950087555355604012e-19,-2.294999999999973284e+00
3.680000000000000160e+00,4.169940029032309000e-21,4.121392171948408193e-19,-2.299999999999973177e+00
3.685000000000000053e+00,2.740402748736323737e-21,2.850113174127717743e-19,-2.304999999999973070e+00
3.689999999999999947e+00,1.796555278669286337e-21,1.967789588808191899e-19,-2.309999999999972964e+00
3.695000000000000284e+00,1.182546898931064056e-21,1.356420700894443877e-19,-2.314999999999972857e+00
3.700000000000000178e+00,7.744607100518793021e-22,9.334910615018424500e-20,-2.319999999999972751e+00
3.705000000000000071e+00,5.037481910856062724e-22,6.413967079552477399e-20,-2.324999999999972644e+00
3.709999999999999964e+00,3.294017310136119483e-22,4.399921204752751244e-20,-2.329999999999972538e+00
3.714999999999999858e+00,2.147358997521469756e-22,3.013460345135778112e-20,-2.334999999999972431e+00
3.720000000000000195e+00,1.391474109609597494e-22,2.060578998142084449e-20,-2.339999999999972324e+00
3.725000000000000089e+00,9.100365145750466851e-23,1.406750436953443531e-20,-2.344999999999972218e+00
3.729999999999999982e+00,5.896296763947244678e-23,9.588477256416026661e-21,-2.349999999999972111e+00
3.734999999999999876e+00,3.776027291233770334e-23,6.525109599737146600e-21,-2.354999999999972005e+00
3.740000000000000213e+00,2.468252024628657287e-23,4.433353398503828192e-21,-2.359999999999971898e+00
3.745000000000000107e+00,1.584781387831004924e-23,3.007350532421823039e-21,-2.364999999999971791e+00
3.750000000000000000e+00,9.977675904906995631e-24,2.036777995387133809e-21,-2.369999999999971685e+00
3.754999999999999893e+00,6.714259331956785347e-24,1.377247717306950720e-21,-2.374999999999971578e+00
3.760000000000000231e+00,4.398563498673812237e-24,9.298008348476559253e-22,-2.379999999999971472e+00
3.765000000000000124e+00,2.554838812713934960e-24,6.267265358578649211e-22,-2.384999999999971365e+00
3.770000000000000018e+00,1.624205599184897312e-24,4.217715588823640324e-22,-2.389999999999971259e+00
3.774999999999999911e+00,1.170753951499560382e-24,2.833924835852773447e-22,-2.394999999999971152e+00
3.780000000000000249e+00,7.397766106035242543e-25,1.901130649256593864e-22,-2.399999999999971045e+00
3.785000000000000142e+00,4.488764269478824222e-25,1.273353445742381356e-22,-2.404999999999970939e+00
3.790000000000000036e+00,3.225972818996822899e-25,8.515303019234102544e-23,-2.409999999999970832e+00
3.794999999999999929e+00,2.178874975494942366e-25,5.685467029307684812e-23,-2.414999999999970726e+00
3.800000000000000266e+00,1.109576242262634333e-25,3.790075356616279154e-23,-2.419999999999970619e+00
3.805000000000000160e+00,6.364384371774096478e-26,2.522585912114405617e-23,-2.424999999999970512e+00
3.810000000000000053e+00,7.271004263896964403e-26,1.676336751460146212e-23,-2.429999999999970406e+00
3.814999999999999947e+00,6.465533519335539107e-26,1.112229736634830220e-23,-2.434999999999970299e+00
3.820000000000000284e+00,2.645613866315572154e-26,7.367945879191111958e-24,-2.439999999999970193e+00
3.825000000000000178e+00,9.973464424865559462e-27,4.873239916924133732e-24,-2.444999999999970086e+00
3.830000000000000071e+00,1.562699975830620906e-26,3.218172720717721777e-24,-2.449999999999969980e+00
3.834999999999999964e+00,1.159067691539386802e-26,2.121885004183218855e-24,-2.454999999999969873e+00
3.839999999999999858e+00,3.086366226825468555e-27,1.396870100766807281e-24,-2.459999999999969766e+00
3.845000000000000195e+00,9.973827853001464356e-28,9.181478610737683498e-25,-2.464999999999969660e+00
3.850000000000000089e+00,1.849110427705669229e-28,6.025490424467708038e-25,-2.469999999999969553e+00
3.854999999999999982e+00,6.869286790280215885e-28,3.948172165640567563e-25,-2.474999999999969447e+00
3.859999999999999876e+00,2.568693355946528396e-27,2.583000020761452688e-25,-2.479999999999969340e+00
3.865000000000000213e+00,1.613346250267355803e-27,1.687244875125982506e-25,-2.474999999999969447e+00
3.870000000000000107e+00,4.187811809162319552e-28,1.100418643943134460e-25,-2.469999999999969553e+00
3.875000000000000000e+00,2.018739886825351185e-27,7.165798760310292396e-26,-2.464999999999969660e+00
3.879999999999999893e+00,2.720027849330461028e-27,4.659065865681973442e-26,-2.459999999999969766e+00
3.885000000000000231e+00,1.092267596523543470e-27,3.024554364233275819e-26,-2.454999999999969873e+00
3.890000000000000124e+00,5.607477474747682317e-28,1.960437348230992481e-26,-2.449999999999969980e+00
3.895000000000000018e+00,2.079485760752870817e-27,1.268744847059958172e-26,-2.444999999999970086e+00
3.899999999999999911e+00,3.208147638630084249e-27,8.198343066421993090e-27,-2.439999999999970193e+00
3.905000000000000249e+00,2.550380715232392432e-27,5.289432462917923014e-27,-2.434999999999970299e+00
3.910000000000000142e+00,1.006350593339760874e-27,3.407406712037851568e-27,-2.429999999999970406e+00
3.915000000000000036e+00,8.752591717873333924e-29,2.191651505743183596e-27,-2.424999999999970512e+00
3.919999999999999929e+00,2.767247214208431430e-28,1.407512825442271354e-27,-2.419999999999970619e+00
3.925000000000000266e+00,7.473725201036073846e-28,9.025416953574641031e-28,-2.414999999999970726e+00
3.930000000000000160e+00,6.430309192392207930e-28,5.778524363979512666e-28,-2.409999999999970832e+00
3.935000000000000053e+00,4.101064748789795134e-28,3.694044235115318169e-28,-2.404999999999970939e+00
3.939999999999999947e+00,1.423604739676736357e-27,2.357889287618155377e-28,-2.399999999999971045e+00
3.945000000000000284e+00,3.966499240645184996e-27,1.502732246749994255e-28,-2.394999999999971152e+00
3.950000000000000178e+00,5.896251388118854761e-27,9.562630690794364497e-29,-2.389999999999971259e+00
3.955000000000000071e+00,4.821155783421651701e-27,6.075911548093849295e-29,-2.384999999999971365e+00
3.959999999999999964e+00,1.825833780343490132e-27,3.854645843131579630e-29,-2.379999999999971472e+00
3.965000000000000302e+00,3.591810996616208321e-28,2.441727520420259562e-29,-2.374999999999971578e+00
3.970000000000000195e+00,1.002010329945254331e-27,1.544366190977234124e-29,-2.369999999999971685e+00
3.975000000000000089e+00,1.263064204671061724e-27,9.753139531036718451e-30,-2.364999999999971791e+00
3.979999999999999982e+00,6.392713369788932663e-28,6.150074047146051687e-30,-2.359999999999971898e+00
3.984999999999999876e+00,7.975836444673144353e-28,3.872208168768805675e-30,-2.354999999999972005e+00
3.990000000000000213e+00,1.393852167806492768e-27,2.434334090710075427e-30,-2.349999999999972111e+00
3.995000000000000107e+00,1.100524301855591307e-27,1.528077858788512468e-30,-2.344999999999972218e+00
4.000000000000000000e+00,8.947370152007190264e-28,9.577568935146856117e-31,-2.339999999999972324e+00
4.004999999999999893e+00,1.755686371779463447e-27,5.993910771451802400e-31,-2.334999999999972431e+00
4.009999999999999787e+00,2.376499003264220096e-27,3.745511407833814411e-31,-2.329999999999972538e+00
4.014999999999999680e+00,1.940917961220745033e-27,2.336998947478639539e-31,-2.324999999999972644e+00
4.020000000000000462e+00,1.193936091970159906e-27,1.455972351808763728e-31,-2.319999999999972751e+00
4.025000000000000355e+00,4.514412205335604338e-28,9.057234926288699690e-32,-2.314999999999972857e+00
4.030000000000000249e+00,1.612563590788219190e-30,5.625831281796575375e-32,-2.309999999999972964e+00
4.035000000000000142e+00,4.271579285484695810e-28,3.489209226032794437e-32,-2.304999999999973070e+00
4.040000000000000036e+00,9.290085914027927518e-28,2.160813217976397382e-32,-2.299999999999973177e+00
4.044999999999999929e+00,6.632977392805757158e-28,1.336158621578690995e-32,-2.294999999999973284e+00
4.049999999999999822e+00,5.705784101829845898e-28,8.249925934167101746e-33,-2.289999999999973390e+00
4.054999999999999716e+00,8.753664073484317081e-28,5.086206468329190409e-33,-2.284999999999973497e+00
4.060000000000000497e+00,5.355810455364926726e-28,3.131053508588496543e-33,-2.279999999999973603e+00
4.065000000000000391e+00,2.095674736376787353e-28,1.924598848584686275e-33,-2.274999999999973710e+00
4.070000000000000284e+00,7.638529562123890756e-28,1.181255492688131255e-33,-2.269999999999973817e+00
4.075000000000000178e+00,8.195573618137875779e-28,7.239390521529386457e-34,-2.264999999999973923e+00
4.080000000000000071e+00,9.478354854833393652e-29,4.430118762442502843e-34,-2.259999999999974030e+00
4.084999999999999964e+00,3.531292594704177850e-28,2.706977133030368010e-34,-2.254999999999974136e+00
4.089999999999999858e+00,1.203170979182817065e-27,1.651620678289220262e-34,-2.249999999999974243e+00
4.094999999999999751e+00,1.200484148397591648e-27,1.006220573699051381e-34,-2.244999999999974349e+00
4.099999999999999645e+00,1.531296977674383381e-27,6.121162088651965346e-35,-2.239999999999974456e+00
4.105000000000000426e+00,3.018287248802589495e-27,3.718202336559008373e-35,-2.234999999999974563e+00
4.110000000000000320e+00,3.999941706302522562e-27,2.255232166797612128e-35,-2.229999999999974669e+00
4.115000000000000213e+00,4.069884697049164545e-27,1.365869594148521053e-35,-2.224999999999974776e+00
4.120000000000000107e+00,4.048424001667854783e-27,8.260143672897568760e-36,-2.219999999999974882e+00
4.125000000000000000e+00,3.177103354308499886e-27,4.988006261562542023e-36,-2.214999999999974989e+00
4.129999999999999893e+00,1.586383062354582059e-27,3.007655167064325925e-36,-2.209999999999975095e+00
4.134999999999999787e+00,1.263691815632813181e-27,1.810887183227497020e-36,-2.204999999999975202e+00
4.139999999999999680e+00,1.790102713907978981e-27,1.088723717517131352e-36,-2.199999999999975309e+00
4.145000000000000462e+00,1.159283087221444409e-27,6.535932271114487229e-37,-2.194999999999975415e+00
4.150000000000000355e+00,2.852920817265333619e-28,3.917974496857767100e-37,-2.189999999999975522e+00
4.155000000000000249e+00,7.889452333336427640e-28,2.345203315031938154e-37,-2.184999999999975628e+00
4.160000000000000142e+00,1.478375545518011964e-27,1.401731574992969132e-37,-2.179999999999975735e+00
4.165000000000000036e+00,1.152841267937661307e-27,8.365950732944797001e-38,-2.174999999999975842e+00
4.169999999999999929e+00,8.837945013163661987e-28,4.985772577881760540e-38,-2.169999999999975948e+00
4.174999999999999822e+00,1.831634182481102420e-27,2.966996037242164626e-38,-2.164999999999976055e+00
4.179999999999999716e+00,3.533543359150544388e-27,1.763069491236309745e-38,-2.159999999999976161e+00
4.185000000000000497e+00,4.177344941158403890e-27,1.046141613527435931e-38,-2.154999999999976268e+00
4.190000000000000391e+00,2.850973528257988550e-27,6.198416118232446238e-39,-2.149999999999976374e+00
4.195000000000000284e+00,2.190511922697433426e-27,3.667252386060908874e-39,-2.144999999999976481e+00
4.200000000000000178e+00,4.911643895929300151e-27,2.166562932397901005e-39,-2.139999999999976588e+00
4.205000000000000071e+00,8.039030076880876822e-27,1.278123645353960362e-39,-2.134999999999976694e+00
4.209999999999999964e+00,7.217745899941646291e-27,7.529152532725283304e-40,-2.129999999999976801e+00
4.214999999999999858e+00,4.347306881968073790e-27,4.428856397467775887e-40,-2.124999999999976907e+00
4.219999999999999751e+00,3.398437523558452632e-27,2.601417091571235943e-40,-2.119999999999977014e+00
4.224999999999999645e+00,3.432940299959381583e-27,1.525814984241924812e-40,-2.114999999999977121e+00
4.230000000000000426e+00,2.300555047177143764e-27,8.936508335095721836e-41,-2.109999999999977227e+00
4.235000000000000320e+00,1.021141306963187464e-27,5.226471210303352415e-41,-2.104999999999977334e+00
4.240000000000000213e+00,5.608519837824517598e-28,3.052281417379332612e-41,-2.099999999999977440e+00
4.245000000000000107e+00,3.564044789050206041e-28,1.779985636892980036e-41,-2.094999999999977547e+00
4.250000000000000000e+00,5.387263802546927479e-28,1.036537310300145735e-41,-2.089999999999977653e+00
4.254999999999999893e+00,1.003810266856821609e-27,6.027406693421176131e-42,-2.084999999999977760e+00
4.259999999999999787e+00,6.984712561881832317e-28,3.499884935827820197e-42,-2.079999999999977867e+00
4.264999999999999680e+00,5.119163431349295461e-29,2.029342482213965312e-42,-2.074999999999977973e+00
4.270000000000000462e+00,2.828370832997632862e-28,1.174994496864895918e-42,-2.069999999999978080e+00
4.275000000000000355e+00,8.779198468643720079e-28,6.793534993842381256e-43,-2.064999999999978186e+00
4.280000000000000249e+00,1.337855910504189004e-27,3.922255600162445704e-43,-2.059999999999978293e+00
4.285000000000000142e+00,2.397881717552379546e-27,2.261292008860960317e-43,-2.054999999999978400e+00
4.290000000000000036e+00,3.280700390709965389e-27,1.301843187063714172e-43,-2.049999999999978506e+00
4.294999999999999929e+00,2.262187284553235362e-27,7.484151312246314326e-44,-2.044999999999978613e+00
4.299999999999999822e+00,4.167313932744606878e-28,4.296441356340741827e-44,-2.039999999999978719e+00
4.304999999999999716e+00,1.987808730024591741e-28,2.462965033988034455e-44,-2.034999999999978826e+00
4.310000000000000497e+00,1.476387684590737618e-27,1.409909434473726584e-44,-2.029999999999978932e+00
4.315000000000000391e+00,2.527024534519897899e-27,8.059505224403094984e-45,-2.024999999999979039e+00
4.320000000000000284e+00,2.733887110062440355e-27,4.600555986815999321e-45,-2.019999999999979146e+00
4.325000000000000178e+00,2.225512622169899719e-27,2.622392009671974616e-45,-2.014999999999979252e+00
4.330000000000000071e+00,1.225170983330620086e-27,1.492694170721822941e-45,-2.009999999999979359e+00
4.334999999999999964e+00,4.140153542704002815e-28,8.484584279512877523e-46,-2.004999999999979465e+00
4.339999999999999858e+00,2.722158902447617638e-28,4.815899121446844163e-46,-1.999999999999979572e+00
4.344999999999999751e+00,4.786450675535860562e-28,2.729680703960203827e-46,-1.994999999999979678e+00
4.350000000000000533e+00,5.802207501498426583e-28,1.545021564993216496e-46,-1.989999999999979785e+00
4.355000000000000426e+00,4.026875885792894411e-28,8.732649697434199055e-47,-1.984999999999979892e+00
4.360000000000000320e+00,1.107780645772888443e-28,4.928864733526557147e-47,-1.979999999999979998e+00
4.365000000000000213e+00,3.462860488958154953e-28,2.778034883031688140e-47,-1.974999999999980105e+00
4.370000000000000107e+00,1.236583665140843967e-27,1.563575982588865688e-47,-1.969999999999980211e+00
4.375000000000000000e+00,1.602237452907795684e-27,8.788026396889204618e-48,-1.964999999999980318e+00
4.379999999999999893e+00,7.690255167389982241e-28,4.932366554195700146e-48,-1.959999999999980425e+00
4.384999999999999787e+00,9.359070245327173024e-29,2.764467746480200271e-48,-1.954999999999980531e+00
4.389999999999999680e+00,8.935829886752083139e-28,1.547249898843611032e-48,-1.949999999999980638e+00
4.395000000000000462e+00,2.383776303126643577e-27,8.647741729241522608e-49,-1.944999999999980744e+00
4.400000000000000355e+00,3.299538137916302141e-27,4.826572436778077407e-49,-1.939999999999980851e+00
4.405000000000000249e+00,3.816163401031170124e-27,2.690105876068037524e-49,-1.934999999999980957e+00
4.410000000000000142e+00,4.347009307544920018e-27,1.497251993975237887e-49,-1.929999999999981064e+00
4.415000000000000036e+00,4.117883940506316864e-27,8.321774888118450414e-50,-1.924999999999981171e+00
4.419999999999999929e+00,2.611710556049192610e-27,4.618842104257584872e-50,-1.919999999999981277e+00
4.424999999999999822e+00,1.318526383612614710e-27,2.560040931738245414e-50,-1.914999999999981384e+00
4.429999999999999716e+00,2.179279856587811218e-27,1.416960986491363569e-50,-1.909999999999981490e+00
4.435000000000000497e+00,4.580184823440404924e-27,7.831890664666176863e-51,-1.904999999999981597e+00
4.440000000000000391e+00,5.731978211039004927e-27,4.322884437979746155e-51,-1.899999999999981704e+00
4.445000000000000284e+00,4.279065872775437494e-27,2.382755434153120768e-51,-1.894999999999981810e+00
4.450000000000000178e+00,1.773360547751645490e-27,1.311549509126519388e-51,-1.889999999999981917e+00
4.455000000000000071e+00,2.321602674456502882e-28,7.209245765711462292e-52,-1.884999999999982023e+00
4.459999999999999964e+00,7.139776895268578197e-29,3.957267754514634626e-52,-1.879999999999982130e+00
4.464999999999999858e+00,7.097068559613643238e-28,2.169212237574472436e-52,-1.874999999999982236e+00
4.469999999999999751e+00,1.356791882787549297e-27,1.187435966886996546e-52,-1.869999999999982343e+00
4.475000000000000533e+00,1.166712491237910397e-27,6.491131916222163023e-53,-1.864999999999982450e+00
4.480000000000000426e+00,2.875650421872520842e-28,3.543506961641295607e-53,-1.859999999999982556e+00
4.485000000000000320e+00,2.702573958942750919e-28,1.931742792572952391e-53,-1.854999999999982663e+00
4.490000000000000213e+00,1.824600174129966620e-27,1.051644610155399625e-53,-1.849999999999982769e+00
4.495000000000000107e+00,3.199143304525352773e-27,5.717325561531367448e-54,-1.844999999999982876e+00
4.500000000000000000e+00,2.557777644799493574e-27,3.103999197312703245e-54,-1.839999999999982983e+00
4.504999999999999893e+00,7.864151830983390757e-28,1.682889353920622718e-54,-1.834999999999983089e+00
4.509999999999999787e+00,1.298382190109971426e-28,9.111614576774615279e-55,-1.829999999999983196e+00
4.514999999999999680e+00,1.114246788623901252e-27,4.926533739596043078e-55,-1.824999999999983302e+00
4.520000000000000462e+00,2.482137914506083681e-27,2.660078494474844725e-55,-1.819999999999983409e+00
4.525000000000000355e+00,3.235618732171333148e-27,1.434349011707231230e-55,-1.814999999999983515e+00
4.530000000000000249e+00,3.229106144718586617e-27,7.723659953779187379e-56,-1.809999999999983622e+00
4.535000000000000142e+00,2.477497632130113468e-27,4.153363049839976918e-56,-1.804999999999983729e+00
4.540000000000000036e+00,1.227801046865977485e-27,2.230414655755434520e-56,-1.799999999999983835e+00
4.544999999999999929e+00,2.471219552958061815e-28,1.196136688339788274e-56,-1.794999999999983942e+00
4.549999999999999822e+00,3.094121118365424845e-29,6.405986489213960910e-57,-1.789999999999984048e+00
4.554999999999999716e+00,1.495341029680186629e-28,3.426113524566543311e-57,-1.784999999999984155e+00
4.560000000000000497e+00,7.984412694602050170e-29,1.829904904745611982e-57,-1.779999999999984261e+00
4.565000000000000391e+00,6.564422800549471591e-29,9.760382781034131991e-58,-1.774999999999984368e+00
4.570000000000000284e+00,4.767904936837599004e-28,5.198969272354822097e-58,-1.769999999999984475e+00
4.575000000000000178e+00,1.002869739438637485e-27,2.765541858795710504e-58,-1.764999999999984581e+00
4.580000000000000071e+00,1.164612015570176460e-27,1.469116780422742008e-58,-1.759999999999984688e+00
4.584999999999999964e+00,1.045242062837282698e-27,7.793741746291727711e-59,-1.754999999999984794e+00
4.589999999999999858e+00,1.069592996288478611e-27,4.129046947726093554e-59,-1.749999999999984901e+00
4.594999999999999751e+00,1.630463684458027421e-27,2.184581532493966255e-59,-1.744999999999985008e+00
4.600000000000000533e+00,2.991578196469906117e-27,1.154255173503204918e-59,-1.739999999999985114e+00
4.605000000000000426e+00,4.736951730428214715e-27,6.090473285645600638e-60,-1.734999999999985221e+00
4.610000000000000320e+00,5.489388654603371221e-27,3.209344970569268353e-60,-1.729999999999985327e+00
4.615000000000000213e+00,4.308274933132068407e-27,1.688878515308536909e-60,-1.724999999999985434e+00
4.620000000000000107e+00,2.198843758723413877e-27,8.875596972370062124e-61,-1.719999999999985540e+00
4.625000000000000000e+00,1.018026167639245172e-27,4.658159879675700640e-61,-1.714999999999985647e+00
4.629999999999999893e+00,1.107883910508424040e-27,2.441458592788709905e-61,-1.709999999999985754e+00
4.634999999999999787e+00,1.283939193623193836e-27,1.277918008404121116e-61,-1.704999999999985860e+00
4.639999999999999680e+00,8.721610501266234486e-28,6.679989355250228198e-62,-1.699999999999985967e+00
4.645000000000000462e+00,3.516132442032910794e-28,3.487130501484352324e-62,-1.694999999999986073e+00
4.650000000000000355e+00,1.352906327925340999e-28,1.817945154069353758e-62,-1.689999999999986180e+00
4.655000000000000249e+00,8.317914340947428333e-29,9.464855625186360726e-63,-1.684999999999986287e+00
4.660000000000000142e+00,2.459534356551909883e-28,4.921169742608026699e-63,-1.679999999999986393e+00
4.665000000000000036e+00,9.157046706311356471e-28,2.555314289209555022e-63,-1.674999999999986500e+00
4.669999999999999929e+00,1.815244431533491812e-27,1.325080980330588566e-63,-1.669999999999986606e+00
4.674999999999999822e+00,2.173946027603334528e-27,6.862196118870265393e-64,-1.664999999999986713e+00
4.679999999999999716e+00,1.756719287235351161e-27,3.549007599245896995e-64,-1.659999999999986819e+00
4.685000000000000497e+00,1.106899686721352288e-27,1.833050030723702725e-64,-1.654999999999986926e+00
4.690000000000000391e+00,6.878681750456104749e-28,9.455092476814653893e-65,-1.649999999999987033e+00
4.695000000000000284e+00,4.274792009648481184e-28,4.870592569377483973e-65,-1.644999999999987139e+00
4.700000000000000178e+00,2.406878767498180821e-28,2.505664190357290142e-65,-1.639999999999987246e+00
4.705000000000000071e+00,4.157217074975612858e-28,1.287328718577862052e-65,-1.634999999999987352e+00
4.709999999999999964e+00,1.171660366102137548e-27,6.605140485483227201e-66,-1.629999999999987459e+00
4.714999999999999858e+00,2.156864468760251776e-27,3.384551691969009242e-66,-1.624999999999987566e+00
4.719999999999999751e+00,2.695383463479687041e-27,1.731997318111543565e-66,-1.619999999999987672e+00
4.725000000000000533e+00,2.436318943128828837e-27,8.851578591169370611e-67,-1.614999999999987779e+00
4.730000000000000426e+00,1.607326120785224334e-27,4.517749777131233777e-67,-1.609999999999987885e+00
4.735000000000000320e+00,7.189119806718261876e-28,2.302777739805480738e-67,-1.604999999999987992e+00
4.740000000000000213e+00,1.564644857096254924e-28,1.172224392270877541e-67,-1.599999999999988098e+00
4.745000000000000107e+00,4.615489312191213348e-30,5.959349313071479819e-68,-1.594999999999988205e+00
4.750000000000000000e+00,1.371365947051815488e-28,3.025636581008557513e-68,-1.589999999999988312e+00
4.754999999999999893e+00,4.488885453168584896e-28,1.534139972029051263e-68,-1.584999999999988418e+00
4.759999999999999787e+00,9.703564141221023977e-28,7.768621895062559223e-69,-1.579999999999988525e+00
4.764999999999999680e+00,1.637223082836611294e-27,3.928748513169301961e-69,-1.574999999999988631e+00
4.770000000000000462e+00,2.002912210988695071e-27,1.984249094410892948e-69,-1.569999999999988738e+00
4.775000000000000355e+00,1.551156776736519723e-27,1.000853094832016598e-69,-1.564999999999988844e+00
4.780000000000000249e+00,5.143258661280779319e-28,5.041701558679762728e-70,-1.559999999999988951e+00
4.785000000000000142e+00,2.173415502677767196e-29,2.536395947827426952e-70,-1.554999999999989058e+00
4.790000000000000036e+00,9.536345880469321983e-28,1.274355363900813423e-70,-1.549999999999989164e+00
4.794999999999999929e+00,2.759633826679324693e-27,6.394374977439917063e-71,-1.544999999999989271e+00
4.799999999999999822e+00,3.885513390165734348e-27,3.204351587910460155e-71,-1.539999999999989377e+00
4.804999999999999716e+00,3.412878451840500676e-27,1.603678095722859887e-71,-1.534999999999989484e+00
4.810000000000000497e+00,1.907829694098851943e-27,8.015482471202884542e-72,-1.529999999999989591e+00
4.815000000000000391e+00,6.037350606708103336e-28,4.001087381383807567e-72,-1.524999999999989697e+00
4.820000000000000284e+00,1.452571446409958079e-28,1.994631894330518711e-72,-1.519999999999989804e+00
4.825000000000000178e+00,3.128396119254293030e-28,9.930801378723744167e-73,-1.514999999999989910e+00
4.830000000000000071e+00,6.290409866449167030e-28,4.937909244151722838e-73,-1.509999999999990017e+00
4.834999999999999964e+00,8.451388217256355822e-28,2.452108250907147841e-73,-1.504999999999990123e+00
4.839999999999999858e+00,8.953294740404038341e-28,1.216114190962741840e-73,-1.499999999999990230e+00
4.844999999999999751e+00,7.482451733228231379e-28,6.023483304010157081e-74,-1.494999999999990337e+00
4.850000000000000533e+00,4.908876998243391896e-28,2.979615025321537390e-74,-1.489999999999990443e+00
4.855000000000000426e+00,3.450815241863980315e-28,1.472014685725394360e-74,-1.484999999999990550e+00
4.860000000000000320e+00,3.633197420933955436e-28,7.262800649531832439e-75,-1.479999999999990656e+00
4.865000000000000213e+00,3.104771760561348855e-28,3.578792748797583642e-75,-1.474999999999990763e+00
4.870000000000000107e+00,2.050394095356750753e-28,1.761204826962952710e-75,-1.469999999999990870e+00
4.875000000000000000e+00,7.532242869925641021e-28,8.656145087202482921e-76,-1.464999999999990976e+00
4.879999999999999893e+00,2.593402494921542873e-27,4.248943696449931379e-76,-1.459999999999991083e+00
4.884999999999999787e+00,5.075242351188235793e-27,2.082953912021793447e-76,-1.454999999999991189e+00
4.889999999999999680e+00,6.497554467091684280e-27,1.019814132551705753e-76,-1.449999999999991296e+00
4.895000000000000462e+00,5.831110524374575378e-27,4.986611299094468025e-77,-1.444999999999991402e+00
4.900000000000000355e+00,3.690797165809426133e-27,2.435194062231099911e-77,-1.439999999999991509e+00
4.905000000000000249e+00,1.480709101540512812e-27,1.187696965246536355e-77,-1.434999999999991616e+00
4.910000000000000142e+00,2.149437010887515230e-28,5.785250522221827722e-78,-1.429999999999991722e+00
4.915000000000000036e+00,2.221402738688085086e-28,2.814385515783360782e-78,-1.424999999999991829e+00
4.919999999999999929e+00,1.072818707087878435e-27,1.367383505730291435e-78,-1.419999999999991935e+00
4.924999999999999822e+00,1.571340591750374669e-27,6.635029503926147282e-79,-1.414999999999992042e+00
4.929999999999999716e+00,8.853919436238235856e-28,3.215448731054730528e-79,-1.409999999999992149e+00
4.935000000000000497e+00,1.603452688090504427e-29,1.556277241498979996e-79,-1.404999999999992255e+00
4.940000000000000391e+00,8.612494812119469468e-28,7.522798438902116964e-80,-1.399999999999992362e+00
4.945000000000000284e+00,3.280935255066646398e-27,3.631778907215928016e-80,-1.394999999999992468e+00
4.950000000000000178e+00,4.679579148149635883e-27,1.751085408617985826e-80,-1.389999999999992575e+00
4.955000000000000071e+00,3.554315955861543390e-27,8.432253228649341022e-81,-1.384999999999992681e+00
4.959999999999999964e+00,1.792272153555356672e-27,4.055353971804554347e-81,-1.379999999999992788e+00
4.964999999999999858e+00,1.763056391101114696e-27,1.947884232739310972e-81,-1.374999999999992895e+00
4.969999999999999751e+00,2.641202345719111557e-27,9.344309063076837248e-82,-1.369999999999993001e+00
4.975000000000000533e+00,2.039321618497814683e-27,4.476940817442107069e-82,-1.364999999999993108e+00
4.980000000000000426e+00,3.419022931049667935e-28,2.142229756788742174e-82,-1.359999999999993214e+00
4.985000000000000320e+00,3.576640221898428415e-28,1.023768363255273904e-82,-1.354999999999993321e+00
4.990000000000000213e+00,2.580440485970201549e-27,4.886397028689168997e-83,-1.349999999999993427e+00
4.995000000000000107e+00,3.970695791402093259e-27,2.329311725802932661e-83,-1.344999999999993534e+00
5.000000000000000000e+00,2.671483655305594732e-27,1.108967233928013564e-83,-1.339999999999993641e+00
5.004999999999999893e+00,1.179008884935092141e-27,5.273057167808143498e-84,-1.334999999999993747e+00
5.009999999999999787e+00,2.634224384134027071e-27,2.504144187755707992e-84,-1.329999999999993854e+00
5.014999999999999680e+00,5.859812839902319380e-27,1.187708029774067845e-84,-1.324999999999993960e+00
5.020000000000000462e+00,6.843666893926021708e-27,5.626184675630464123e-85,-1.319999999999994067e+00
5.025000000000000355e+00,4.351970584891033187e-27,2.661782862722434983e-85,-1.314999999999994174e+00
5.030000000000000249e+00,1.286061265055659246e-27,1.257725990268898519e-85,-1.309999999999994280e+00
5.035000000000000142e+00,3.352113902862599793e-28,5.935463444232779991e-86,-1.304999999999994387e+00
5.040000000000000036e+00,8.212215970724531667e-28,2.797556326875184380e-86,-1.299999999999994493e+00
5.044999999999999929e+00,7.914624658221418821e-28,1.316919010700116761e-86,-1.294999999999994600e+00
5.049999999999999822e+00,1.673485805406995382e-28,6.191497945363042444e-87,-1.289999999999994706e+00
5.054999999999999716e+00,1.715353907925363245e-28,2.907296013023880347e-87,-1.284999999999994813e+00
5.060000000000000497e+00,8.544488111383658744e-28,1.363452585857627114e-87,-1.279999999999994920e+00
5.065000000000000391e+00,1.063014066194535789e-27,6.386288120345141358e-88,-1.274999999999995026e+00
5.070000000000000284e+00,5.194528851900828878e-28,2.987549222946936789e-88,-1.269999999999995133e+00
5.075000000000000178e+00,3.040388346040937963e-28,1.395854450920630268e-88,-1.264999999999995239e+00
5.080000000000000071e+00,1.057399921772140017e-27,6.513645481418213620e-89,-1.259999999999995346e+00
5.084999999999999964e+00,1.941884633872561368e-27,3.035759932331432507e-89,-1.254999999999995453e+00
5.089999999999999858e+00,1.897459224281199476e-27,1.413092092068500236e-89,-1.249999999999995559e+00
5.094999999999999751e+00,1.075297426796061019e-27,6.569520161614051484e-90,-1.244999999999995666e+00
5.100000000000000533e+00,4.113652326727112488e-28,3.050404151109715735e-90,-1.239999999999995772e+00
5.105000000000000426e+00,3.244520566486820962e-28,1.414627423147166448e-90,-1.234999999999995879e+00
5.110000000000000320e+00,4.709211228699218805e-28,6.552214763964366433e-91,-1.229999999999995985e+00
5.115000000000000213e+00,4.981543083972599450e-28,3.031069828255723239e-91,-1.224999999999996092e+00
5.120000000000000107e+00,4.384181413258225770e-28,1.400444587243787843e-91,-1.219999999999996199e+00
5.125000000000000000e+00,4.040779397267480000e-28,6.462469262391193787e-92,-1.214999999999996305e+00
5.129999999999999893e+00,3.485838343284010087e-28,2.978475465850070891e-92,-1.209999999999996412e+00
5.134999999999999787e+00,2.162960106479587665e-28,1.371048887326827789e-92,-1.204999999999996518e+00
5.139999999999999680e+00,7.062634888860754181e-29,6.303411093057343189e-93,-1.199999999999996625e+00
5.145000000000000462e+00,1.561348824750584056e-29,2.894426327834863474e-93,-1.194999999999996732e+00
5.150000000000000355e+00,1.454724808208998503e-28,1.327437078097511617e-93,-1.189999999999996838e+00
5.155000000000000249e+00,5.343961451719777207e-28,6.080374972846304052e-94,-1.184999999999996945e+00
5.160000000000000142e+00,1.077602860518927444e-27,2.781711927935291586e-94,-1.179999999999997051e+00
5.165000000000000036e+00,1.385538287377971114e-27,1.271041441524585810e-94,-1.174999999999997158e+00
5.169999999999999929e+00,1.110018240042314241e-27,5.800606864191442854e-95,-1.169999999999997264e+00
5.174999999999999822e+00,4.421725221362162405e-28,2.643952886672036823e-95,-1.164999999999997371e+00
5.179999999999999716e+00,4.469567826801377675e-29,1.203652007143729720e-95,-1.159999999999997478e+00
5.185000000000000497e+00,3.393229896613044728e-28,5.472874915826750954e-96,-1.154999999999997584e+00
5.190000000000000391e+00,1.012452987427100821e-27,2.485408837982845071e-96,-1.149999999999997691e+00
5.195000000000000284e+00,1.378819282878913712e-27,1.127322782736718548e-96,-1.144999999999997797e+00
5.200000000000000178e+00,1.127203333245119293e-27,5.107016372656641808e-97,-1.139999999999997904e+00
5.205000000000000071e+00,5.485244284115337590e-28,2.310761520053733836e-97,-1.134999999999998010e+00
5.209999999999999964e+00,1.095402845781716281e-28,1.044268801525297751e-97,-1.129999999999998117e+00
5.214999999999999858e+00,5.859098684921429454e-30,4.713452858507845975e-98,-1.124999999999998224e+00
5.219999999999999751e+00,1.434942416588137206e-28,2.124888314951043142e-98,-1.119999999999998330e+00
5.225000000000000533e+00,3.606739614054458132e-28,9.567611043001804423e-99,-1.114999999999998437e+00
5.230000000000000426e+00,5.416702592858816998e-28,4.302706903232120480e-99,-1.109999999999998543e+00
5.235000000000000320e+00,6.000044757174213484e-28,1.932641269996800982e-99,-1.104999999999998650e+00
5.240000000000000213e+00,4.930041393807358901e-28,8.670264647841017279e-100,-1.099999999999998757e+00
5.245000000000000107e+00,2.770515460255480669e-28,3.884950242946656073e-100,-1.094999999999998863e+00
5.250000000000000000e+00,8.320453659759346610e-29,1.738645149112899516e-100,-1.089999999999998970e+00
5.254999999999999893e+00,3.390917392793212771e-30,7.771578050893096053e-101,-1.084999999999999076e+00
5.259999999999999787e+00,2.066951431801981021e-29,3.469609688528141490e-101,-1.079999999999999183e+00
5.264999999999999680e+00,6.698312028938397076e-29,1.547125557144939383e-101,-1.074999999999999289e+00
5.270000000000000462e+00,1.275111012911197632e-28,6.890399590337678452e-102,-1.069999999999999396e+00
5.275000000000000355e+00,2.531331111707185433e-28,3.065049870146906800e-102,-1.064999999999999503e+00
5.280000000000000249e+00,4.599695013639774935e-28,1.361774974955652056e-102,-1.059999999999999609e+00
5.285000000000000142e+00,6.473920875048928388e-28,6.042938822354866801e-103,-1.054999999999999716e+00
5.290000000000000036e+00,6.673572832534708907e-28,2.678344689095422593e-103,-1.049999999999999822e+00
5.294999999999999929e+00,4.993511556853669191e-28,1.185661002167008918e-103,-1.044999999999999929e+00
5.299999999999999822e+00,3.222123413628693160e-28,5.242407504449946094e-104,-1.040000000000000036e+00
5.304999999999999716e+00,3.541604426240819593e-28,2.315141635440576950e-104,-1.035000000000000142e+00
5.310000000000000497e+00,6.084841943131181371e-28,1.021177590483408553e-104,-1.030000000000000249e+00
5.315000000000000391e+00,8.517449884940324943e-28,4.498857951948376314e-105,-1.025000000000000355e+00
5.320000000000000284e+00,8.398726010631851605e-28,1.979615990234356153e-105,-1.020000000000000462e+00
5.325000000000000178e+00,5.741549959972383373e-28,8.700368838583222586e-106,-1.015000000000000568e+00
5.330000000000000071e+00,2.838872170208227529e-28,3.819203371987882585e-106,-1.010000000000000675e+00
5.334999999999999964e+00,1.659220691380262732e-28,1.674505914730565214e-106,-1.005000000000000782e+00
5.339999999999999858e+00,1.936739435295694294e-28,7.332967093474405829e-107,-1.000000000000000888e+00
5.344999999999999751e+00,2.022199774413595988e-28,3.207393941069565583e-107,-9.950000000000008837e-01
5.350000000000000533e+00,1.128558327356393789e-28,1.401214939255387007e-107,-9.900000000000008793e-01
5.355000000000000426e+00,1.577650674985133777e-29,6.114169396011166790e-108,-9.850000000000008749e-01
5.360000000000000320e+00,3.838989265564086261e-29,2.664715172961265918e-108,-9.800000000000008704e-01
5.365000000000000213e+00,1.939074122798864167e-28,1.159965596300159169e-108,-9.750000000000008660e-01
5.370000000000000107e+00,3.959816084584548866e-28,5.043369332605797533e-109,-9.700000000000008615e-01
5.375000000000000000e+00,5.864872577254636677e-28,2.190171651428088096e-109,-9.650000000000008571e-01
5.379999999999999893e+00,7.839969581404201232e-28,9.499868910886894683e-110,-9.600000000000008527e-01
5.384999999999999787e+00,9.906613932839784621e-28,4.115660224620359497e-110,-9.550000000000008482e-01
5.389999999999999680e+00,1.104596002250172151e-27,1.780919212614896351e-110,-9.500000000000008438e-01
5.395000000000000462e+00,9.888407349595368541e-28,7.697187935395081408e-111,-9.450000000000008393e-01
5.400000000000000355e+00,6.382281857345098821e-28,3.322794543040392141e-111,-9.400000000000008349e-01
5.405000000000000249e+00,2.368422937963745976e-28,1.432711587999731444e-111,-9.350000000000008304e-01
5.410000000000000142e+00,1.454135020742273664e-29,6.170186694299808162e-112,-9.300000000000008260e-01
5.415000000000000036e+00,5.612491426208209850e-29,2.654131530505148282e-112,-9.250000000000008216e-01
5.419999999999999929e+00,2.780937038824941354e-28,1.140332602116037150e-112,-9.200000000000008171e-01
5.424999999999999822e+00,5.752561427348945301e-28,4.893571759018219289e-113,-9.150000000000008127e-01
5.429999999999999716e+00,9.215727790578859093e-28,2.097519749005388612e-113,-9.100000000000008082e-01
5.435000000000000497e+00,1.283937903791635297e-27,8.979914242487058006e-114,-9.050000000000008038e-01
5.440000000000000391e+00,1.494276042209358934e-27,3.839942386275646254e-114,-9.000000000000007994e-01
5.445000000000000284e+00,1.330818565937476296e-27,1.640075989416830784e-114,-8.950000000000007949e-01
5.450000000000000178e+00,7.902861446032897669e-28,6.996652909829932256e-115,-8.900000000000007905e-01
5.455000000000000071e+00,2.112179274293966075e-28,2.981289424995631913e-115,-8.850000000000007860e-01
5.459999999999999964e+00,5.745444984444375155e-30,1.268836759510789582e-115,-8.800000000000007816e-01
5.464999999999999858e+00,2.387566941477559037e-28,5.393808451140394264e-116,-8.750000000000007772e-01
5.469999999999999751e+00,5.625250251586260559e-28,2.290202016318808899e-116,-8.700000000000007727e-01
5.475000000000000533e+00,6.466511795722183436e-28,9.712721196650113475e-117,-8.650000000000007683e-01
5.480000000000000426e+00,6.168855709141785711e-28,4.114312344181005691e-117,-8.600000000000007638e-01
5.485000000000000320e+00,9.329884523726821309e-28,1.740777042531699969e-117,-8.550000000000007594e-01
5.490000000000000213e+00,1.788432468802737645e-27,7.356630553530422902e-118,-8.500000000000007550e-01
5.495000000000000107e+00,2.741668655926202523e-27,3.105310233500401690e-118,-8.450000000000007505e-01
5.500000000000000000e+00,3.074347599590977938e-27,1.309247163680935961e-118,-8.400000000000007461e-01
5.504999999999999893e+00,2.516861321861063987e-27,5.513523560012272055e-119,-8.350000000000007416e-01
5.509999999999999787e+00,1.521062699963879339e-27,2.319146155854333397e-119,-8.300000000000007372e-01
5.514999999999999680e+00,7.783725339818150377e-28,9.743581919993848657e-120,-8.250000000000007327e-01
5.520000000000000462e+00,5.531239934373415287e-28,4.088849672014935685e-120,-8.200000000000007283e-01
5.525000000000000355e+00,5.664479075068001515e-28,1.713862483744616351e-120,-8.150000000000007239e-01
5.530000000000000249e+00,4.628370721913221126e-28,7.175356266100391991e-121,-8.100000000000007194e-01
5.535000000000000142e+00,2.269147622147390976e-28,3.000571483423284945e-121,-8.050000000000007150e-01
5.540000000000000036e+00,8.590535039532727516e-29,1.253308078644976203e-121,-8.000000000000007105e-01
5.544999999999999929e+00,1.353280560743484892e-28,5.228840510019204665e-122,-7.950000000000007061e-01
5.549999999999999822e+00,2.313281667227202011e-28,2.178948604625034684e-122,-7.900000000000007017e-01
5.554999999999999716e+00,2.647390661418090844e-28,9.069491815670452776e-123,-7.850000000000006972e-01
5.560000000000000497e+00,3.957541425834004408e-28,3.770627534703924722e-123,-7.800000000000006928e-01
5.565000000000000391e+00,8.898004793231254099e-28,1.565811107212812508e-123,-7.750000000000006883e-01
5.570000000000000284e+00,1.734849669627822659e-27,6.494720947344463829e-124,-7.700000000000006839e-01
5.575000000000000178e+00,2.518903342888995220e-27,2.690774798096952096e-124,-7.650000000000006795e-01
5.580000000000000071e+00,2.743718555793997976e-27,1.113500132104593165e-124,-7.600000000000006750e-01
5.584999999999999964e+00,2.252939890229030093e-27,4.602561460297648101e-125,-7.550000000000006706e-01
5.589999999999999858e+00,1.350575919061375267e-27,1.900227758757414785e-125,-7.500000000000006661e-01
5.594999999999999751e+00,5.361538964911792332e-28,7.836259191678316778e-126,-7.450000000000006617e-01
5.600000000000000533e+00,1.402618810207703087e-28,3.227820188821391788e-126,-7.400000000000006573e-01
5.605000000000000426e+00,1.601773340981395038e-28,1.328029174469610622e-126,-7.350000000000006528e-01
5.610000000000000320e+00,3.592471221482783637e-28,5.457628525375974367e-127,-7.300000000000006484e-01
5.615000000000000213e+00,4.931589035724272694e-28,2.240261599256384650e-127,-7.250000000000006439e-01
5.620000000000000107e+00,4.869367386641245323e-28,9.185276529031408623e-128,-7.200000000000006395e-01
5.625000000000000000e+00,4.497802962581264217e-28,3.761705621466549139e-128,-7.150000000000006350e-01
5.629999999999999893e+00,5.237470684621299481e-28,1.538780864036833332e-128,-7.100000000000006306e-01
5.634999999999999787e+00,6.960003951767765534e-28,6.287362173261449388e-129,-7.050000000000006262e-01
5.639999999999999680e+00,7.706421182338972105e-28,2.566021191088479320e-129,-7.000000000000006217e-01
5.645000000000000462e+00,5.723576976122442382e-28,1.046049865133220249e-129,-6.950000000000006173e-01
5.650000000000000355e+00,1.981207856985080973e-28,4.259368882206341546e-130,-6.900000000000006128e-01
5.655000000000000249e+00,2.064314606489149681e-29,1.732364055108895475e-130,-6.850000000000006084e-01
5.660000000000000142e+00,3.676165318637468772e-28,7.037759885744075039e-131,-6.800000000000006040e-01
5.665000000000000036e+00,1.164541462997419399e-27,2.855823906028574301e-131,-6.750000000000005995e-01
5.669999999999999929e+00,1.922924854853552306e-27,1.157525127680859524e-131,-6.700000000000005951e-01
5.674999999999999822e+00,2.128721758146239458e-27,4.686318256276997638e-132,-6.650000000000005906e-01
5.679999999999999716e+00,1.670214321189807338e-27,1.895116024028655530e-132,-6.600000000000005862e-01
5.685000000000000497e+00,8.982058429083242868e-28,7.654958241291787383e-133,-6.550000000000005818e-01
5.690000000000000391e+00,2.881366876955705221e-28,3.088539562652741339e-133,-6.500000000000005773e-01
5.695000000000000284e+00,5.899883940012398237e-29,1.244707066893595092e-133,-6.450000000000005729e-01
5.700000000000000178e+00,9.484164886430319262e-29,5.010546623173101620e-134,-6.400000000000005684e-01
5.705000000000000071e+00,1.654873283202011003e-28,2.014685901903206753e-134,-6.350000000000005640e-01
5.709999999999999964e+00,1.630221718853929602e-28,8.091596087929062097e-135,-6.300000000000005596e-01
5.714999999999999858e+00,1.344678366936097690e-28,3.246130484537055604e-135,-6.250000000000005551e-01
5.719999999999999751e+00,1.589931009659043942e-28,1.300777450065334615e-135,-6.200000000000005507e-01
5.725000000000000533e+00,2.581995974231868948e-28,5.206496659949353807e-136,-6.150000000000005462e-01
5.730000000000000426e+00,4.201172746498210563e-28,2.081584645682982677e-136,-6.100000000000005418e-01
5.735000000000000320e+00,6.489280128149542646e-28,8.312827386336390963e-137,-6.050000000000005373e-01
5.740000000000000213e+00,9.422200165908364483e-28,3.315965261654598212e-137,-6.000000000000005329e-01
5.745000000000000107e+00,1.228852849222191729e-27,1.321228768913559397e-137,-5.950000000000005285e-01
5.750000000000000000e+00,1.377369367621084639e-27,5.258395253715844596e-138,-5.900000000000005240e-01
5.754999999999999893e+00,1.301043412663940893e-27,2.090431327044281788e-138,-5.850000000000005196e-01
5.759999999999999787e+00,1.052289817403265892e-27,8.300922712979270508e-139,-5.800000000000005151e-01
5.764999999999999680e+00,7.911267587797325872e-28,3.292493587087062984e-139,-5.750000000000005107e-01
5.770000000000000462e+00,6.466111787779496939e-28,1.304463469550666325e-139,-5.700000000000005063e-01
5.775000000000000355e+00,6.100012708042706013e-28,5.162352253284801790e-140,-5.650000000000005018e-01
5.780000000000000249e+00,5.660893722597179678e-28,2.040668177765152558e-140,-5.600000000000004974e-01
5.785000000000000142e+00,4.240357178960824265e-28,8.057614849852038497e-141,-5.550000000000004929e-01
5.790000000000000036e+00,2.121920996063941469e-28,3.177973593907672695e-141,-5.500000000000004885e-01
5.794999999999999929e+00,4.950659802920149612e-29,1.251999175719519131e-141,-5.450000000000004841e-01
5.799999999999999822e+00,3.468489804286007947e-29,4.926835831561352586e-142,-5.400000000000004796e-01
5.804999999999999716e+00,1.649642139198287911e-28,1.936612539339545455e-142,-5.350000000000004752e-01
5.810000000000000497e+00,3.497238311192462799e-28,7.603758193476444768e-143,-5.300000000000004707e-01
5.815000000000000391e+00,4.869873371617463224e-28,2.982119716964549698e-143,-5.250000000000004663e-01
5.820000000000000284e+00,5.258316471203609310e-28,1.168243513541349791e-143,-5.200000000000004619e-01
5.825000000000000178e+00,4.738449086127934749e-28,4.571445200011357404e-144,-5.150000000000004574e-01
5.830000000000000071e+00,3.692370122198358341e-28,1.786840554603851392e-144,-5.100000000000004530e-01
5.834999999999999964e+00,2.568401266692149793e-28,6.976386508016043857e-145,-5.050000000000004485e-01
5.839999999999999858e+00,1.806098345409116603e-28,2.720746146334379248e-145,-5.000000000000004441e-01
5.844999999999999751e+00,1.767913802821966758e-28,1.059884581224126858e-145,-4.950000000000004396e-01
5.850000000000000533e+00,2.558928153910745091e-28,4.124226358161617880e-146,-4.900000000000004352e-01
5.855000000000000426e+00,3.863741285120821076e-28,1.603024224336492819e-146,-4.850000000000004308e-01
5.860000000000000320e+00,5.029229204153651018e-28,6.223743044317036827e-147,-4.800000000000004263e-01
5.865000000000000213e+00,5.425368097367285750e-28,2.413667835573930673e-147,-4.750000000000004219e-01
5.870000000000000107e+00,4.834506120614630914e-28,9.350136176462291444e-148,-4.700000000000004174e-01
5.875000000000000000e+00,3.560184931174317141e-28,3.618039095794995855e-148,-4.650000000000004130e-01
5.879999999999999893e+00,2.177615291625919187e-28,1.398439760928308210e-148,-4.600000000000004086e-01
5.884999999999999787e+00,1.144318331152485428e-28,5.399204309218487071e-149,-4.550000000000004041e-01
5.889999999999999680e+00,5.792490211635861660e-29,2.082243674127716995e-149,-4.500000000000003997e-01
5.895000000000000462e+00,3.430129920600140014e-29,8.021386317952414788e-150,-4.450000000000003952e-01
5.900000000000000355e+00,2.911387442970300398e-29,3.086623841338578363e-150,-4.400000000000003908e-01
5.905000000000000249e+00,4.544323864939169693e-29,1.186409652396599159e-150,-4.350000000000003864e-01
5.910000000000000142e+00,9.995081288853806605e-29,4.555149413512260172e-151,-4.300000000000003819e-01
5.915000000000000036e+00,2.025298055364760461e-28,1.746979751504200279e-151,-4.250000000000003775e-01
5.919999999999999929e+00,3.382339549133949186e-28,6.692535794937289787e-152,-4.200000000000003730e-01
5.924999999999999822e+00,4.671667467464166178e-28,2.561010850368305120e-152,-4.150000000000003686e-01
5.929999999999999716e+00,5.435426266676846726e-28,9.789270192552013000e-153,-4.100000000000003642e-01
5.935000000000000497e+00,5.411718384648784461e-28,3.737727969981502897e-153,-4.050000000000003597e-01
5.940000000000000391e+00,4.686399294996954033e-28,1.425554544694025282e-153,-4.000000000000003553e-01
5.945000000000000284e+00,3.647042009460074416e-28,5.430990668102687787e-154,-3.950000000000003508e-01
5.950000000000000178e+00,2.769666431799052337e-28,2.066777086636168084e-154,-3.900000000000003464e-01
5.955000000000000071e+00,2.366244373504795469e-28,7.856477624158685184e-155,-3.850000000000003419e-01
5.959999999999999964e+00,2.437571640823851544e-28,2.983197936809231323e-155,-3.800000000000003375e-01
5.964999999999999858e+00,2.709535742187478072e-28,1.131505078738394150e-155,-3.750000000000003331e-01
5.969999999999999751e+00,2.823020273254248950e-28,4.286980259317998041e-156,-3.700000000000003286e-01
5.975000000000000533e+00,2.559849513800269492e-28,1.622434940065729427e-156,-3.650000000000003242e-01
5.980000000000000426e+00,1.968549034031438124e-28,6.133441396488684567e-157,-3.600000000000003197e-01
5.985000000000000320e+00,1.315949366889802209e-28,2.316128035985098834e-157,-3.550000000000003153e-01
5.990000000000000213e+00,8.991572272019983136e-29,8.736603214229483286e-158,-3.500000000000003109e-01
5.995000000000000107e+00,8.422024735172150357e-29,3.291885005571108011e-158,-3.450000000000003064e-01
6.000000000000000000e+00,1.014310485758294721e-28,1.238993376084146308e-158,-3.400000000000003020e-01
6.004999999999999893e+00,1.128964010476653201e-28,4.658175940197359087e-159,-3.350000000000002975e-01
6.009999999999999787e+00,9.607908878771463160e-29,1.749386032256213517e-159,-3.300000000000002931e-01
6.015000000000000568e+00,5.313587614665864963e-29,6.562639877770244795e-160,-3.250000000000002887e-01
6.020000000000000462e+00,1.274614144481839492e-29,2.459206122687879494e-160,-3.200000000000002842e-01
6.025000000000000355e+00,1.246404291167087608e-29,9.205237898016165078e-161,-3.150000000000002798e-01
6.030000000000000249e+00,7.242379739949821730e-29,3.441906878446023583e-161,-3.100000000000002753e-01
6.035000000000000142e+00,1.780428939633142442e-28,1.285545688497684065e-161,-3.050000000000002709e-01
6.040000000000000036e+00,2.842752247658244370e-28,4.796235536429715501e-162,-3.000000000000002665e-01
6.044999999999999929e+00,3.399601132813821183e-28,1.787468350955953827e-162,-2.950000000000002620e-01
6.049999999999999822e+00,3.173042003696930024e-28,6.654284672374550759e-163,-2.900000000000002576e-01
6.054999999999999716e+00,2.278717336072365623e-28,2.474513531011718437e-163,-2.850000000000002531e-01
6.060000000000000497e+00,1.152755970162282646e-28,9.191872998633693188e-164,-2.800000000000002487e-01
6.065000000000000391e+00,2.998776000248499860e-29,3.410705382219914827e-164,-2.750000000000002442e-01
6.070000000000000284e+00,2.815776677040561038e-30,1.264185166093997450e-164,-2.700000000000002398e-01
6.075000000000000178e+00,3.315857851667424651e-29,4.680623926030681970e-165,-2.650000000000002354e-01
6.080000000000000071e+00,9.700938877111080131e-29,1.731106007202255374e-165,-2.600000000000002309e-01
6.084999999999999964e+00,1.661780500322898260e-28,6.395444245654281795e-166,-2.550000000000002265e-01
6.089999999999999858e+00,2.239928770764819980e-28,2.360180352347903031e-166,-2.500000000000002220e-01
6.094999999999999751e+00,2.676880475328185276e-28,8.700563173385953268e-167,-2.450000000000002176e-01
6.100000000000000533e+00,2.992838022025728402e-28,3.203889428674917924e-167,-2.400000000000002132e-01
6.105000000000000426e+00,3.157946004443526523e-28,1.178517225863324996e-167,-2.350000000000002087e-01
6.110000000000000320e+00,3.091769104918082467e-28,4.330348907424437238e-168,-2.300000000000002043e-01
6.115000000000000213e+00,2.771711156440891412e-28,1.589419964867743008e-168,-2.250000000000001998e-01
6.120000000000000107e+00,2.356109828428567188e-28,5.827516810759391604e-169,-2.200000000000001954e-01
6.125000000000000000e+00,2.194752244947725252e-28,2.134311385695137996e-169,-2.150000000000001910e-01
6.129999999999999893e+00,2.670716910700157662e-28,7.808393295615192878e-170,-2.100000000000001865e-01
6.134999999999999787e+00,3.944955568252571507e-28,2.853615847526623660e-170,-2.050000000000001821e-01
6.140000000000000568e+00,5.766269990274517987e-28,1.041740485512311792e-170,-2.000000000000001776e-01
6.145000000000000462e+00,7.493899964481531460e-28,3.798866740404709673e-171,-1.950000000000001732e-01
6.150000000000000355e+00,8.360387451947487380e-28,1.383819142287380390e-171,-1.900000000000001688e-01
6.155000000000000249e+00,7.853170326900646654e-28,5.035419316159728784e-172,-1.850000000000001643e-01
6.160000000000000142e+00,6.010241034449541583e-28,1.830304118906548888e-172,-1.800000000000001599e-01
6.165000000000000036e+00,3.461751033059525152e-28,6.645726353653941778e-173,-1.750000000000001554e-01
6.169999999999999929e+00,1.183850748034213578e-28,2.410424363114550729e-173,-1.700000000000001510e-01
6.174999999999999822e+00,8.312196676536124763e-30,8.733266060820131794e-174,-1.650000000000001465e-01
6.179999999999999716e+00,6.134098034309631577e-29,3.160765501174001017e-174,-1.600000000000001421e-01
6.185000000000000497e+00,2.600843528606971811e-28,1.142721863070126716e-174,-1.550000000000001377e-01
6.190000000000000391e+00,5.340901642986382234e-28,4.126879075589233939e-175,-1.500000000000001332e-01
6.195000000000000284e+00,7.900510203406108010e-28,1.488799344545017969e-175,-1.450000000000001288e-01
6.200000000000000178e+00,9.475952946863163388e-28,5.365177368461024880e-176,-1.400000000000001243e-01
6.205000000000000071e+00,9.655742757004570635e-28,1.931371237003589838e-176,-1.350000000000001199e-01
6.209999999999999964e+00,8.502672181396581749e-28,6.945147368564789917e-177,-1.300000000000001155e-01
6.214999999999999858e+00,6.457836535919275718e-28,2.494775509111478394e-177,-1.250000000000001110e-01
6.219999999999999751e+00,4.137228886083151534e-28,8.951917032540859923e-178,-1.200000000000001066e-01
6.225000000000000533e+00,2.114951814623429770e-28,3.208746912367785238e-178,-1.150000000000001021e-01
6.230000000000000426e+00,7.686492787801195524e-29,1.148920521084318920e-178,-1.100000000000000977e-01
6.235000000000000320e+00,2.218499833106651625e-29,4.109413892372284371e-179,-1.050000000000000933e-01
6.240000000000000213e+00,3.766257599108062620e-29,1.468268312759322062e-179,-1.000000000000000888e-01
6.245000000000000107e+00,1.002786620448223921e-28,5.240429443640863771e-180,-9.500000000000008438e-02
6.250000000000000000e+00,1.840985948631309287e-28,1.868376977418608764e-180,-9.000000000000007994e-02
6.254999999999999893e+00,2.683553797513391250e-28,6.654241827062745359e-181,-8.500000000000007550e-02
6.259999999999999787e+00,3.412608873147830885e-28,2.367387565013859824e-181,-8.000000000000007105e-02
6.265000000000000568e+00,3.993733504063045373e-28,8.413508143252243448e-182,-7.500000000000006661e-02
6.270000000000000462e+00,4.439524532559731439e-28,2.986909862579501471e-182,-7.000000000000006217e-02
6.275000000000000355e+00,4.766001566494714823e-28,1.059264991573342011e-182,-6.500000000000005773e-02
6.280000000000000249e+00,4.963669887157127900e-28,3.752536200946013425e-183,-6.000000000000006023e-02
6.285000000000000142e+00,4.994999822088963966e-28,1.327954499840185814e-183,-5.500000000000006273e-02
6.290000000000000036e+00,4.815903845997972196e-28,4.694396793524092757e-184,-5.000000000000006523e-02
6.294999999999999929e+00,4.407107239466149382e-28,1.657734421850613628e-184,-4.500000000000006772e-02
6.299999999999999822e+00,3.797516209948992756e-28,5.847751879402678430e-185,-4.000000000000007022e-02
6.304999999999999716e+00,3.067135302806026753e-28,2.060639416846859139e-185,-3.500000000000007272e-02
6.310000000000000497e+00,2.328373507385063444e-28,7.253613557370273428e-186,-3.000000000000007175e-02
6.315000000000000391e+00,1.695483568967991900e-28,2.550623947869127472e-186,-2.500000000000007078e-02
6.320000000000000284e+00,1.256797043389822619e-28,8.959387477139199178e-187,-2.000000000000006981e-02
6.325000000000000178e+00,1.061317296395853179e-28,3.143766880318574299e-187,-1.500000000000006883e-02
6.330000000000000071e+00,1.122487859827595030e-28,1.101952152880610910e-187,-1.000000000000006786e-02
6.334999999999999964e+00,1.432724115672513789e-28,3.858475875700039269e-188,-5.000000000000067758e-03
6.339999999999999858e+00,1.977537052632630733e-28,1.349614539238684044e-188,-6.765421556309547668e-17
6.344999999999999751e+00,2.739924112241689174e-28,4.715685935678997434e-189,4.999999999999932450e-03
6.350000000000000533e+00,3.692601910901261891e-28,1.645968135080750316e-189,9.999999999999932554e-03
6.355000000000000426e+00,4.783529284044127244e-28,5.739045340948142080e-190,1.499999999999993353e-02
6.360000000000000320e+00,5.924764618679066026e-28,1.998940323223071769e-190,1.999999999999993450e-02
6.365000000000000213e+00,6.993786398347663642e-28,6.955081112736338778e-191,2.499999999999993547e-02
6.370000000000000107e+00,7.850695950866502477e-28,2.417391685765606805e-191,2.999999999999993644e-02
6.375000000000000000e+00,8.367236225461261415e-28,8.393335046296666696e-192,3.499999999999993394e-02
6.379999999999999893e+00,8.457930074372982241e-28,2.911153207995736538e-192,3.999999999999993144e-02
6.384999999999999787e+00,8.102328403636535601e-28,1.008646037755683463e-192,4.499999999999992895e-02
6.390000000000000568e+00,7.350655568438175922e-28,3.491049358761870647e-193,4.999999999999992645e-02
6.395000000000000462e+00,6.311299388120330493e-28,1.207026830560870633e-193,5.499999999999992395e-02
6.400000000000000355e+00,5.124857191016630537e-28,4.168903530764175317e-194,5.999999999999992145e-02
6.405000000000000249e+00,3.933365947083099577e-28,1.438371296985849204e-194,6.499999999999991895e-02
6.410000000000000142e+00,2.853747535732670969e-28,4.957522168970133264e-195,6.999999999999992339e-02
6.415000000000000036e+00,1.961778552494385569e-28,1.706880314012917564e-195,7.499999999999992784e-02
6.419999999999999929e+00,1.288567828326427260e-28,5.870653860759085158e-196,7.999999999999993228e-02
6.424999999999999822e+00,8.274365503568927203e-29,2.017042889050916770e-196,8.499999999999993672e-02
6.429999999999999716e+00,5.466290532366543554e-29,6.922919729266145861e-197,8.999999999999994116e-02
6.435000000000000497e+00,4.029219806921578448e-29,2.373609196078966354e-197,9.499999999999994560e-02
6.440000000000000391e+00,3.525408129702515081e-29,8.129711682305487606e-198,9.999999999999995004e-02
6.445000000000000284e+00,3.578977533031321270e-29,2.781552942454055391e-198,1.049999999999999545e-01
6.450000000000000178e+00,3.905477531373804980e-29,9.507055441270208904e-199,1.099999999999999589e-01
6.455000000000000071e+00,4.317787727122848337e-29,3.246022173182508929e-199,1.149999999999999634e-01
6.459999999999999964e+00,4.722779687858796561e-29,1.107143582175321131e-199,1.199999999999999678e-01
6.464999999999999858e+00,5.116550093011633544e-29,3.772277821450303053e-200,1.249999999999999722e-01
6.469999999999999751e+00,5.577738960416357546e-29,1.283958246930113362e-200,1.299999999999999767e-01
6.475000000000000533e+00,6.253119725720143846e-29,4.365619575157488178e-201,1.349999999999999811e-01
6.480000000000000426e+00,7.329630593230980442e-29,1.482821517212511596e-201,1.399999999999999856e-01
6.485000000000000320e+00,8.991805807025610129e-29,5.031298948686025316e-202,1.449999999999999900e-01
6.490000000000000213e+00,1.137052590141788345e-28,1.705374897237030490e-202,1.499999999999999944e-01
6.495000000000000107e+00,1.449478123234888340e-28,5.774419824088149513e-203,1.549999999999999989e-01
6.500000000000000000e+00,1.826010051066522966e-28,1.953196056449095348e-203,1.600000000000000033e-01
6.504999999999999893e+00,2.242446593355881181e-28,6.599827150335400338e-204,1.650000000000000078e-01
6.509999999999999787e+00,2.663579942794009984e-28,2.227761887964421687e-204,1.700000000000000122e-01
6.515000000000000568e+00,3.048669321468735231e-28,7.511984954151008597e-205,1.750000000000000167e-01
6.520000000000000462e+00,3.358466122232126682e-28,2.530408427518224302e-205,1.800000000000000211e-01
6.525000000000000355e+00,3.562202189741866898e-28,8.514845309069506180e-206,1.850000000000000255e-01
6.530000000000000249e+00,3.642967615166954704e-28,2.862288233489948974e-206,1.900000000000000300e-01
6.535000000000000142e+00,3.600325981227620846e-28,9.611710415532138947e-207,1.950000000000000344e-01
6.540000000000000036e+00,3.449704378688193154e-28,3.224325988620736389e-207,2.000000000000000389e-01
6.544999999999999929e+00,3.218853549757927772e-28,1.080509044613454794e-207,2.050000000000000433e-01
6.549999999999999822e+00,2.942302608934475040e-28,3.617173239449204372e-208,2.100000000000000477e-01
6.554999999999999716e+00,2.655090209778966405e-28,1.209656028646026942e-208,2.150000000000000522e-01
6.560000000000000497e+00,2.387082620932080510e-28,4.041163333612037937e-209,2.200000000000000566e-01
6.565000000000000391e+00,2.158920743607995135e-28,1.348661873155309814e-209,2.250000000000000611e-01
6.570000000000000284e+00,1.980172838740328738e-28,4.496267740969945708e-210,2.300000000000000655e-01
6.575000000000000178e+00,1.849741129408054571e-28,1.497455405854591180e-210,2.350000000000000699e-01
6.580000000000000071e+00,1.758107272393922609e-28,4.982055044919324740e-211,2.400000000000000744e-01
6.584999999999999964e+00,1.690697385039521980e-28,1.655832016502858148e-211,2.450000000000000788e-01
6.589999999999999858e+00,1.631543335118735719e-28,5.497653958359896033e-212,2.500000000000000555e-01
6.594999999999999751e+00,1.566501935422502235e-28,1.823442761944871916e-212,2.550000000000000600e-01
6.600000000000000533e+00,1.485515398327477279e-28,6.041721748319537073e-213,2.600000000000000644e-01
6.605000000000000426e+00,1.383681801731265017e-28,1.999785399565401474e-213,2.650000000000000688e-01
6.610000000000000320e+00,1.261180308097205162e-28,6.612419438843287265e-214,2.700000000000000733e-01
6.615000000000000213e+00,1.122306168592499353e-28,2.184197774361441228e-214,2.750000000000000777e-01
6.620000000000000107e+00,9.739849823837256117e-29,7.207395099384883364e-215,2.800000000000000822e-01
6.625000000000000000e+00,8.241514684209524351e-29,2.375853957204609430e-215,2.850000000000000866e-01
6.629999999999999893e+00,6.803142541129960994e-29,7.823776413166757818e-216,2.900000000000000910e-01
6.634999999999999787e+00,5.485166184589403374e-29,2.573763488130287645e-216,2.950000000000000955e-01
6.640000000000000568e+00,4.327780600565090227e-29,8.458173556259083283e-217,3.000000000000000999e-01
6.645000000000000462e+00,3.349916918868215798e-29,2.776774018805775206e-217,3.050000000000001044e-01
6.650000000000000355e+00,2.551759959898117420e-29,9.106693205029725418e-218,3.100000000000001088e-01
6.655000000000000249e+00,1.919428521498188045e-29,2.983577573536475173e-218,3.150000000000001132e-01
6.660000000000000142e+00,1.430434118136769283e-29,9.764964230904691158e-219,3.200000000000001177e-01
6.665000000000000036e+00,1.058792342006720642e-29,3.192720559813105447e-219,3.250000000000001221e-01
6.669999999999999929e+00,7.790552526450562629e-30,1.042817534305196435e-219,3.300000000000001266e-01
6.674999999999999822e+00,5.689460370331236264e-30,3.402617559724527506e-220,3.350000000000001310e-01
6.679999999999999716e+00,4.106225893312214413e-30,1.109112460979249147e-220,3.400000000000001354e-01
6.685000000000000497e+00,2.908285167943867201e-30,3.611568825446165158e-221,3.450000000000001399e-01
6.690000000000000391e+00,2.002995291756194118e-30,1.174828043830567498e-221,3.500000000000001443e-01
6.695000000000000284e+00,1.327987108624011619e-30,3.817781288910926770e-222,3.550000000000001488e-01
6.700000000000000178e+00,8.408900604464020762e-31,1.239385323119251258e-222,3.600000000000001532e-01
6.705000000000000071e+00,5.105158002800288125e-31,4.019392781570823535e-223,3.650000000000001577e-01
6.709999999999999964e+00,3.105534044587673823e-31,1.302187658052390488e-223,3.700000000000001621e-01
6.714999999999999858e+00,2.159674327875913246e-31,4.214499049049141920e-224,3.750000000000001665e-01
6.719999999999999751e+00,2.017032917562874438e-31,1.362629651864620511e-224,3.800000000000001710e-01
6.725000000000000533e+00,2.430052276822216580e-31,4.401183041777426118e-225,3.850000000000001754e-01
6.730000000000000426e+00,3.165935371033355132e-31,1.420106703384541962e-225,3.900000000000001799e-01
6.735000000000000320e+00,4.020530167034429859e-31,4.577545870653761462e-226,3.950000000000001843e-01
6.740000000000000213e+00,4.829747396101063096e-31,1.474024979107750913e-226,4.000000000000001887e-01
6.745000000000000107e+00,5.476017616186622465e-31,4.741738740334539651e-227,4.050000000000001932e-01
6.750000000000000000e+00,5.889112173110056829e-31,1.523811578531927105e-227,4.100000000000001976e-01
6.754999999999999893e+00,6.041970014310628549e-31,4.891995115514187410e-228,4.150000000000002021e-01
6.759999999999999787e+00,5.942931803247286191e-31,1.568924650791747471e-228,4.200000000000002065e-01
6.765000000000000568e+00,5.626048140429474574e-31,5.026662340355982017e-229,4.250000000000002109e-01
6.770000000000000462e+00,5.141026450098442569e-31,1.608863213259787783e-229,4.300000000000002154e-01
6.775000000000000355e+00,4.544054227335149208e-31,5.144231920225257136e-230,4.350000000000002198e-01
6.780000000000000249e+00,3.890313402974154056e-31,1.643176423282233876e-230,4.400000000000002243e-01
6.785000000000000142e+00,3.228579607438659603e-31,5.243367689246547606e-231,4.450000000000002287e-01
6.790000000000000036e+00,2.597944155732939366e-31,1.671472062820547814e-231,4.500000000000002331e-01
6.794999999999999929e+00,2.026436809452760118e-31,5.322931127165723077e-232,4.550000000000002376e-01
6.799999999999999822e+00,1.531170083950966708e-31,1.693424012375714537e-232,4.600000000000002420e-01
6.804999999999999716e+00,1.119560584320764367e-31,5.382003153726351312e-233,4.650000000000002465e-01
6.810000000000000497e+00,7.911898488032439543e-32,1.708778514757926026e-233,4.700000000000002509e-01
6.815000000000000391e+00,5.399234897881891196e-32,5.419901816424898168e-234,4.750000000000002554e-01
6.820000000000000284e+00,3.559910813052096994e-32,1.717359060294958914e-234,4.800000000000002598e-01
6.825000000000000178e+00,2.278218309260066955e-32,5.436195395295685216e-235,4.850000000000002642e-01
6.830000000000000071e+00,1.435189097578098258e-32,1.719069761922989407e-235,4.900000000000002687e-01
6.834999999999999964e+00,9.192960771526413592e-33,5.430710572647724757e-236,4.950000000000002731e-01
6.839999999999999858e+00,6.332482860757291743e-33,1.713897130005220085e-236,5.000000000000002220e-01
6.844999999999999751e+00,4.973894159027830024e-33,5.403535452090865842e-237,5.050000000000002265e-01
6.850000000000000533e+00,4.504125184406280506e-33,1.701910201213710788e-237,5.100000000000002309e-01
6.855000000000000426e+00,4.481643929719438245e-33,5.355017354893895543e-238,5.150000000000002354e-01
6.860000000000000320e+00,4.612699711801694140e-33,1.683259021798551381e-238,5.200000000000002398e-01
6.865000000000000213e+00,4.721975078985038911e-33,5.285755467560189471e-239,5.250000000000002442e-01
6.870000000000000107e+00,4.722429209586878070e-33,1.658171531404616838e-239,5.300000000000002487e-01
6.875000000000000000e+00,4.587627673143321026e-33,5.196588557259775748e-240,5.350000000000002531e-01
6.879999999999999893e+00,4.328489277171805362e-33,1.626948937642912975e-240,5.400000000000002576e-01
6.884999999999999787e+00,3.975254747073202631e-33,5.088578106347549971e-241,5.450000000000002620e-01
6.890000000000000568e+00,3.564643926134591064e-33,1.589959712327089912e-241,5.500000000000002665e-01
6.895000000000000462e+00,3.131618398223786822e-33,4.962987338926960504e-242,5.550000000000002709e-01
6.900000000000000355e+00,2.704871672282225141e-33,1.547632376243681769e-242,5.600000000000002753e-01
6.905000000000000249e+00,2.305077163740993292e-33,4.821256717161595741e-243,5.650000000000002798e-01
6.910000000000000142e+00,1.944976379252410745e-33,1.500447269343904508e-243,5.700000000000002842e-01
6.915000000000000036e+00,1.630529726445168159e-33,4.664976569410565530e-244,5.750000000000002887e-01
6.919999999999999929e+00,1.362532502163194819e-33,1.448927526389338404e-244,5.800000000000002931e-01
6.924999999999999822e+00,1.138282651706406846e-33,4.495857573759209671e-245,5.850000000000002975e-01
6.929999999999999716e+00,9.530507734349000034e-34,1.393629493709862782e-245,5.900000000000003020e-01
6.935000000000000497e+00,8.012335536596598618e-34,4.315699857585583721e-246,5.950000000000003064e-01
6.940000000000000391e+00,6.771652556955090436e-34,1.335132830507535158e-246,6.000000000000003109e-01
6.945000000000000284e+00,5.756202918413697888e-34,4.126361485898669682e-247,6.050000000000003153e-01
6.950000000000000178e+00,4.920693141384205155e-34,1.274030538049953599e-247,6.100000000000003197e-01
6.955000000000000071e+00,4.227593262225052542e-34,3.929727098750446195e-248,6.150000000000003242e-01
6.959999999999999964e+00,3.646826812210968372e-34,1.210919152432670702e-248,6.200000000000003286e-01
6.964999999999999858e+00,3.154870473542045135e-34,3.727677422442604355e-249,6.250000000000003331e-01
6.969999999999999751e+00,2.733634471837248617e-34,1.146389321927199919e-249,6.300000000000003375e-01
6.975000000000000533e+00,2.369355554188870083e-34,3.522060322744277194e-250,6.350000000000003419e-01
6.980000000000000426e+00,2.051623016435874308e-34,1.081016969090135302e-250,6.400000000000003464e-01
6.985000000000000320e+00,1.772580214801902260e-34,3.314663993842452118e-251,6.450000000000003508e-01
6.990000000000000213e+00,1.526297035282240361e-34,1.015355211812001676e-251,6.500000000000003553e-01
6.995000000000000107e+00,1.308286403814120924e-34,3.107192787748736723e-252,6.550000000000003597e-01
7.000000000000000000e+00,1.115132255191711159e-34,9.499271875002981889e-253,6.600000000000003642e-01
7.004999999999999893e+00,9.442001658862596289e-35,2.901246089246994182e-253,6.650000000000003686e-01
7.009999999999999787e+00,7.934094341377593487e-35,8.852198918794799814e-254,6.700000000000003730e-01
7.015000000000000568e+00,6.610530380125734821e-35,2.698300535241319379e-254,6.750000000000003775e-01
7.020000000000000462e+00,5.456576801171090008e-35,8.216791097420514489e-255,6.800000000000003819e-01
7.025000000000000355e+00,4.458794641059678555e-35,2.499695768618372102e-255,6.850000000000003864e-01
7.030000000000000249e+00,3.604319396654380599e-35,7.597054806661907433e-256,6.900000000000003908e-01
7.035000000000000142e+00,2.880430111364918404e-35,2.306623809376422508e-256,6.950000000000003952e-01
7.040000000000000036e+00,2.274363143392882584e-35,6.996517094170638530e-257,7.000000000000003997e-01
7.044999999999999929e+00,1.773317699871516055e-35,2.120122023385151727e-257,7.050000000000004041e-01
7.049999999999999822e+00,1.364595289832422188e-35,6.418208995404652147e-258,7.100000000000004086e-01
7.054999999999999716e+00,1.035816028298548888e-35,1.941069574871964312e-258,7.150000000000004130e-01
7.060000000000000497e+00,7.751609670895524856e-36,5.864659604516283904e-259,7.200000000000004174e-01
7.065000000000000391e+00,5.715998716406372574e-36,1.770187165186683137e-259,7.250000000000004219e-01
7.070000000000000284e+00,4.150761311727206824e-36,5.337900138479855381e-260,7.300000000000004263e-01
7.075000000000000178e+00,2.966328534465733946e-36,1.608039789572387559e-260,7.350000000000004308e-01
7.080000000000000071e+00,2.084751329051367202e-36,4.839477050625238800e-261,7.400000000000004352e-01
7.084999999999999964e+00,1.439720370949752378e-36,1.455042186917962388e-261,7.450000000000004396e-01
7.089999999999999858e+00,9.760764583236212889e-37,4.370473093490477258e-262,7.500000000000004441e-01
7.094999999999999751e+00,6.489358629851058871e-37,1.311466615494532403e-262,7.550000000000004485e-01
7.100000000000000533e+00,4.225634322936246640e-37,3.931535121763759983e-263,7.600000000000004530e-01
7.105000000000000426e+00,2.691176317566606171e-37,1.177452560571820051e-263,7.650000000000004574e-01
7.110000000000000320e+00,1.673722903957271931e-37,3.522907363413092519e-264,7.700000000000004619e-01
7.115000000000000213e+00,1.014951163949656216e-37,1.053017967094505645e-264,7.750000000000004663e-01
7.120000000000000107e+00,5.993751817403794781e-38,3.144468868580301037e-265,7.800000000000004707e-01
7.125000000000000000e+00,3.446698722065320189e-38,9.380715913033213454e-266,7.850000000000004752e-01
7.129999999999999893e+00,1.935407713280343266e-38,2.795773867702367849e-266,7.900000000000004796e-01
7.134999999999999787e+00,1.071157296496706301e-38,8.324260779362167730e-267,7.950000000000004841e-01
7.140000000000000568e+00,5.973713881403504579e-39,2.476093827745339818e-267,8.000000000000004885e-01
7.145000000000000462e+00,3.497729157070138223e-39,7.358113927605713674e-268,8.050000000000004929e-01
7.150000000000000355e+00,2.267634030280093969e-39,2.184460082711397099e-268,8.100000000000004974e-01
7.155000000000000249e+00,1.680304729141709839e-39,6.478882717797110328e-269,8.150000000000005018e-01
7.160000000000000142e+00,1.395473965921550669e-39,1.919706025530981034e-269,8.200000000000005063e-01
7.165000000000000036e+00,1.233761357358259938e-39,5.682613865318580892e-270,8.250000000000005107e-01
7.169999999999999929e+00,1.109647197349522045e-39,1.680507976714511744e-270,8.300000000000005151e-01
7.174999999999999822e+00,9.890468641425035338e-40,4.964919674481119894e-271,8.350000000000005196e-01
7.179999999999999716e+00,8.636235286932580624e-40,1.465423984439475671e-271,8.400000000000005240e-01
7.185000000000000497e+00,7.360774495417743516e-40,4.321096723191525007e-272,8.450000000000005285e-01
7.190000000000000391e+00,6.123399889614757058e-40,1.272929955152129083e-272,8.500000000000005329e-01
7.195000000000000284e+00,4.979003327545554549e-40,3.746235327381328987e-273,8.550000000000005373e-01
7.200000000000000178e+00,3.964522619344305097e-40,1.101452657866337474e-273,8.600000000000005418e-01
7.205000000000000071e+00,3.097285618694342100e-40,3.235318563352121476e-274,8.650000000000005462e-01
7.209999999999999964e+00,2.378536788654956050e-40,9.493992844308745753e-275,8.700000000000005507e-01
7.214999999999999858e+00,1.798469067375280125e-40,2.783310053279982739e-275,8.750000000000005551e-01
7.219999999999999751e+00,1.340953775531651346e-40,8.151833781846487887e-276,8.800000000000005596e-01
7.225000000000000533e+00,9.872515215026108459e-41,2.385230112725772693e-276,8.850000000000005640e-01
7.230000000000000426e+00,7.185717037316088529e-41,6.972470615450115065e-277,8.900000000000005684e-01
7.235000000000000320e+00,5.176223305694432053e-41,2.036220210726709354e-277,8.950000000000005729e-01
7.240000000000000213e+00,3.693877483271563868e-41,5.940795969496995813e-278,9.000000000000005773e-01
7.245000000000000107e+00,2.613747193761782776e-41,1.731595997176335872e-278,9.050000000000005818e-01
7.250000000000000000e+00,1.835289073678410060e-41,5.042324037961689763e-279,9.100000000000005862e-01
7.254999999999999893e+00,1.279734046374534769e-41,1.466889405542403998e-279,9.150000000000005906e-01
7.259999999999999787e+00,8.867324116579131458e-42,4.263307259572089195e-280,9.200000000000005951e-01
7.265000000000000568e+00,6.109095183988280287e-42,1.237880540627973981e-280,9.250000000000005995e-01
7.270000000000000462e+00,4.186957576398173200e-42,3.590822001435800147e-281,9.300000000000006040e-01
7.275000000000000355e+00,2.855991667641607048e-42,1.040620212150446888e-281,9.350000000000006084e-01
7.280000000000000249e+00,1.939662561160461389e-42,3.012826154570498501e-282,9.400000000000006128e-01
7.285000000000000142e+00,1.312069391126975578e-42,8.714440781535562536e-283,9.450000000000006173e-01
7.290000000000000036e+00,8.842546960891991531e-43,2.518191800216485488e-283,9.500000000000006217e-01
7.294999999999999929e+00,5.938770440389971903e-43,7.269794217312988609e-284,9.550000000000006262e-01
7.299999999999999822e+00,3.975623464269706134e-43,2.096716230408732540e-284,9.600000000000006306e-01
7.304999999999999716e+00,2.653256346694483965e-43,6.041456052183444726e-285,9.650000000000006350e-01
7.310000000000000497e+00,1.765556102494042526e-43,1.739114616876210477e-285,9.700000000000006395e-01
7.315000000000000391e+00,1.171562056521164061e-43,5.001492334670593479e-286,9.750000000000006439e-01
7.320000000000000284e+00,7.753116971863847975e-44,1.436997537112650154e-286,9.800000000000006484e-01
7.325000000000000178e+00,5.117473883546124339e-44,4.124750179410108751e-287,9.850000000000006528e-01
7.330000000000000071e+00,3.369315704862771920e-44,1.182836404039630577e-287,9.900000000000006573e-01
7.334999999999999964e+00,2.212955176794110507e-44,3.388732719646954435e-288,9.950000000000006617e-01
7.339999999999999858e+00,1.450065753875922718e-44,9.699196242983103040e-289,1.000000000000000666e+00
7.344999999999999751e+00,9.480448056306575405e-45,2.773448902066884498e-289,1.005000000000000560e+00
7.350000000000000533e+00,6.185026649882107243e-45,7.923020470730122269e-290,1.010000000000000453e+00
7.355000000000000426e+00,4.026942000495569935e-45,2.261245775584316145e-290,1.015000000000000346e+00
7.360000000000000320e+00,2.616881550138533298e-45,6.447499761633026202e-291,1.020000000000000240e+00
7.365000000000000213e+00,1.697561638648748703e-45,1.836629986829347497e-291,1.025000000000000133e+00
7.370000000000000107e+00,1.099414327942557959e-45,5.226837166154970231e-292,1.030000000000000027e+00
7.375000000000000000e+00,7.109779241328243340e-46,1.486084237008005796e-292,1.034999999999999920e+00
7.379999999999999893e+00,4.591730522073880402e-46,4.221193253702225526e-293,1.039999999999999813e+00
7.384999999999999787e+00,2.962034431679122432e-46,1.197883511394291164e-293,1.044999999999999707e+00
7.390000000000000568e+00,1.908821793874841336e-46,3.396109427074545036e-294,1.049999999999999600e+00
7.395000000000000462e+00,1.229050424162619865e-46,9.619149910196690521e-295,1.054999999999999494e+00
7.400000000000000355e+00,7.908041748723801078e-47,2.721948052848705222e-295,1.059999999999999387e+00
7.405000000000000249e+00,5.085418031268208151e-47,7.695047166739183061e-296,1.064999999999999281e+00
7.410000000000000142e+00,3.268911453443370494e-47,2.173357877720894764e-296,1.069999999999999174e+00
7.415000000000000036e+00,2.100655400784612712e-47,6.132533125429976788e-297,1.074999999999999067e+00
7.419999999999999929e+00,1.349687309252202989e-47,1.728770921509000256e-297,1.079999999999998961e+00
7.424999999999999822e+00,8.671293969790194865e-48,4.868823996346908965e-298,1.084999999999998854e+00
7.429999999999999716e+00,5.571161616347970543e-48,1.369935037297022073e-298,1.089999999999998748e+00
7.435000000000000497e+00,3.579719787241260357e-48,3.850927417879302336e-299,1.094999999999998641e+00
7.440000000000000391e+00,2.300456870602396547e-48,1.081484614821290070e-299,1.099999999999998535e+00
7.445000000000000284e+00,1.478596291661923630e-48,3.034346697749393361e-300,1.104999999999998428e+00
7.450000000000000178e+00,9.504970678376909525e-49,8.505504701156162208e-301,1.109999999999998321e+00
7.455000000000000071e+00,6.110794159528899131e-49,2.381909188653281412e-301,1.114999999999998215e+00
7.459999999999999964e+00,3.928743990382754189e-49,6.664087993144390383e-302,1.119999999999998108e+00
7.464999999999999858e+00,2.525602320353786796e-49,1.862716868992479708e-302,1.124999999999998002e+00
7.469999999999999751e+00,1.623152767649057336e-49,5.201681575484412931e-303,1.129999999999997895e+00
7.475000000000000533e+00,1.042671224158418505e-49,1.451214663788064736e-303,1.134999999999997788e+00
7.480000000000000426e+00,6.693028222923557715e-50,4.044927308768762206e-304,1.139999999999997682e+00
7.485000000000000320e+00,4.292041803311444500e-50,1.126370172203762486e-304,1.144999999999997575e+00
7.490000000000000213e+00,2.748762986151857157e-50,3.133596734792812846e-305,1.149999999999997469e+00
7.495000000000000107e+00,1.757513949378920011e-50,8.709571796066891458e-306,1.154999999999997362e+00
7.500000000000000000e+00,1.121495384756624473e-50,2.418479561962772886e-306,1.159999999999997256e+00
7.504999999999999893e+00,7.139677577996998655e-51,6.709345362359277927e-307,1.164999999999997149e+00
7.509999999999999787e+00,4.533006603959123656e-51,1.859559885637354747e-307,1.169999999999997042e+00
7.515000000000000568e+00,2.869239498917743848e-51,5.149115963231338089e-308,1.174999999999996936e+00
7.520000000000000462e+00,1.809965140363505721e-51,1.424452085719238751e-308,1.179999999999996829e+00
7.525000000000000355e+00,1.137504282865680885e-51,3.936913510567057150e-309,1.184999999999996723e+00
7.530000000000000249e+00,7.119991829929854286e-52,1.087068582927020489e-309,1.189999999999996616e+00
7.535000000000000142e+00,4.437339295761081637e-52,2.998825832158493706e-310,1.194999999999996509e+00
7.540000000000000036e+00,2.752739392841980206e-52,8.264925745327057000e-311,1.199999999999996403e+00
7.544999999999999929e+00,1.699414894339858691e-52,2.275727558361441544e-311,1.204999999999996296e+00
7.549999999999999822e+00,1.043825990369861931e-52,6.260303186176205048e-312,1.209999999999996190e+00
7.554999999999999716e+00,6.377689974856589211e-53,1.720538657542810066e-312,1.214999999999996083e+00
7.560000000000000497e+00,3.875492518013394744e-53,4.724193293284167335e-313,1.219999999999995977e+00
7.565000000000000391e+00,2.341795558654106532e-53,1.295940978689321094e-313,1.224999999999995870e+00
7.570000000000000284e+00,1.406915872073267536e-53,3.551708476330657604e-314,1.229999999999995763e+00
7.575000000000000178e+00,8.402920290356779726e-54,9.724876837272370114e-315,1.234999999999995657e+00
7.580000000000000071e+00,4.988704890467421789e-54,2.660270516763815976e-315,1.239999999999995550e+00
7.584999999999999964e+00,2.943737768978184861e-54,7.270471380403591379e-316,1.244999999999995444e+00
7.589999999999999858e+00,1.726344240512371731e-54,1.985155814396693199e-316,1.249999999999995337e+00
7.594999999999999751e+00,1.006097342930141912e-54,5.415294454927942489e-317,1.254999999999995230e+00
7.600000000000000533e+00,5.826496950963425410e-55,1.475860051550179804e-317,1.259999999999995124e+00
7.605000000000000426e+00,3.352763619477274903e-55,4.018502693075612417e-318,1.264999999999995017e+00
7.610000000000000320e+00,1.916905380608465210e-55,1.093149885362508454e-318,1.269999999999994911e+00
7.615000000000000213e+00,1.088869189241646602e-55,2.970915541572583719e-319,1.274999999999994804e+00
7.620000000000000107e+00,6.144725943626680762e-56,8.066609799650032327e-320,1.279999999999994698e+00
7.625000000000000000e+00,3.444720817631264149e-56,2.188216745430880944e-320,1.284999999999994591e+00
7.629999999999999893e+00,1.918228894638784134e-56,5.928787750094958530e-321,1.289999999999994484e+00
7.634999999999999787e+00,1.060981562829408181e-56,1.605713348984051269e-321,1.294999999999994378e+00
7.640000000000000568e+00,5.828231862306000724e-57,4.347777683402969589e-322,1.299999999999994271e+00
7.645000000000000462e+00,3.179367085934224629e-57,1.185757550018991706e-322,1.304999999999994165e+00
7.650000000000000355e+00,1.722120055846050145e-57,2.964393875047479265e-323,1.309999999999994058e+00
7.655000000000000249e+00,9.260565107908115038e-58,9.881312916824930884e-324,1.314999999999993952e+00
7.660000000000000142e+00,4.942889300912139487e-58,0.000000000000000000e+00,1.319999999999993845e+00
7.665000000000000036e+00,2.618146053040257940e-58,0.000000000000000000e+00,1.324999999999993738e+00
7.669999999999999929e+00,1.375798643924240184e-58,0.000000000000000000e+00,1.329999999999993632e+00
7.674999999999999822e+00,7.169939568409185766e-59,0.000000000000000000e+00,1.334999999999993525e+00
7.679999999999999716e+00,3.704198388806407692e-59,0.000000000000000000e+00,1.339999999999993419e+00
7.685000000000000497e+00,1.896132494730027983e-59,0.000000000000000000e+00,1.344999999999993312e+00
7.690000000000000391e+00,9.610929485586593088e-60,0.000000000000000000e+00,1.349999999999993205e+00
7.695000000000000284e+00,4.819997724541547481e-60,0.000000000000000000e+00,1.354999999999993099e+00
7.700000000000000178e+00,2.389428369880406303e-60,0.000000000000000000e+00,1.359999999999992992e+00
7.705000000000000071e+00,1.169453691457444448e-60,0.000000000000000000e+00,1.364999999999992886e+00
7.709999999999999964e+00,5.642253731367809513e-61,0.000000000000000000e+00,1.369999999999992779e+00
7.714999999999999858e+00,2.678293573357031662e-61,0.000000000000000000e+00,1.374999999999992673e+00
7.719999999999999751e+00,1.247684519620370237e-61,0.000000000000000000e+00,1.379999999999992566e+00
7.725000000000000533e+00,5.685206239226529414e-62,0.000000000000000000e+00,1.384999999999992459e+00
7.730000000000000426e+00,2.522477939150204229e-62,0.000000000000000000e+00,1.389999999999992353e+00
7.735000000000000320e+00,1.082996688310189924e-62,0.000000000000000000e+00,1.394999999999992246e+00
7.740000000000000213e+00,4.458790817712381473e-63,0.000000000000000000e+00,1.399999999999992140e+00
7.745000000000000107e+00,1.736428519392513423e-63,0.000000000000000000e+00,1.404999999999992033e+00
7.750000000000000000e+00,6.257754034627874022e-64,0.000000000000000000e+00,1.409999999999991926e+00
7.754999999999999893e+00,2.009378094961565493e-64,0.000000000000000000e+00,1.414999999999991820e+00
7.759999999999999787e+00,5.359075868850550114e-65,0.000000000000000000e+00,1.419999999999991713e+00
7.765000000000000568e+00,1.059485011333379567e-65,0.000000000000000000e+00,1.424999999999991607e+00
7.770000000000000462e+00,2.408769754950552412e-66,0.000000000000000000e+00,1.429999999999991500e+00
7.775000000000000355e+00,3.292800256553769482e-66,0.000000000000000000e+00,1.434999999999991394e+00
7.780000000000000249e+00,4.988226335196095611e-66,0.000000000000000000e+00,1.439999999999991287e+00
7.785000000000000142e+00,5.613789943938132071e-66,0.000000000000000000e+00,1.444999999999991180e+00
7.790000000000000036e+00,5.258018103658829228e-66,0.000000000000000000e+00,1.449999999999991074e+00
7.794999999999999929e+00,4.391737352654557736e-66,0.000000000000000000e+00,1.454999999999990967e+00
7.799999999999999822e+00,3.395267229934784400e-66,0.000000000000000000e+00,1.459999999999990861e+00
7.805000000000000604e+00,2.482662884869294841e-66,0.000000000000000000e+00,1.464999999999990754e+00
7.810000000000000497e+00,1.740288538994368041e-66,0.000000000000000000e+00,1.469999999999990647e+00
7.815000000000000391e+00,1.179934635289353584e-66,0.000000000000000000e+00,1.474999999999990541e+00
7.820000000000000284e+00,7.785993357999685678e-67,0.000000000000000000e+00,1.479999999999990434e+00
7.825000000000000178e+00,5.022546218984360835e-67,0.000000000000000000e+00,1.484999999999990328e+00
7.830000000000000071e+00,3.177784453030076557e-67,0.000000000000000000e+00,1.489999999999990221e+00
7.834999999999999964e+00,1.977017254096056042e-67,0.000000000000000000e+00,1.494999999999990115e+00
7.839999999999999858e+00,1.211811197337151052e-67,0.000000000000000000e+00,1.499999999999990008e+00
7.844999999999999751e+00,7.329512852917223463e-68,0.000000000000000000e+00,1.504999999999989901e+00
7.850000000000000533e+00,4.380035321621974629e-68,0.000000000000000000e+00,1.509999999999989795e+00
7.855000000000000426e+00,2.588752581864711964e-68,0.000000000000000000e+00,1.514999999999989688e+00
7.860000000000000320e+00,1.514559204626154665e-68,0.000000000000000000e+00,1.519999999999989582e+00
7.865000000000000213e+00,8.777648008948146409e-69,0.000000000000000000e+00,1.524999999999989475e+00
7.870000000000000107e+00,5.042353772753975909e-69,0.000000000000000000e+00,1.529999999999989369e+00
7.875000000000000000e+00,2.872644738000254946e-69,0.000000000000000000e+00,1.534999999999989262e+00
7.879999999999999893e+00,1.623770710374786938e-69,0.000000000000000000e+00,1.539999999999989155e+00
7.884999999999999787e+00,9.110424790382239402e-70,0.000000000000000000e+00,1.544999999999989049e+00
7.890000000000000568e+00,5.075530343425462516e-70,0.000000000000000000e+00,1.549999999999988942e+00
7.895000000000000462e+00,2.808634543806318596e-70,0.000000000000000000e+00,1.554999999999988836e+00
7.900000000000000355e+00,1.544221057002680885e-70,0.000000000000000000e+00,1.559999999999988729e+00
7.905000000000000249e+00,8.438072307515723401e-71,0.000000000000000000e+00,1.564999999999988622e+00
7.910000000000000142e+00,4.583605860415730797e-71,0.000000000000000000e+00,1.569999999999988516e+00
7.915000000000000036e+00,2.475742474224579775e-71,0.000000000000000000e+00,1.574999999999988409e+00
7.919999999999999929e+00,1.329953042640301666e-71,0.000000000000000000e+00,1.579999999999988303e+00
7.924999999999999822e+00,7.107123691153050503e-72,0.000000000000000000e+00,1.584999999999988196e+00
7.930000000000000604e+00,3.778929505510664832e-72,0.000000000000000000e+00,1.589999999999988090e+00
7.935000000000000497e+00,1.999626860256874009e-72,0.000000000000000000e+00,1.594999999999987983e+00
7.940000000000000391e+00,1.053222634229980325e-72,0.000000000000000000e+00,1.599999999999987876e+00
7.945000000000000284e+00,5.522892998722333422e-73,0.000000000000000000e+00,1.604999999999987770e+00
7.950000000000000178e+00,2.883840435133990927e-73,0.000000000000000000e+00,1.609999999999987663e+00
7.955000000000000071e+00,1.499739871755717661e-73,0.000000000000000000e+00,1.614999999999987557e+00
7.959999999999999964e+00,7.769300829731212254e-74,0.000000000000000000e+00,1.619999999999987450e+00
7.964999999999999858e+00,4.010049302239121919e-74,0.000000000000000000e+00,1.624999999999987343e+00
7.969999999999999751e+00,2.062524243170456376e-74,0.000000000000000000e+00,1.629999999999987237e+00
7.975000000000000533e+00,1.057326286345297747e-74,0.000000000000000000e+00,1.634999999999987130e+00
7.980000000000000426e+00,5.403283339543388066e-75,0.000000000000000000e+00,1.639999999999987024e+00
7.985000000000000320e+00,2.753101227354559960e-75,0.000000000000000000e+00,1.644999999999986917e+00
7.990000000000000213e+00,1.398871664231749382e-75,0.000000000000000000e+00,1.649999999999986811e+00
7.995000000000000107e+00,7.089221190600565097e-76,0.000000000000000000e+00,1.654999999999986704e+00
8.000000000000000000e+00,3.583897602457684757e-76,0.000000000000000000e+00,1.659999999999986597e+00
8.005000000000000782e+00,1.807664315135748399e-76,0.000000000000000000e+00,1.664999999999986491e+00
8.009999999999999787e+00,9.098096943905438374e-77,0.000000000000000000e+00,1.669999999999986384e+00
8.015000000000000568e+00,4.569993391383185699e-77,0.000000000000000000e+00,1.674999999999986278e+00
8.019999999999999574e+00,2.291237531678202391e-77,0.000000000000000000e+00,1.679999999999986171e+00
8.025000000000000355e+00,1.146744260948026782e-77,0.000000000000000000e+00,1.684999999999986064e+00
8.029999999999999361e+00,5.729964272764345554e-78,0.000000000000000000e+00,1.689999999999985958e+00
8.035000000000000142e+00,2.858690835183029412e-78,0.000000000000000000e+00,1.694999999999985851e+00
8.040000000000000924e+00,1.424121846582666836e-78,0.000000000000000000e+00,1.699999999999985745e+00
8.044999999999999929e+00,7.084674521117860157e-79,0.000000000000000000e+00,1.704999999999985638e+00
8.050000000000000711e+00,3.519708511847889631e-79,0.000000000000000000e+00,1.709999999999985532e+00
8.054999999999999716e+00,1.746311846603015272e-79,0.000000000000000000e+00,1.714999999999985425e+00
8.060000000000000497e+00,8.653115386914012236e-80,0.000000000000000000e+00,1.719999999999985318e+00
8.064999999999999503e+00,4.282123784284574290e-80,0.000000000000000000e+00,1.724999999999985212e+00
8.070000000000000284e+00,2.116293018569928362e-80,0.000000000000000000e+00,1.729999999999985105e+00
8.074999999999999289e+00,1.044503348637203098e-80,0.000000000000000000e+00,1.734999999999984999e+00
8.080000000000000071e+00,5.148054853644666612e-81,0.000000000000000000e+00,1.739999999999984892e+00
8.085000000000000853e+00,2.533683914673609401e-81,0.000000000000000000e+00,1.744999999999984786e+00
8.089999999999999858e+00,1.245115825201777165e-81,0.000000000000000000e+00,1.749999999999984679e+00
8.095000000000000639e+00,6.109186874177342894e-82,0.000000000000000000e+00,1.754999999999984572e+00
8.099999999999999645e+00,2.992530806594446725e-82,0.000000000000000000e+00,1.759999999999984466e+00
8.105000000000000426e+00,1.463316803758363778e-82,0.000000000000000000e+00,1.764999999999984359e+00
8.109999999999999432e+00,7.142398293362130426e-83,0.000000000000000000e+00,1.769999999999984253e+00
8.115000000000000213e+00,3.479497429073944987e-83,0.000000000000000000e+00,1.774999999999984146e+00
8.120000000000000995e+00,1.691673643794081361e-83,0.000000000000000000e+00,1.779999999999984039e+00
8.125000000000000000e+00,8.207406438376910507e-84,0.000000000000000000e+00,1.784999999999983933e+00
8.130000000000000782e+00,3.973267612153030921e-84,0.000000000000000000e+00,1.789999999999983826e+00
8.134999999999999787e+00,1.919144358493255473e-84,0.000000000000000000e+00,1.794999999999983720e+00
8.140000000000000568e+00,9.248124794455984374e-85,0.000000000000000000e+00,1.799999999999983613e+00
8.144999999999999574e+00,4.445878597203910010e-85,0.000000000000000000e+00,1.804999999999983507e+00
8.150000000000000355e+00,2.132038309542384260e-85,0.000000000000000000e+00,1.809999999999983400e+00
8.154999999999999361e+00,1.019872600956955995e-85,0.000000000000000000e+00,1.814999999999983293e+00
8.160000000000000142e+00,4.866259329250246590e-86,0.000000000000000000e+00,1.819999999999983187e+00
8.165000000000000924e+00,2.315971003611247859e-86,0.000000000000000000e+00,1.824999999999983080e+00
8.169999999999999929e+00,1.099398811542784933e-86,0.000000000000000000e+00,1.829999999999982974e+00
8.175000000000000711e+00,5.205510268283165973e-87,0.000000000000000000e+00,1.834999999999982867e+00
8.179999999999999716e+00,2.458470488619969532e-87,0.000000000000000000e+00,1.839999999999982760e+00
8.185000000000000497e+00,1.158175551316802024e-87,0.000000000000000000e+00,1.844999999999982654e+00
8.189999999999999503e+00,5.442669404003790251e-88,0.000000000000000000e+00,1.849999999999982547e+00
8.195000000000000284e+00,2.551553005819878997e-88,0.000000000000000000e+00,1.854999999999982441e+00
8.199999999999999289e+00,1.193398784063306854e-88,0.000000000000000000e+00,1.859999999999982334e+00
8.205000000000000071e+00,5.569220562775709101e-89,0.000000000000000000e+00,1.864999999999982228e+00
8.210000000000000853e+00,2.593441392105422292e-89,0.000000000000000000e+00,1.869999999999982121e+00
8.214999999999999858e+00,1.205264745929298811e-89,0.000000000000000000e+00,1.874999999999982014e+00
8.220000000000000639e+00,5.590724619287416847e-90,0.000000000000000000e+00,1.879999999999981908e+00
8.224999999999999645e+00,2.588767659036220909e-90,0.000000000000000000e+00,1.884999999999981801e+00
8.230000000000000426e+00,1.196796133629697327e-90,0.000000000000000000e+00,1.889999999999981695e+00
8.234999999999999432e+00,5.524769971740845216e-91,0.000000000000000000e+00,1.894999999999981588e+00
8.240000000000000213e+00,2.547068593917503825e-91,0.000000000000000000e+00,1.899999999999981481e+00
8.245000000000000995e+00,1.172908919970309631e-91,0.000000000000000000e+00,1.904999999999981375e+00
8.250000000000000000e+00,5.395699065184241814e-92,0.000000000000000000e+00,1.909999999999981268e+00
8.255000000000000782e+00,2.479988909128026948e-92,0.000000000000000000e+00,1.914999999999981162e+00
8.259999999999999787e+00,1.139000327872095827e-92,0.000000000000000000e+00,1.919999999999981055e+00
8.265000000000000568e+00,5.227774053127823053e-93,0.000000000000000000e+00,1.924999999999980949e+00
8.269999999999999574e+00,2.398100349162251752e-93,0.000000000000000000e+00,1.929999999999980842e+00
8.275000000000000355e+00,1.099525107557432585e-93,0.000000000000000000e+00,1.934999999999980735e+00
8.279999999999999361e+00,5.039066350256580326e-94,0.000000000000000000e+00,1.939999999999980629e+00
8.285000000000000142e+00,2.308404003624053048e-94,0.000000000000000000e+00,1.944999999999980522e+00
8.290000000000000924e+00,1.057036248677369458e-94,0.000000000000000000e+00,1.949999999999980416e+00
8.294999999999999929e+00,4.838090294238647041e-95,0.000000000000000000e+00,1.954999999999980309e+00
8.300000000000000711e+00,2.213322798652095982e-95,0.000000000000000000e+00,1.959999999999980203e+00
8.304999999999999716e+00,1.011987110913567768e-95,0.000000000000000000e+00,1.964999999999980096e+00
8.310000000000000497e+00,4.624138335944930151e-96,0.000000000000000000e+00,1.969999999999979989e+00
8.314999999999999503e+00,2.111414389859495602e-96,0.000000000000000000e+00,1.974999999999979883e+00
8.320000000000000284e+00,9.632985934039132490e-97,0.000000000000000000e+00,1.979999999999979776e+00
8.324999999999999289e+00,4.390860920701498669e-97,0.000000000000000000e+00,1.984999999999979670e+00
8.330000000000000071e+00,1.999385732918344486e-97,0.000000000000000000e+00,1.989999999999979563e+00
8.335000000000000853e+00,9.094117061484864375e-98,0.000000000000000000e+00,1.994999999999979456e+00
8.339999999999999858e+00,4.131464894517767071e-98,0.000000000000000000e+00,1.999999999999979350e+00
8.345000000000000639e+00,1.874540284145118914e-98,0.000000000000000000e+00,2.004999999999979465e+00
8.349999999999999645e+00,8.493889621848900059e-99,0.000000000000000000e+00,2.009999999999979359e+00
8.355000000000000426e+00,3.843446941720836840e-99,0.000000000000000000e+00,2.014999999999979252e+00
8.359999999999999432e+00,1.736709323622086978e-99,0.000000000000000000e+00,2.019999999999979146e+00
8.365000000000000213e+00,7.836528037253992533e-100,0.000000000000000000e+00,2.024999999999979039e+00
8.370000000000000995e+00,3.531165627029156477e-100,0.000000000000000000e+00,2.029999999999978932e+00
8.375000000000000000e+00,1.589012022060049467e-100,0.000000000000000000e+00,2.034999999999978826e+00
8.380000000000000782e+00,7.141296324575253286e-101,0.000000000000000000e+00,2.039999999999978719e+00
8.384999999999999787e+00,3.205550671390945052e-101,0.000000000000000000e+00,2.044999999999978613e+00
8.390000000000000568e+00,1.437299105330704247e-101,0.000000000000000000e+00,2.049999999999978506e+00
8.394999999999999574e+00,6.438150911515206666e-102,0.000000000000000000e+00,2.054999999999978400e+00
8.400000000000000355e+00,2.881386008083243082e-102,0.000000000000000000e+00,2.059999999999978293e+00
8.404999999999999361e+00,1.288634233324990981e-102,0.000000000000000000e+00,2.064999999999978186e+00
8.410000000000000142e+00,5.759842962991706572e-103,0.000000000000000000e+00,2.069999999999978080e+00
8.415000000000000924e+00,2.573419186335257276e-103,0.000000000000000000e+00,2.074999999999977973e+00
8.419999999999999929e+00,1.149462480793219686e-103,0.000000000000000000e+00,2.079999999999977867e+00
8.425000000000000711e+00,5.133647861681428301e-104,0.000000000000000000e+00,2.084999999999977760e+00
8.429999999999999716e+00,2.292778047667991135e-104,0.000000000000000000e+00,2.089999999999977653e+00
8.435000000000000497e+00,1.024125561754661565e-104,0.000000000000000000e+00,2.094999999999977547e+00
8.439999999999999503e+00,4.575528322491204427e-105,0.000000000000000000e+00,2.099999999999977440e+00
8.445000000000000284e+00,2.044829485026720467e-105,0.000000000000000000e+00,2.104999999999977334e+00
8.449999999999999289e+00,9.141548758510647470e-106,0.000000000000000000e+00,2.109999999999977227e+00
8.455000000000000071e+00,4.088231783513891037e-106,0.000000000000000000e+00,2.114999999999977121e+00
8.460000000000000853e+00,1.828930967407172558e-106,0.000000000000000000e+00,2.119999999999977014e+00
8.464999999999999858e+00,8.184367396780074046e-107,0.000000000000000000e+00,2.124999999999976907e+00
8.470000000000000639e+00,3.663247984804430678e-107,0.000000000000000000e+00,2.129999999999976801e+00
8.474999999999999645e+00,1.639822285639435504e-107,0.000000000000000000e+00,2.134999999999976694e+00
8.480000000000000426e+00,7.340441398312166012e-108,0.000000000000000000e+00,2.139999999999976588e+00
8.484999999999999432e+00,3.285334200419187882e-108,0.000000000000000000e+00,2.144999999999976481e+00
8.490000000000000213e+00,1.469938377283716251e-108,0.000000000000000000e+00,2.149999999999976374e+00
8.495000000000000995e+00,6.573642194911371847e-109,0.000000000000000000e+00,2.154999999999976268e+00
8.500000000000000000e+00,2.937800169764441045e-109,0.000000000000000000e+00,2.159999999999976161e+00
8.505000000000000782e+00,1.311801134512058569e-109,0.000000000000000000e+00,2.164999999999976055e+00
8.509999999999999787e+00,5.851450446063005641e-110,0.000000000000000000e+00,2.169999999999975948e+00
8.515000000000000568e+00,2.606935464335793712e-110,0.000000000000000000e+00,2.174999999999975842e+00
8.519999999999999574e+00,1.159823751678690341e-110,0.000000000000000000e+00,2.179999999999975735e+00
8.525000000000000355e+00,5.151997062706397964e-111,0.000000000000000000e+00,2.184999999999975628e+00
8.529999999999999361e+00,2.284608777787965911e-111,0.000000000000000000e+00,2.189999999999975522e+00
8.535000000000000142e+00,1.011196818029246378e-111,0.000000000000000000e+00,2.194999999999975415e+00
8.540000000000000924e+00,4.466698943631032509e-112,0.000000000000000000e+00,2.199999999999975309e+00
8.544999999999999929e+00,1.968833336636986835e-112,0.000000000000000000e+00,2.204999999999975202e+00
8.550000000000000711e+00,8.658671908908461193e-113,0.000000000000000000e+00,2.209999999999975095e+00
8.554999999999999716e+00,3.798979514844820035e-113,0.000000000000000000e+00,2.214999999999974989e+00
8.560000000000000497e+00,1.662698705716810020e-113,0.000000000000000000e+00,2.219999999999974882e+00
8.564999999999999503e+00,7.258598598098908434e-114,0.000000000000000000e+00,2.224999999999974776e+00
8.570000000000000284e+00,3.160458455634832879e-114,0.000000000000000000e+00,2.229999999999974669e+00
8.575000000000001066e+00,1.372380166033796084e-114,0.000000000000000000e+00,2.234999999999974563e+00
8.580000000000000071e+00,5.942893600854162957e-115,0.000000000000000000e+00,2.239999999999974456e+00
8.585000000000000853e+00,2.566230404738190114e-115,0.000000000000000000e+00,2.244999999999974349e+00
8.589999999999999858e+00,1.104956178681328575e-115,0.000000000000000000e+00,2.249999999999974243e+00
8.595000000000000639e+00,4.743795806393957736e-116,0.000000000000000000e+00,2.254999999999974136e+00
8.599999999999999645e+00,2.030580578425153159e-116,0.000000000000000000e+00,2.259999999999974030e+00
8.605000000000000426e+00,8.665852290404004064e-117,0.000000000000000000e+00,2.264999999999973923e+00
8.609999999999999432e+00,3.687093325474185581e-117,0.000000000000000000e+00,2.269999999999973817e+00
8.615000000000000213e+00,1.563957725474478633e-117,0.000000000000000000e+00,2.274999999999973710e+00
8.620000000000000995e+00,6.613345513006338799e-118,0.000000000000000000e+00,2.279999999999973603e+00
8.625000000000000000e+00,2.787795463183307624e-118,0.000000000000000000e+00,2.284999999999973497e+00
8.630000000000000782e+00,1.171474853606383417e-118,0.000000000000000000e+00,2.289999999999973390e+00
8.634999999999999787e+00,4.907121935459985953e-119,0.000000000000000000e+00,2.294999999999973284e+00
8.640000000000000568e+00,2.048955040591775035e-119,0.000000000000000000e+00,2.299999999999973177e+00
8.644999999999999574e+00,8.527857182942533556e-120,0.000000000000000000e+00,2.304999999999973070e+00
8.650000000000000355e+00,3.537852768898452147e-120,0.000000000000000000e+00,2.309999999999972964e+00
8.654999999999999361e+00,1.462926530817075161e-120,0.000000000000000000e+00,2.314999999999972857e+00
8.660000000000000142e+00,6.029465885390444384e-121,0.000000000000000000e+00,2.319999999999972751e+00
8.665000000000000924e+00,2.476848113668410925e-121,0.000000000000000000e+00,2.324999999999972644e+00
8.669999999999999929e+00,1.014085800335153510e-121,0.000000000000000000e+00,2.329999999999972538e+00
8.675000000000000711e+00,4.138045906223204391e-122,0.000000000000000000e+00,2.334999999999972431e+00
8.679999999999999716e+00,1.682873706700298207e-122,0.000000000000000000e+00,2.339999999999972324e+00
8.685000000000000497e+00,6.820771975570665377e-123,0.000000000000000000e+00,2.344999999999972218e+00
8.689999999999999503e+00,2.755061441912638404e-123,0.000000000000000000e+00,2.349999999999972111e+00
8.695000000000000284e+00,1.109007658239591357e-123,0.000000000000000000e+00,2.354999999999972005e+00
8.700000000000001066e+00,4.448696863810442489e-124,0.000000000000000000e+00,2.359999999999971898e+00
8.705000000000000071e+00,1.778342334099336694e-124,0.000000000000000000e+00,2.364999999999971791e+00
8.710000000000000853e+00,7.083880674204998611e-125,0.000000000000000000e+00,2.369999999999971685e+00
8.714999999999999858e+00,2.811831038118568310e-125,0.000000000000000000e+00,2.374999999999971578e+00
8.720000000000000639e+00,1.112135990627966600e-125,0.000000000000000000e+00,2.379999999999971472e+00
8.724999999999999645e+00,4.382941205821082256e-126,0.000000000000000000e+00,2.384999999999971365e+00
8.730000000000000426e+00,1.721078554989101534e-126,0.000000000000000000e+00,2.389999999999971259e+00
8.734999999999999432e+00,6.733659566709675361e-127,0.000000000000000000e+00,2.394999999999971152e+00
8.740000000000000213e+00,2.624853726087278277e-127,0.000000000000000000e+00,2.399999999999971045e+00
8.745000000000000995e+00,1.019414164957411629e-127,0.000000000000000000e+00,2.404999999999970939e+00
8.750000000000000000e+00,3.944355984026772352e-128,0.000000000000000000e+00,2.409999999999970832e+00
8.755000000000000782e+00,1.520442510838271320e-128,0.000000000000000000e+00,2.414999999999970726e+00
8.759999999999999787e+00,5.838770764430109465e-129,0.000000000000000000e+00,2.419999999999970619e+00
8.765000000000000568e+00,2.233675808175624778e-129,0.000000000000000000e+00,2.424999999999970512e+00
8.769999999999999574e+00,8.512496097853538641e-130,0.000000000000000000e+00,2.429999999999970406e+00
8.775000000000000355e+00,3.231646998862113960e-130,0.000000000000000000e+00,2.434999999999970299e+00
8.779999999999999361e+00,1.222123382469547117e-130,0.000000000000000000e+00,2.439999999999970193e+00
8.785000000000000142e+00,4.603908112641945146e-131,0.000000000000000000e+00,2.444999999999970086e+00
8.790000000000000924e+00,1.727659119849854364e-131,0.000000000000000000e+00,2.449999999999969980e+00
8.794999999999999929e+00,6.458215662758727884e-132,0.000000000000000000e+00,2.454999999999969873e+00
8.800000000000000711e+00,2.404907129311250658e-132,0.000000000000000000e+00,2.459999999999969766e+00
8.804999999999999716e+00,8.921333532470444009e-133,0.000000000000000000e+00,2.464999999999969660e+00
8.810000000000000497e+00,3.297077320783277706e-133,0.000000000000000000e+00,2.469999999999969553e+00
8.814999999999999503e+00,1.214026627979054792e-133,0.000000000000000000e+00,2.474999999999969447e+00
8.820000000000000284e+00,4.454210635359145745e-134,0.000000000000000000e+00,2.479999999999969340e+00
8.825000000000001066e+00,1.628602333977447153e-134,0.000000000000000000e+00,2.484999999999969233e+00
8.830000000000000071e+00,5.935224314058481987e-135,0.000000000000000000e+00,2.489999999999969127e+00
8.835000000000000853e+00,2.156424955703901214e-135,0.000000000000000000e+00,2.494999999999969020e+00
8.839999999999999858e+00,7.813208884456422398e-136,0.000000000000000000e+00,2.499999999999968914e+00
8.845000000000000639e+00,2.824066930537439335e-136,0.000000000000000000e+00,2.504999999999968807e+00
8.849999999999999645e+00,1.018727565062878188e-136,0.000000000000000000e+00,2.509999999999968701e+00
8.855000000000000426e+00,3.669481121330410978e-137,0.000000000000000000e+00,2.514999999999968594e+00
8.859999999999999432e+00,1.320637286977247116e-137,0.000000000000000000e+00,2.519999999999968487e+00
8.865000000000000213e+00,4.752353019778124973e-138,0.000000000000000000e+00,2.524999999999968381e+00
8.870000000000000995e+00,1.711351495869872932e-138,0.000000000000000000e+00,2.529999999999968274e+00
8.875000000000000000e+00,6.172710968757175619e-139,0.000000000000000000e+00,2.534999999999968168e+00
8.880000000000000782e+00,2.232302456905505928e-139,0.000000000000000000e+00,2.539999999999968061e+00
8.884999999999999787e+00,8.102591820825733761e-140,0.000000000000000000e+00,2.544999999999967955e+00
8.890000000000000568e+00,2.954889341352625788e-140,0.000000000000000000e+00,2.549999999999967848e+00
8.894999999999999574e+00,1.083753867993199382e-140,0.000000000000000000e+00,2.554999999999967741e+00
8.900000000000000355e+00,4.000942605188775517e-141,0.000000000000000000e+00,2.559999999999967635e+00
8.904999999999999361e+00,1.487720541885703772e-141,0.000000000000000000e+00,2.564999999999967528e+00
8.910000000000000142e+00,5.574210796391558745e-142,0.000000000000000000e+00,2.569999999999967422e+00
8.915000000000000924e+00,2.104740563222279728e-142,0.000000000000000000e+00,2.574999999999967315e+00
8.919999999999999929e+00,8.007326095402597842e-143,0.000000000000000000e+00,2.579999999999967208e+00
8.925000000000000711e+00,3.067960622765362601e-143,0.000000000000000000e+00,2.584999999999967102e+00
8.929999999999999716e+00,1.182996163031277734e-143,0.000000000000000000e+00,2.589999999999966995e+00
8.935000000000000497e+00,4.586816119796257504e-144,0.000000000000000000e+00,2.594999999999966889e+00
8.939999999999999503e+00,1.786535764768496454e-144,0.000000000000000000e+00,2.599999999999966782e+00
8.945000000000000284e+00,6.983056448476584301e-145,0.000000000000000000e+00,2.604999999999966676e+00
8.950000000000001066e+00,2.736409039567796908e-145,0.000000000000000000e+00,2.609999999999966569e+00
8.955000000000000071e+00,1.074017906554484151e-145,0.000000000000000000e+00,2.614999999999966462e+00
8.960000000000000853e+00,4.218594142465057182e-146,0.000000000000000000e+00,2.619999999999966356e+00
8.964999999999999858e+00,1.657006316376622300e-146,0.000000000000000000e+00,2.624999999999966249e+00
8.970000000000000639e+00,6.504310191589177232e-147,0.000000000000000000e+00,2.629999999999966143e+00
8.974999999999999645e+00,2.550142764852638600e-147,0.000000000000000000e+00,2.634999999999966036e+00
8.980000000000000426e+00,9.982090244895352553e-148,0.000000000000000000e+00,2.639999999999965929e+00
8.984999999999999432e+00,3.899579691792877165e-148,0.000000000000000000e+00,2.644999999999965823e+00
8.990000000000000213e+00,1.519960892721580020e-148,0.000000000000000000e+00,2.649999999999965716e+00
8.995000000000000995e+00,5.909805593974633585e-149,0.000000000000000000e+00,2.654999999999965610e+00
9.000000000000000000e+00,2.291778054893764451e-149,0.000000000000000000e+00,2.659999999999965503e+00
9.005000000000000782e+00,8.863057308676882935e-150,0.000000000000000000e+00,2.664999999999965397e+00
9.009999999999999787e+00,3.418034581308017683e-150,0.000000000000000000e+00,2.669999999999965290e+00
9.015000000000000568e+00,1.314424698407720192e-150,0.000000000000000000e+00,2.674999999999965183e+00
9.019999999999999574e+00,5.040312662587322719e-151,0.000000000000000000e+00,2.679999999999965077e+00
9.025000000000000355e+00,1.927291577268206365e-151,0.000000000000000000e+00,2.684999999999964970e+00
9.029999999999999361e+00,7.348842589523789154e-152,0.000000000000000000e+00,2.689999999999964864e+00
9.035000000000000142e+00,2.794419829209571101e-152,0.000000000000000000e+00,2.694999999999964757e+00
9.040000000000000924e+00,1.059717520554877426e-152,0.000000000000000000e+00,2.699999999999964650e+00
9.044999999999999929e+00,4.008139021236165877e-153,0.000000000000000000e+00,2.704999999999964544e+00
9.050000000000000711e+00,1.512101967126000644e-153,0.000000000000000000e+00,2.709999999999964437e+00
9.054999999999999716e+00,5.690346052623302539e-154,0.000000000000000000e+00,2.714999999999964331e+00
9.060000000000000497e+00,2.136243677603769110e-154,0.000000000000000000e+00,2.719999999999964224e+00
9.064999999999999503e+00,8.001171935253979993e-155,0.000000000000000000e+00,2.724999999999964118e+00
9.070000000000000284e+00,2.990086573882997605e-155,0.000000000000000000e+00,2.729999999999964011e+00
9.075000000000001066e+00,1.115007812449404754e-155,0.000000000000000000e+00,2.734999999999963904e+00
9.080000000000000071e+00,4.149275333055995890e-156,0.000000000000000000e+00,2.739999999999963798e+00
9.085000000000000853e+00,1.540998377764393082e-156,0.000000000000000000e+00,2.744999999999963691e+00
9.089999999999999858e+00,5.712180138070132985e-157,0.000000000000000000e+00,2.749999999999963585e+00
9.095000000000000639e+00,2.113508873823279367e-157,0.000000000000000000e+00,2.754999999999963478e+00
9.099999999999999645e+00,7.806198184379672134e-158,0.000000000000000000e+00,2.759999999999963372e+00
9.105000000000000426e+00,2.878307023581022685e-158,0.000000000000000000e+00,2.764999999999963265e+00
9.109999999999999432e+00,1.059553919048711836e-158,0.000000000000000000e+00,2.769999999999963158e+00
9.115000000000000213e+00,3.894226017708478200e-159,0.000000000000000000e+00,2.774999999999963052e+00
9.120000000000000995e+00,1.429066164949840236e-159,0.000000000000000000e+00,2.779999999999962945e+00
9.125000000000000000e+00,5.236421418087667187e-160,0.000000000000000000e+00,2.784999999999962839e+00
9.130000000000000782e+00,1.915943986311201188e-160,0.000000000000000000e+00,2.789999999999962732e+00
9.134999999999999787e+00,7.000172029698160873e-161,0.000000000000000000e+00,2.794999999999962625e+00
9.140000000000000568e+00,2.553999562751863578e-161,0.000000000000000000e+00,2.799999999999962519e+00
9.144999999999999574e+00,9.305172532415737461e-162,0.000000000000000000e+00,2.804999999999962412e+00
9.150000000000000355e+00,3.385491190233700530e-162,0.000000000000000000e+00,2.809999999999962306e+00
9.154999999999999361e+00,1.230018527264600384e-162,0.000000000000000000e+00,2.814999999999962199e+00
9.160000000000000142e+00,4.462625351428851149e-163,0.000000000000000000e+00,2.819999999999962093e+00
9.165000000000000924e+00,1.616781443324158955e-163,0.000000000000000000e+00,2.824999999999961986e+00
9.169999999999999929e+00,5.849045571500298860e-164,0.000000000000000000e+00,2.829999999999961879e+00
9.175000000000000711e+00,2.112904092302694928e-164,0.000000000000000000e+00,2.834999999999961773e+00
9.179999999999999716e+00,7.621172189887628098e-165,0.000000000000000000e+00,2.839999999999961666e+00
9.185000000000000497e+00,2.744701845392186031e-165,0.000000000000000000e+00,2.844999999999961560e+00
9.189999999999999503e+00,9.869212964809850997e-166,0.000000000000000000e+00,2.849999999999961453e+00
9.195000000000000284e+00,3.542949348931298930e-166,0.000000000000000000e+00,2.854999999999961346e+00
9.200000000000001066e+00,1.269762297470298702e-166,0.000000000000000000e+00,2.859999999999961240e+00
9.205000000000000071e+00,4.542909267719051771e-167,0.000000000000000000e+00,2.864999999999961133e+00
9.210000000000000853e+00,1.622476028593158822e-167,0.000000000000000000e+00,2.869999999999961027e+00
9.214999999999999858e+00,5.784064442370828308e-168,0.000000000000000000e+00,2.874999999999960920e+00
9.220000000000000639e+00,2.058146926978435400e-168,0.000000000000000000e+00,2.879999999999960814e+00
9.224999999999999645e+00,7.309469267139167704e-169,0.000000000000000000e+00,2.884999999999960707e+00
9.230000000000000426e+00,2.590833467794985522e-169,0.000000000000000000e+00,2.889999999999960600e+00
9.234999999999999432e+00,9.164644668110402951e-170,0.000000000000000000e+00,2.894999999999960494e+00
9.240000000000000213e+00,3.235139430092771533e-170,0.000000000000000000e+00,2.899999999999960387e+00
9.245000000000000995e+00,1.139596120941233424e-170,0.000000000000000000e+00,2.904999999999960281e+00
9.250000000000000000e+00,4.005618171203011188e-171,0.000000000000000000e+00,2.909999999999960174e+00
9.255000000000000782e+00,1.404848776985254612e-171,0.000000000000000000e+00,2.914999999999960067e+00
9.259999999999999787e+00,4.916009491476365350e-172,0.000000000000000000e+00,2.919999999999959961e+00
9.265000000000000568e+00,1.716332866290344558e-172,0.000000000000000000e+00,2.924999999999959854e+00
9.269999999999999574e+00,5.978324807432244048e-173,0.000000000000000000e+00,2.929999999999959748e+00
9.275000000000000355e+00,2.077452791847032698e-173,0.000000000000000000e+00,2.934999999999959641e+00
9.279999999999999361e+00,7.201815205472284586e-174,0.000000000000000000e+00,2.939999999999959535e+00
9.285000000000000142e+00,2.490568154245445364e-174,0.000000000000000000e+00,2.944999999999959428e+00
9.290000000000000924e+00,8.591876879783568507e-175,0.000000000000000000e+00,2.949999999999959321e+00
9.294999999999999929e+00,2.956646076838173999e-175,0.000000000000000000e+00,2.954999999999959215e+00
9.300000000000000711e+00,1.014896725043876759e-175,0.000000000000000000e+00,2.959999999999959108e+00
9.304999999999999716e+00,3.474930390048306491e-176,0.000000000000000000e+00,2.964999999999959002e+00
9.310000000000000497e+00,1.186762011172239209e-176,0.000000000000000000e+00,2.969999999999958895e+00
9.314999999999999503e+00,4.042657283569548313e-177,0.000000000000000000e+00,2.974999999999958789e+00
9.320000000000000284e+00,1.373565679804366427e-177,0.000000000000000000e+00,2.979999999999958682e+00
9.325000000000001066e+00,4.654848459544437517e-178,0.000000000000000000e+00,2.984999999999958575e+00
9.330000000000000071e+00,1.573369020408315885e-178,0.000000000000000000e+00,2.989999999999958469e+00
9.335000000000000853e+00,5.304211168063860451e-179,0.000000000000000000e+00,2.994999999999958362e+00
9.339999999999999858e+00,1.783500791087146759e-179,0.000000000000000000e+00,2.999999999999958256e+00
9.345000000000000639e+00,5.981169419662748597e-180,0.000000000000000000e+00,3.004999999999958149e+00
9.349999999999999645e+00,2.000589911273459401e-180,0.000000000000000000e+00,3.009999999999958042e+00
9.355000000000000426e+00,6.674042188834065970e-181,0.000000000000000000e+00,3.014999999999957936e+00
9.359999999999999432e+00,2.220645835764891591e-181,0.000000000000000000e+00,3.019999999999957829e+00
9.365000000000000213e+00,7.369373050321323654e-182,0.000000000000000000e+00,3.024999999999957723e+00
9.370000000000000995e+00,2.439185963551005993e-182,0.000000000000000000e+00,3.029999999999957616e+00
9.375000000000000000e+00,8.052402387835225918e-183,0.000000000000000000e+00,3.034999999999957510e+00
9.380000000000000782e+00,2.651405076819715441e-183,0.000000000000000000e+00,3.039999999999957403e+00
9.384999999999999787e+00,8.707659428714820874e-184,0.000000000000000000e+00,3.044999999999957296e+00
9.390000000000000568e+00,2.852377507462367577e-184,0.000000000000000000e+00,3.049999999999957190e+00
9.394999999999999574e+00,9.319638471763377221e-185,0.000000000000000000e+00,3.054999999999957083e+00
9.400000000000000355e+00,3.037279005737561611e-185,0.000000000000000000e+00,3.059999999999956977e+00
9.404999999999999361e+00,9.873513409695218201e-186,0.000000000000000000e+00,3.064999999999956870e+00
9.410000000000000142e+00,3.201612629817133601e-186,0.000000000000000000e+00,3.069999999999956763e+00
9.415000000000000924e+00,1.035583843100567299e-186,0.000000000000000000e+00,3.074999999999956657e+00
9.419999999999999929e+00,3.341421780322512757e-187,0.000000000000000000e+00,3.079999999999956550e+00
9.425000000000000711e+00,1.075518163430920626e-187,0.000000000000000000e+00,3.084999999999956444e+00
9.429999999999999716e+00,3.453474004379631005e-188,0.000000000000000000e+00,3.089999999999956337e+00
9.435000000000000497e+00,1.106264262815847132e-188,0.000000000000000000e+00,3.094999999999956231e+00
9.439999999999999503e+00,3.535401417574423295e-189,0.000000000000000000e+00,3.099999999999956124e+00
9.445000000000000284e+00,1.127221476095112050e-189,0.000000000000000000e+00,3.104999999999956017e+00
9.450000000000001066e+00,3.585787346592670462e-190,0.000000000000000000e+00,3.109999999999955911e+00
9.455000000000000071e+00,1.138096648225167467e-190,0.000000000000000000e+00,3.114999999999955804e+00
9.460000000000000853e+00,3.604193682873436609e-191,0.000000000000000000e+00,3.119999999999955698e+00
9.464999999999999858e+00,1.138903295036412573e-191,0.000000000000000000e+00,3.124999999999955591e+00
9.470000000000000639e+00,3.591128904731354368e-192,0.000000000000000000e+00,3.129999999999955484e+00
9.474999999999999645e+00,1.129942645709989379e-192,0.000000000000000000e+00,3.134999999999955378e+00
9.480000000000000426e+00,3.547962135695419425e-193,0.000000000000000000e+00,3.139999999999955271e+00
9.484999999999999432e+00,1.111769049815411594e-193,0.000000000000000000e+00,3.144999999999955165e+00
9.490000000000000213e+00,3.476793328181711450e-194,0.000000000000000000e+00,3.149999999999955058e+00
9.495000000000000995e+00,1.085143548968417428e-194,0.000000000000000000e+00,3.154999999999954952e+00
9.500000000000000000e+00,3.380293153703077830e-195,0.000000000000000000e+00,3.159999999999954845e+00
9.505000000000000782e+00,1.050980274663515250e-195,0.000000000000000000e+00,3.164999999999954738e+00
9.509999999999999787e+00,3.261528068825530980e-196,0.000000000000000000e+00,3.169999999999954632e+00
9.515000000000000568e+00,1.010290653653465297e-196,0.000000000000000000e+00,3.174999999999954525e+00
9.519999999999999574e+00,3.123786149556719349e-197,0.000000000000000000e+00,3.179999999999954419e+00
9.525000000000000355e+00,9.641301661760612709e-198,0.000000000000000000e+00,3.184999999999954312e+00
9.529999999999999361e+00,2.970417716173355307e-198,0.000000000000000000e+00,3.189999999999954206e+00
9.535000000000000142e+00,9.135516676810912938e-199,0.000000000000000000e+00,3.194999999999954099e+00
9.540000000000000924e+00,2.804701789295217062e-199,0.000000000000000000e+00,3.199999999999953992e+00
9.544999999999999929e+00,8.595681697349412624e-200,0.000000000000000000e+00,3.204999999999953886e+00
9.550000000000000711e+00,2.629745475366501611e-200,0.000000000000000000e+00,3.209999999999953779e+00
9.554999999999999716e+00,8.031266406955485916e-201,0.000000000000000000e+00,3.214999999999953673e+00
9.560000000000000497e+00,2.448419020628956274e-201,0.000000000000000000e+00,3.219999999999953566e+00
9.564999999999999503e+00,7.450930096835592474e-202,0.000000000000000000e+00,3.224999999999953459e+00
9.570000000000000284e+00,2.263325058564708522e-202,0.000000000000000000e+00,3.229999999999953353e+00
9.575000000000001066e+00,6.862473091116235795e-203,0.000000000000000000e+00,3.234999999999953246e+00
9.580000000000000071e+00,2.076797007388414339e-203,0.000000000000000000e+00,3.239999999999953140e+00
9.585000000000000853e+00,6.272869124477573963e-204,0.000000000000000000e+00,3.244999999999953033e+00
9.589999999999999858e+00,1.890919028406665212e-204,0.000000000000000000e+00,3.249999999999952927e+00
9.595000000000000639e+00,5.688352092452186817e-205,0.000000000000000000e+00,3.254999999999952820e+00
9.599999999999999645e+00,1.707558645204617502e-205,0.000000000000000000e+00,3.259999999999952713e+00
9.605000000000000426e+00,5.114528476275511762e-206,0.000000000000000000e+00,3.264999999999952607e+00
9.609999999999999432e+00,1.528403080990292963e-206,0.000000000000000000e+00,3.269999999999952500e+00
9.615000000000000213e+00,4.556488485701883985e-207,0.000000000000000000e+00,3.274999999999952394e+00
9.620000000000000995e+00,1.354991463502362161e-207,0.000000000000000000e+00,3.279999999999952287e+00
9.625000000000000000e+00,4.018893915686483231e-208,0.000000000000000000e+00,3.284999999999952180e+00
9.630000000000000782e+00,1.188737007542330049e-208,0.000000000000000000e+00,3.289999999999952074e+00
9.634999999999999787e+00,3.506027881507013061e-209,0.000000000000000000e+00,3.294999999999951967e+00
9.640000000000000568e+00,1.030935764911665542e-209,0.000000000000000000e+00,3.299999999999951861e+00
9.644999999999999574e+00,3.021799810297313863e-210,0.000000000000000000e+00,3.304999999999951754e+00
9.650000000000000355e+00,8.827611528899207172e-211,0.000000000000000000e+00,3.309999999999951648e+00
9.654999999999999361e+00,2.569707151803882456e-211,0.000000000000000000e+00,3.314999999999951541e+00
9.660000000000000142e+00,7.452458831067571591e-212,0.000000000000000000e+00,3.319999999999951434e+00
9.665000000000000924e+00,2.152762207286741704e-212,0.000000000000000000e+00,3.324999999999951328e+00
9.669999999999999929e+00,6.192548289798387137e-213,0.000000000000000000e+00,3.329999999999951221e+00
9.675000000000000711e+00,1.773397511187474272e-213,0.000000000000000000e+00,3.334999999999951115e+00
9.679999999999999716e+00,5.054536052761298968e-214,0.000000000000000000e+00,3.339999999999951008e+00
9.685000000000000497e+00,1.433365916792514841e-214,0.000000000000000000e+00,3.344999999999950901e+00
9.689999999999999503e+00,4.042781104100945961e-215,0.000000000000000000e+00,3.349999999999950795e+00
9.695000000000000284e+00,1.133651860303814325e-215,0.000000000000000000e+00,3.354999999999950688e+00
9.700000000000001066e+00,3.159100283022287845e-216,0.000000000000000000e+00,3.359999999999950582e+00
9.705000000000000071e+00,8.744084415437870586e-217,0.000000000000000000e+00,3.364999999999950475e+00
9.710000000000000853e+00,2.402624167996292387e-217,0.000000000000000000e+00,3.369999999999950369e+00
9.714999999999999858e+00,6.549314348901456212e-218,0.000000000000000000e+00,3.374999999999950262e+00
9.720000000000000639e+00,1.769781994861992458e-218,0.000000000000000000e+00,3.379999999999950155e+00
9.724999999999999645e+00,4.736767468475231968e-219,0.000000000000000000e+00,3.384999999999950049e+00
9.730000000000000426e+00,1.254428333130292654e-219,0.000000000000000000e+00,3.389999999999949942e+00
9.734999999999999432e+00,3.283228310730488154e-220,0.000000000000000000e+00,3.394999999999949836e+00
9.740000000000000213e+00,8.481085278787329194e-221,0.000000000000000000e+00,3.399999999999949729e+00
9.745000000000000995e+00,2.158747823016272296e-221,0.000000000000000000e+00,3.404999999999949623e+00
9.750000000000000000e+00,5.404457512004865631e-222,0.000000000000000000e+00,3.409999999999949516e+00
9.755000000000000782e+00,1.328027736823399245e-222,0.000000000000000000e+00,3.414999999999949409e+00
9.759999999999999787e+00,3.196213005770348532e-223,0.000000000000000000e+00,3.419999999999949303e+00
9.765000000000000568e+00,7.520454105994691091e-224,0.000000000000000000e+00,3.424999999999949196e+00
9.769999999999999574e+00,1.729124130380476828e-224,0.000000000000000000e+00,3.429999999999949090e+00
9.775000000000000355e+00,3.897994502782878931e-225,0.000000000000000000e+00,3.434999999999948983e+00
9.779999999999999361e+00,8.724867266629588519e-226,0.000000000000000000e+00,3.439999999999948876e+00
9.785000000000000142e+00,2.000528307811401212e-226,0.000000000000000000e+00,3.444999999999948770e+00
9.790000000000000924e+00,4.974891846359083457e-227,0.000000000000000000e+00,3.449999999999948663e+00
9.794999999999999929e+00,1.429586261092088964e-227,0.000000000000000000e+00,3.454999999999948557e+00
9.800000000000000711e+00,4.820485273084095010e-228,0.000000000000000000e+00,3.459999999999948450e+00
9.804999999999999716e+00,1.814715567242092637e-228,0.000000000000000000e+00,3.464999999999948344e+00
9.810000000000000497e+00,7.148447187645257140e-229,0.000000000000000000e+00,3.469999999999948237e+00
9.814999999999999503e+00,2.824734563981791219e-229,0.000000000000000000e+00,3.474999999999948130e+00
9.820000000000000284e+00,1.098370099572327570e-229,0.000000000000000000e+00,3.479999999999948024e+00
9.825000000000001066e+00,4.175692582843207623e-230,0.000000000000000000e+00,3.484999999999947917e+00
9.830000000000000071e+00,1.550902946457806745e-230,0.000000000000000000e+00,3.489999999999947811e+00
9.835000000000000853e+00,5.635391123586689114e-231,0.000000000000000000e+00,3.494999999999947704e+00
9.839999999999999858e+00,2.007403404739149913e-231,0.000000000000000000e+00,3.499999999999947597e+00
9.845000000000000639e+00,7.024590728885064697e-232,0.000000000000000000e+00,3.504999999999947491e+00
9.849999999999999645e+00,2.419408781922267436e-232,0.000000000000000000e+00,3.509999999999947384e+00
9.855000000000000426e+00,8.215253242510034410e-233,0.000000000000000000e+00,3.514999999999947278e+00
9.859999999999999432e+00,2.754067824548019011e-233,0.000000000000000000e+00,3.519999999999947171e+00
9.865000000000000213e+00,9.126337354632800714e-234,0.000000000000000000e+00,3.524999999999947065e+00
9.870000000000000995e+00,2.992496819724225038e-234,0.000000000000000000e+00,3.529999999999946958e+00
9.875000000000000000e+00,9.717769635730189485e-235,0.000000000000000000e+00,3.534999999999946851e+00
9.880000000000000782e+00,3.127663108984485450e-235,0.000000000000000000e+00,3.539999999999946745e+00
9.884999999999999787e+00,9.983253593698854067e-236,0.000000000000000000e+00,3.544999999999946638e+00
9.890000000000000568e+00,3.162004826173382146e-236,0.000000000000000000e+00,3.549999999999946532e+00
9.894999999999999574e+00,9.942561404529744460e-237,0.000000000000000000e+00,3.554999999999946425e+00
9.900000000000000355e+00,3.104981945940434901e-237,0.000000000000000000e+00,3.559999999999946318e+00
9.904999999999999361e+00,9.633887009367545040e-238,0.000000000000000000e+00,3.564999999999946212e+00
9.910000000000000142e+00,2.970726771120862500e-238,0.000000000000000000e+00,3.569999999999946105e+00
9.915000000000000924e+00,9.106738188587523428e-239,0.000000000000000000e+00,3.574999999999945999e+00
9.919999999999999929e+00,2.775926140315313802e-239,0.000000000000000000e+00,3.579999999999945892e+00
9.925000000000000711e+00,8.415723148748597337e-240,0.000000000000000000e+00,3.584999999999945786e+00
9.929999999999999716e+00,2.538027375644166959e-240,0.000000000000000000e+00,3.589999999999945679e+00
9.935000000000000497e+00,7.615457907781119831e-241,0.000000000000000000e+00,3.594999999999945572e+00
9.939999999999999503e+00,2.273819479718130502e-241,0.000000000000000000e+00,3.599999999999945466e+00
9.945000000000000284e+00,6.756696586352769505e-242,0.000000000000000000e+00,3.604999999999945359e+00
9.950000000000001066e+00,1.998403839507215400e-242,0.000000000000000000e+00,3.609999999999945253e+00
9.955000000000000071e+00,5.883677370832114458e-243,0.000000000000000000e+00,3.614999999999945146e+00
9.960000000000000853e+00,1.724537325178722067e-243,0.000000000000000000e+00,3.619999999999945040e+00
9.964999999999999858e+00,5.032589142264710920e-244,0.000000000000000000e+00,3.624999999999944933e+00
9.970000000000000639e+00,1.462306810594285303e-244,0.000000000000000000e+00,3.629999999999944826e+00
9.974999999999999645e+00,4.231001124082358608e-245,0.000000000000000000e+00,3.634999999999944720e+00
9.980000000000000426e+00,1.219078428352024160e-245,0.000000000000000000e+00,3.639999999999944613e+00
9.984999999999999432e+00,3.498060961723981969e-246,0.000000000000000000e+00,3.644999999999944507e+00
9.990000000000000213e+00,9.996570666807223933e-247,0.000000000000000000e+00,3.649999999999944400e+00
9.995000000000000995e+00,2.845253468764950509e-247,0.000000000000000000e+00,3.654999999999944293e+00
1.000000000000000000e+01,8.065907820685038398e-248,0.000000000000000000e+00,3.659999999999944187e+00
1.000500000000000078e+01,2.277519056328631437e-248,0.000000000000000000e+00,3.664999999999944080e+00
1.000999999999999979e+01,6.405595316296394614e-249,0.000000000000000000e+00,3.669999999999943974e+00
1.001500000000000057e+01,1.794552683629313959e-249,0.000000000000000000e+00,3.674999999999943867e+00
1.001999999999999957e+01,5.007962761697613243e-250,0.000000000000000000e+00,3.679999999999943761e+00
1.002500000000000036e+01,1.392135706681921301e-250,0.000000000000000000e+00,3.684999999999943654e+00
1.002999999999999936e+01,3.854994001618135043e-251,0.000000000000000000e+00,3.689999999999943547e+00
1.003500000000000014e+01,1.063389167630686697e-251,0.000000000000000000e+00,3.694999999999943441e+00
1.004000000000000092e+01,2.922070244227865862e-252,0.000000000000000000e+00,3.699999999999943334e+00
1.004499999999999993e+01,7.998734732664146095e-253,0.000000000000000000e+00,3.704999999999943228e+00
1.005000000000000071e+01,2.181149152122009045e-253,0.000000000000000000e+00,3.709999999999943121e+00
1.005499999999999972e+01,5.924926789082223809e-254,0.000000000000000000e+00,3.714999999999943014e+00
1.006000000000000050e+01,1.603294281138835765e-254,0.000000000000000000e+00,3.719999999999942908e+00
1.006499999999999950e+01,4.321894727533409932e-255,0.000000000000000000e+00,3.724999999999942801e+00
1.007000000000000028e+01,1.160547322205377537e-255,0.000000000000000000e+00,3.729999999999942695e+00
1.007500000000000107e+01,3.104382931397562821e-256,0.000000000000000000e+00,3.734999999999942588e+00
1.008000000000000007e+01,8.271923288384479300e-257,0.000000000000000000e+00,3.739999999999942482e+00
1.008500000000000085e+01,2.195586028303892002e-257,0.000000000000000000e+00,3.744999999999942375e+00
1.008999999999999986e+01,5.804970983425551571e-258,0.000000000000000000e+00,3.749999999999942268e+00
1.009500000000000064e+01,1.528787147977007420e-258,0.000000000000000000e+00,3.754999999999942162e+00
1.009999999999999964e+01,4.010346343911731993e-259,0.000000000000000000e+00,3.759999999999942055e+00
1.010500000000000043e+01,1.047837176828696083e-259,0.000000000000000000e+00,3.764999999999941949e+00
1.010999999999999943e+01,2.726907999143755143e-260,0.000000000000000000e+00,3.769999999999941842e+00
1.011500000000000021e+01,7.068023214017161900e-261,0.000000000000000000e+00,3.774999999999941735e+00
1.012000000000000099e+01,1.824569443433903298e-261,0.000000000000000000e+00,3.779999999999941629e+00
1.012500000000000000e+01,4.690722657265519730e-262,0.000000000000000000e+00,3.784999999999941522e+00
1.013000000000000078e+01,1.200923930613455363e-262,0.000000000000000000e+00,3.789999999999941416e+00
1.013499999999999979e+01,3.061710530216622824e-263,0.000000000000000000e+00,3.794999999999941309e+00
1.014000000000000057e+01,7.772462854593321021e-264,0.000000000000000000e+00,3.799999999999941203e+00
1.014499999999999957e+01,1.964572033807877662e-264,0.000000000000000000e+00,3.804999999999941096e+00
1.015000000000000036e+01,4.943744140881448447e-265,0.000000000000000000e+00,3.809999999999940989e+00
1.015499999999999936e+01,1.238456658400727780e-265,0.000000000000000000e+00,3.814999999999940883e+00
1.016000000000000014e+01,3.088115074239095676e-266,0.000000000000000000e+00,3.819999999999940776e+00
1.016500000000000092e+01,7.663666512769489411e-267,0.000000000000000000e+00,3.824999999999940670e+00
1.016999999999999993e+01,1.892529827807472504e-267,0.000000000000000000e+00,3.829999999999940563e+00
1.017500000000000071e+01,4.649779885901486955e-268,0.000000000000000000e+00,3.834999999999940457e+00
1.017999999999999972e+01,1.136348991385052831e-268,0.000000000000000000e+00,3.839999999999940350e+00
1.018500000000000050e+01,2.761657372832553147e-269,0.000000000000000000e+00,3.844999999999940243e+00
1.018999999999999950e+01,6.672297262137124185e-270,0.000000000000000000e+00,3.849999999999940137e+00
1.019500000000000028e+01,1.602040248041997501e-270,0.000000000000000000e+00,3.854999999999940030e+00
1.020000000000000107e+01,3.821034216732922149e-271,0.000000000000000000e+00,3.859999999999939924e+00
1.020500000000000007e+01,9.048627715467426782e-272,0.000000000000000000e+00,3.864999999999939817e+00
1.021000000000000085e+01,2.126312934762277183e-272,0.000000000000000000e+00,3.869999999999939710e+00
1.021499999999999986e+01,4.954761583910386725e-273,0.000000000000000000e+00,3.874999999999939604e+00
1.022000000000000064e+01,1.144028153236481257e-273,0.000000000000000000e+00,3.879999999999939497e+00
1.022499999999999964e+01,2.615163380915945845e-274,0.000000000000000000e+00,3.884999999999939391e+00
1.023000000000000043e+01,5.913107039455900055e-275,0.000000000000000000e+00,3.889999999999939284e+00
1.023499999999999943e+01,1.321315412251842034e-275,0.000000000000000000e+00,3.894999999999939178e+00
1.024000000000000021e+01,2.915950008588384593e-276,0.000000000000000000e+00,3.899999999999939071e+00
1.024500000000000099e+01,6.354684870052014819e-277,0.000000000000000000e+00,3.904999999999938964e+00
1.025000000000000000e+01,1.369195560155132135e-277,0.000000000000000000e+00,3.909999999999938858e+00
1.025500000000000078e+01,2.927857403421866975e-278,0.000000000000000000e+00,3.914999999999938751e+00
1.025999999999999979e+01,6.267870421700867907e-279,0.000000000000000000e+00,3.919999999999938645e+00
1.026500000000000057e+01,1.365822650399734887e-279,0.000000000000000000e+00,3.924999999999938538e+00
1.026999999999999957e+01,3.110806207600030952e-280,0.000000000000000000e+00,3.929999999999938431e+00
1.027500000000000036e+01,7.645037858318316963e-281,0.000000000000000000e+00,3.934999999999938325e+00
1.027999999999999936e+01,2.072561731654623070e-281,0.000000000000000000e+00,3.939999999999938218e+00
1.028500000000000014e+01,6.177911893707161267e-282,0.000000000000000000e+00,3.944999999999938112e+00
1.029000000000000092e+01,1.972573837827271933e-282,0.000000000000000000e+00,3.949999999999938005e+00
1.029499999999999993e+01,6.535874673871844084e-283,0.000000000000000000e+00,3.954999999999937899e+00
1.030000000000000071e+01,2.193004419657611353e-283,0.000000000000000000e+00,3.959999999999937792e+00
1.030499999999999972e+01,7.342834761069731511e-284,0.000000000000000000e+00,3.964999999999937685e+00
1.031000000000000050e+01,2.435239936467870837e-284,0.000000000000000000e+00,3.969999999999937579e+00
1.031499999999999950e+01,7.974456050602536164e-285,0.000000000000000000e+00,3.974999999999937472e+00
1.032000000000000028e+01,2.576036681538300839e-285,0.000000000000000000e+00,3.979999999999937366e+00
1.032500000000000107e+01,8.210741638993426351e-286,0.000000000000000000e+00,3.984999999999937259e+00
1.033000000000000007e+01,2.583980578750779797e-286,0.000000000000000000e+00,3.989999999999937152e+00
1.033500000000000085e+01,8.036069123035642525e-287,0.000000000000000000e+00,3.994999999999937046e+00
1.033999999999999986e+01,2.471865802203798226e-287,0.000000000000000000e+00,3.999999999999936939e+00
1.034500000000000064e+01,7.526456204298809687e-288,0.000000000000000000e+00,4.004999999999936833e+00
1.034999999999999964e+01,2.270203773936791499e-288,0.000000000000000000e+00,4.009999999999936726e+00
1.035500000000000043e+01,6.787904994204053174e-289,0.000000000000000000e+00,4.014999999999936620e+00
1.035999999999999943e+01,2.013057829418644225e-289,0.000000000000000000e+00,4.019999999999936513e+00
1.036500000000000021e+01,5.924440717279051599e-290,0.000000000000000000e+00,4.024999999999936406e+00
1.037000000000000099e+01,1.731018756257477709e-290,0.000000000000000000e+00,4.029999999999936300e+00
1.037500000000000000e+01,5.023280838957658890e-291,0.000000000000000000e+00,4.034999999999936193e+00
1.038000000000000078e+01,1.448274752697951686e-291,0.000000000000000000e+00,4.039999999999936087e+00
1.038499999999999979e+01,4.149734905223032119e-292,0.000000000000000000e+00,4.044999999999935980e+00
1.039000000000000057e+01,1.181973703765031609e-292,0.000000000000000000e+00,4.049999999999935874e+00
1.039499999999999957e+01,3.347432350257571176e-293,0.000000000000000000e+00,4.054999999999935767e+00
1.040000000000000036e+01,9.427986881804498750e-294,0.000000000000000000e+00,4.059999999999935660e+00
1.040499999999999936e+01,2.641226729888343766e-294,0.000000000000000000e+00,4.064999999999935554e+00
1.041000000000000014e+01,7.361044441279183459e-295,0.000000000000000000e+00,4.069999999999935447e+00
1.041500000000000092e+01,2.041173718178502362e-295,0.000000000000000000e+00,4.074999999999935341e+00
1.041999999999999993e+01,5.632227777857200713e-296,0.000000000000000000e+00,4.079999999999935234e+00
1.042500000000000071e+01,1.546632554084826338e-296,0.000000000000000000e+00,4.084999999999935127e+00
1.042999999999999972e+01,4.227099828896519789e-297,0.000000000000000000e+00,4.089999999999935021e+00
1.043500000000000050e+01,1.149961664946032606e-297,0.000000000000000000e+00,4.094999999999934914e+00
1.043999999999999950e+01,3.114172666459936167e-298,0.000000000000000000e+00,4.099999999999934808e+00
1.044500000000000028e+01,8.395562454966804095e-299,0.000000000000000000e+00,4.104999999999934701e+00
1.045000000000000107e+01,2.253360967386534749e-299,0.000000000000000000e+00,4.109999999999934595e+00
1.045500000000000007e+01,6.021557233250155818e-300,0.000000000000000000e+00,4.114999999999934488e+00
1.046000000000000085e+01,1.602155461628802369e-300,0.000000000000000000e+00,4.119999999999934381e+00
1.046499999999999986e+01,4.244600224886514112e-301,0.000000000000000000e+00,4.124999999999934275e+00
1.047000000000000064e+01,1.119752094479488815e-301,0.000000000000000000e+00,4.129999999999934168e+00
1.047499999999999964e+01,2.941541845483484306e-302,0.000000000000000000e+00,4.134999999999934062e+00
1.048000000000000043e+01,7.695026583779727081e-303,0.000000000000000000e+00,4.139999999999933955e+00
1.048499999999999943e+01,2.004657541497743420e-303,0.000000000000000000e+00,4.144999999999933848e+00
1.049000000000000021e+01,5.200891414225334871e-304,0.000000000000000000e+00,4.149999999999933742e+00
1.049500000000000099e+01,1.343802416967779825e-304,0.000000000000000000e+00,4.154999999999933635e+00
1.050000000000000000e+01,3.458008427740369545e-305,0.000000000000000000e+00,4.159999999999933529e+00
1.050500000000000078e+01,8.862651226579856161e-306,0.000000000000000000e+00,4.164999999999933422e+00
1.050999999999999979e+01,2.262371530867180327e-306,0.000000000000000000e+00,4.169999999999933316e+00
1.051500000000000057e+01,5.752346088785223584e-307,0.000000000000000000e+00,4.174999999999933209e+00
1.051999999999999957e+01,1.456895724834003473e-307,0.000000000000000000e+00,4.179999999999933102e+00
1.052500000000000036e+01,3.675702920488302878e-308,0.000000000000000000e+00,4.184999999999932996e+00
1.052999999999999936e+01,9.238739888642579152e-309,0.000000000000000000e+00,4.189999999999932889e+00
1.053500000000000014e+01,2.313581486468744213e-309,0.000000000000000000e+00,4.194999999999932783e+00
1.054000000000000092e+01,5.773047471926961266e-310,0.000000000000000000e+00,4.199999999999932676e+00
1.054499999999999993e+01,1.435600592437104414e-310,0.000000000000000000e+00,4.204999999999932569e+00
1.055000000000000071e+01,3.558312059155749224e-311,0.000000000000000000e+00,4.209999999999932463e+00
1.055499999999999972e+01,8.792790127809902535e-312,0.000000000000000000e+00,4.214999999999932356e+00
1.056000000000000050e+01,2.166665098002445699e-312,0.000000000000000000e+00,4.219999999999932250e+00
1.056499999999999950e+01,5.325649307240524730e-313,0.000000000000000000e+00,4.224999999999932143e+00
1.057000000000000028e+01,1.306258155281369316e-313,0.000000000000000000e+00,4.229999999999932037e+00
1.057500000000000107e+01,3.198536002546651115e-314,0.000000000000000000e+00,4.234999999999931930e+00
1.058000000000000007e+01,7.822805280709839094e-315,0.000000000000000000e+00,4.239999999999931823e+00
1.058500000000000085e+01,1.912147644978915945e-315,0.000000000000000000e+00,4.244999999999931717e+00
1.058999999999999986e+01,4.674363227387189935e-316,0.000000000000000000e+00,4.249999999999931610e+00
1.059500000000000064e+01,1.143653325086965260e-316,0.000000000000000000e+00,4.254999999999931504e+00
1.059999999999999964e+01,2.802822057216245614e-317,0.000000000000000000e+00,4.259999999999931397e+00
1.060500000000000043e+01,6.886598233092174318e-318,0.000000000000000000e+00,4.264999999999931291e+00
1.060999999999999943e+01,1.697891176528652636e-318,0.000000000000000000e+00,4.269999999999931184e+00
1.061500000000000021e+01,4.204251613286087468e-319,0.000000000000000000e+00,4.274999999999931077e+00
1.062000000000000099e+01,1.046381631327176056e-319,0.000000000000000000e+00,4.279999999999930971e+00
1.062500000000000000e+01,2.619536054250289177e-320,0.000000000000000000e+00,4.284999999999930864e+00
1.063000000000000078e+01,6.600717028439053830e-321,0.000000000000000000e+00,4.289999999999930758e+00
1.063499999999999979e+01,1.674882539401825785e-321,0.000000000000000000e+00,4.294999999999930651e+00
1.064000000000000057e+01,4.248964554234720280e-322,0.000000000000000000e+00,4.299999999999930544e+00
1.064499999999999957e+01,1.086944420850742397e-322,0.000000000000000000e+00,4.304999999999930438e+00
1.065000000000000036e+01,2.964393875047479265e-323,0.000000000000000000e+00,4.309999999999930331e+00
1.065499999999999936e+01,4.940656458412465442e-324,0.000000000000000000e+00,4.314999999999930225e+00
1.066000000000000014e+01,0.000000000000000000e+00,0.000000000000000000e+00,4.314999999999930225e+00
1.066500000000000092e+01,0.000000000000000000e+00,0.000000000000000000e+00,4.314999999999930225e+00
1.066999999999999993e+01,0.000000000000000000e+00,0.000000000000000000e+00,4.314999999999930225e+00
1.067500000000000071e+01,0.000000000000000000e+00,0.000000000000000000e+00,4.314999999999930225e+00
1.067999999999999972e+01,0.000000000000000000e+00,0.000000000000000000e+00,4.314999999999930225e+00
1.068500000000000050e+01,0.000000000000000000e+00,0.000000000000000000e+00,4.314999999999930225e+00
1.068999999999999950e+01,0.000000000000000000e+00,0.000000000000000000e+00,4.314999999999930225e+00
1.069500000000000028e+01,0.000000000000000000e+00,0.000000000000000000e+00,4.314999999999930225e+00
1.070000000000000107e+01,0.000000000000000000e+00,0.000000000000000000e+00,4.314999999999930225e+00
1.070500000000000007e+01,0.000000000000000000e+00,0.000000000000000000e+00,4.314999999999930225e+00
1.071000000000000085e+01,0.000000000000000000e+00,0.000000000000000000e+00,4.314999999999930225e+00
1.071499999999999986e+01,0.000000000000000000e+00,0.000000000000000000e+00,4.314999999999930225e+00
1.072000000000000064e+01,0.000000000000000000e+00,0.000000000000000000e+00,4.314999999999930225e+00
1.072499999999999964e+01,0.000000000000000000e+00,0.000000000000000000e+00,4.314999999999930225e+00
1.073000000000000043e+01,0.000000000000000000e+00,0.000000000000000000e+00,4.314999999999930225e+00
1.073499999999999943e+01,0.000000000000000000e+00,0.000000000000000000e+00,4.314999999999930225e+00
1.074000000000000021e+01,0.000000000000000000e+00,0.000000000000000000e+00,4.314999999999930225e+00
1.074500000000000099e+01,0.000000000000000000e+00,0.000000000000000000e+00,4.314999999999930225e+00
1.075000000000000000e+01,0.000000000000000000e+00,0.000000000000000000e+00,4.314999999999930225e+00
1.075500000000000078e+01,0.000000000000000000e+00,0.000000000000000000e+00,4.314999999999930225e+00
1.075999999999999979e+01,0.000000000000000000e+00,0.000000000000000000e+00,4.314999999999930225e+00
1.076500000000000057e+01,0.000000000000000000e+00,0.000000000000000000e+00,4.314999999999930225e+00
1.076999999999999957e+01,0.000000000000000000e+00,0.000000000000000000e+00,4.314999999999930225e+00
1.077500000000000036e+01,0.000000000000000000e+00,0.000000000000000000e+00,4.314999999999930225e+00
1.077999999999999936e+01,0.000000000000000000e+00,0.000000000000000000e+00,4.314999999999930225e+00
1.078500000000000014e+01,0.000000000000000000e+00,0.000000000000000000e+00,4.314999999999930225e+00
1.079000000000000092e+01,0.000000000000000000e+00,0.000000000000000000e+00,4.314999999999930225e+00
1.079499999999999993e+01,0.000000000000000000e+00,0.000000000000000000e+00,4.314999999999930225e+00
1.080000000000000071e+01,0.000000000000000000e+00,0.000000000000000000e+00,4.314999999999930225e+00
1.080499999999999972e+01,0.000000000000000000e+00,0.000000000000000000e+00,4.314999999999930225e+00
1.081000000000000050e+01,0.000000000000000000e+00,0.000000000000000000e+00,4.314999999999930225e+00
1.081499999999999950e+01,0.000000000000000000e+00,0.000000000000000000e+00,4.314999999999930225e+00
1.082000000000000028e+01,0.000000000000000000e+00,0.000000000000000000e+00,4.314999999999930225e+00
1.082500000000000107e+01,0.000000000000000000e+00,0.000000000000000000e+00,4.314999999999930225e+00
1.083000000000000007e+01,0.000000000000000000e+00,0.000000000000000000e+00,4.314999999999930225e+00
1.083500000000000085e+01,0.000000000000000000e+00,0.000000000000000000e+00,4.314999999999930225e+00
1.083999999999999986e+01,0.000000000000000000e+00,0.000000000000000000e+00,4.314999999999930225e+00
1.084500000000000064e+01,0.000000000000000000e+00,0.000000000000000000e+00,4.314999999999930225e+00
1.084999999999999964e+01,0.000000000000000000e+00,0.000000000000000000e+00,4.314999999999930225e+00
1.085500000000000043e+01,0.000000000000000000e+00,0.000000000000000000e+00,4.314999999999930225e+00
1.085999999999999943e+01,0.000000000000000000e+00,0.000000000000000000e+00,4.314999999999930225e+00
1.086500000000000021e+01,0.000000000000000000e+00,0.000000000000000000e+00,4.314999999999930225e+00
1.087000000000000099e+01,0.000000000000000000e+00,0.000000000000000000e+00,4.314999999999930225e+00
1.087500000000000000e+01,0.000000000000000000e+00,0.000000000000000000e+00,4.314999999999930225e+00
1.088000000000000078e+01,0.000000000000000000e+00,0.000000000000000000e+00,4.314999999999930225e+00
1.088499999999999979e+01,0.000000000000000000e+00,0.000000000000000000e+00,4.314999999999930225e+00
1.089000000000000057e+01,0.000000000000000000e+00,0.000000000000000000e+00,4.314999999999930225e+00
1.089499999999999957e+01,0.000000000000000000e+00,0.000000000000000000e+00,4.314999999999930225e+00
1.090000000000000036e+01,0.000000000000000000e+00,0.000000000000000000e+00,4.314999999999930225e+00
1.090499999999999936e+01,0.000000000000000000e+00,0.000000000000000000e+00,4.314999999999930225e+00
1.091000000000000014e+01,0.000000000000000000e+00,0.000000000000000000e+00,4.314999999999930225e+00
1.091500000000000092e+01,0.000000000000000000e+00,0.000000000000000000e+00,4.314999999999930225e+00
1.091999999999999993e+01,0.000000000000000000e+00,0.000000000000000000e+00,4.314999999999930225e+00
1.092500000000000071e+01,0.000000000000000000e+00,0.000000000000000000e+00,4.314999999999930225e+00
1.092999999999999972e+01,0.000000000000000000e+00,0.000000000000000000e+00,4.314999999999930225e+00
1.093500000000000050e+01,0.000000000000000000e+00,0.000000000000000000e+00,4.314999999999930225e+00
1.093999999999999950e+01,0.000000000000000000e+00,0.000000000000000000e+00,4.314999999999930225e+00
1.094500000000000028e+01,0.000000000000000000e+00,0.000000000000000000e+00,4.314999999999930225e+00
1.095000000000000107e+01,0.000000000000000000e+00,0.000000000000000000e+00,4.314999999999930225e+00
1.095500000000000007e+01,0.000000000000000000e+00,0.000000000000000000e+00,4.314999999999930225e+00
1.096000000000000085e+01,0.000000000000000000e+00,0.000000000000000000e+00,4.314999999999930225e+00
1.096499999999999986e+01,0.000000000000000000e+00,0.000000000000000000e+00,4.314999999999930225e+00
1.097000000000000064e+01,0.000000000000000000e+00,0.000000000000000000e+00,4.314999999999930225e+00
1.097499999999999964e+01,0.000000000000000000e+00,0.000000000000000000e+00,4.314999999999930225e+00
1.098000000000000043e+01,0.000000000000000000e+00,0.000000000000000000e+00,4.314999999999930225e+00
1.098499999999999943e+01,0.000000000000000000e+00,0.000000000000000000e+00,4.314999999999930225e+00
1.099000000000000021e+01,0.000000000000000000e+00,0.000000000000000000e+00,4.314999999999930225e+00
1.099500000000000099e+01,0.000000000000000000e+00,0.000000000000000000e+00,4.314999999999930225e+00
1.100000000000000000e+01,0.000000000000000000e+00,0.000000000000000000e+00,4.314999999999930225e+00
1.100500000000000078e+01,0.000000000000000000e+00,0.000000000000000000e+00,4.314999999999930225e+00
1.100999999999999979e+01,0.000000000000000000e+00,0.000000000000000000e+00,4.314999999999930225e+00
1.101500000000000057e+01,0.000000000000000000e+00,0.000000000000000000e+00,4.314999999999930225e+00
1.101999999999999957e+01,0.000000000000000000e+00,0.000000000000000000e+00,4.314999999999930225e+00
1.102500000000000036e+01,0.000000000000000000e+00,0.000000000000000000e+00,4.314999999999930225e+00
1.102999999999999936e+01,0.000000000000000000e+00,0.000000000000000000e+00,4.314999999999930225e+00
1.103500000000000014e+01,0.000000000000000000e+00,0.000000000000000000e+00,4.314999999999930225e+00
1.104000000000000092e+01,0.000000000000000000e+00,0.000000000000000000e+00,4.314999999999930225e+00
1.104499999999999993e+01,0.000000000000000000e+00,0.000000000000000000e+00,4.314999999999930225e+00
1.105000000000000071e+01,0.000000000000000000e+00,0.000000000000000000e+00,4.314999999999930225e+00
1.105499999999999972e+01,0.000000000000000000e+00,0.000000000000000000e+00,4.314999999999930225e+00
1.106000000000000050e+01,0.000000000000000000e+00,0.000000000000000000e+00,4.314999999999930225e+00
1.106499999999999950e+01,0.000000000000000000e+00,0.000000000000000000e+00,4.314999999999930225e+00
1.107000000000000028e+01,0.000000000000000000e+00,0.000000000000000000e+00,4.314999999999930225e+00
1.107500000000000107e+01,0.000000000000000000e+00,0.000000000000000000e+00,4.314999999999930225e+00
1.108000000000000007e+01,0.000000000000000000e+00,0.000000000000000000e+00,4.314999999999930225e+00
1.108500000000000085e+01,0.000000000000000000e+00,0.000000000000000000e+00,4.314999999999930225e+00
1.108999999999999986e+01,0.000000000000000000e+00,0.000000000000000000e+00,4.314999999999930225e+00
1.109500000000000064e+01,0.000000000000000000e+00,0.000000000000000000e+00,4.314999999999930225e+00
1.109999999999999964e+01,0.000000000000000000e+00,0.000000000000000000e+00,4.314999999999930225e+00
1.110500000000000043e+01,0.000000000000000000e+00,0.000000000000000000e+00,4.314999999999930225e+00
1.110999999999999943e+01,0.000000000000000000e+00,0.000000000000000000e+00,4.314999999999930225e+00
1.111500000000000021e+01,0.000000000000000000e+00,0.000000000000000000e+00,4.314999999999930225e+00
1.112000000000000099e+01,0.000000000000000000e+00,0.000000000000000000e+00,4.314999999999930225e+00
1.112500000000000000e+01,0.000000000000000000e+00,0.000000000000000000e+00,4.314999999999930225e+00
1.113000000000000078e+01,0.000000000000000000e+00,0.000000000000000000e+00,4.314999999999930225e+00
1.113499999999999979e+01,0.000000000000000000e+00,0.000000000000000000e+00,4.314999999999930225e+00
1.114000000000000057e+01,0.000000000000000000e+00,0.000000000000000000e+00,4.314999999999930225e+00
1.114499999999999957e+01,0.000000000000000000e+00,0.000000000000000000e+00,4.314999999999930225e+00
1.115000000000000036e+01,0.000000000000000000e+00,0.000000000000000000e+00,4.314999999999930225e+00
1.115499999999999936e+01,0.000000000000000000e+00,0.000000000000000000e+00,4.314999999999930225e+00
1.116000000000000014e+01,0.000000000000000000e+00,0.000000000000000000e+00,4.314999999999930225e+00
1.116500000000000092e+01,0.000000000000000000e+00,0.000000000000000000e+00,4.314999999999930225e+00
1.116999999999999993e+01,0.000000000000000000e+00,0.000000000000000000e+00,4.314999999999930225e+00
1.117500000000000071e+01,0.000000000000000000e+00,0.000000000000000000e+00,4.314999999999930225e+00
1.117999999999999972e+01,0.000000000000000000e+00,0.000000000000000000e+00,4.314999999999930225e+00
1.118500000000000050e+01,0.000000000000000000e+00,0.000000000000000000e+00,4.314999999999930225e+00
1.118999999999999950e+01,0.000000000000000000e+00,0.000000000000000000e+00,4.314999999999930225e+00
1.119500000000000028e+01,0.000000000000000000e+00,0.000000000000000000e+00,4.314999999999930225e+00
1.120000000000000107e+01,0.000000000000000000e+00,0.000000000000000000e+00,4.314999999999930225e+00
1.120500000000000007e+01,0.000000000000000000e+00,0.000000000000000000e+00,4.314999999999930225e+00
1.121000000000000085e+01,0.000000000000000000e+00,0.000000000000000000e+00,4.314999999999930225e+00
1.121499999999999986e+01,0.000000000000000000e+00,0.000000000000000000e+00,4.314999999999930225e+00
1.122000000000000064e+01,0.000000000000000000e+00,0.000000000000000000e+00,4.314999999999930225e+00
1.122499999999999964e+01,0.000000000000000000e+00,0.000000000000000000e+00,4.314999999999930225e+00
1.123000000000000043e+01,0.000000000000000000e+00,0.000000000000000000e+00,4.314999999999930225e+00
1.123499999999999943e+01,0.000000000000000000e+00,0.000000000000000000e+00,4.314999999999930225e+00
1.124000000000000021e+01,0.000000000000000000e+00,0.000000000000000000e+00,4.314999999999930225e+00
1.124500000000000099e+01,0.000000000000000000e+00,0.000000000000000000e+00,4.314999999999930225e+00
1.125000000000000000e+01,0.000000000000000000e+00,0.000000000000000000e+00,4.314999999999930225e+00
1.125500000000000078e+01,0.000000000000000000e+00,0.000000000000000000e+00,4.314999999999930225e+00
1.125999999999999979e+01,0.000000000000000000e+00,0.000000000000000000e+00,4.314999999999930225e+00
1.126500000000000057e+01,0.000000000000000000e+00,0.000000000000000000e+00,4.314999999999930225e+00
1.126999999999999957e+01,0.000000000000000000e+00,0.000000000000000000e+00,4.314999999999930225e+00
1.127500000000000036e+01,0.000000000000000000e+00,0.000000000000000000e+00,4.314999999999930225e+00
1.127999999999999936e+01,0.000000000000000000e+00,0.000000000000000000e+00,4.314999999999930225e+00
1.128500000000000014e+01,0.000000000000000000e+00,0.000000000000000000e+00,4.314999999999930225e+00
1.129000000000000092e+01,0.000000000000000000e+00,0.000000000000000000e+00,4.314999999999930225e+00
1.129499999999999993e+01,0.000000000000000000e+00,0.000000000000000000e+00,4.314999999999930225e+00
1.130000000000000071e+01,0.000000000000000000e+00,0.000000000000000000e+00,4.314999999999930225e+00
1.130499999999999972e+01,0.000000000000000000e+00,0.000000000000000000e+00,4.314999999999930225e+00
1.131000000000000050e+01,0.000000000000000000e+00,0.000000000000000000e+00,4.314999999999930225e+00
1.131499999999999950e+01,0.000000000000000000e+00,0.000000000000000000e+00,4.314999999999930225e+00
1.132000000000000028e+01,0.000000000000000000e+00,0.000000000000000000e+00,4.314999999999930225e+00
1.132500000000000107e+01,0.000000000000000000e+00,0.000000000000000000e+00,4.314999999999930225e+00
1.133000000000000007e+01,0.000000000000000000e+00,0.000000000000000000e+00,4.314999999999930225e+00
1.133500000000000085e+01,0.000000000000000000e+00,0.000000000000000000e+00,4.314999999999930225e+00
1.133999999999999986e+01,0.000000000000000000e+00,0.000000000000000000e+00,4.314999999999930225e+00
1.134500000000000064e+01,0.000000000000000000e+00,0.000000000000000000e+00,4.314999999999930225e+00
1.134999999999999964e+01,0.000000000000000000e+00,0.000000000000000000e+00,4.314999999999930225e+00
1.135500000000000043e+01,0.000000000000000000e+00,0.000000000000000000e+00,4.314999999999930225e+00
1.135999999999999943e+01,0.000000000000000000e+00,0.000000000000000000e+00,4.314999999999930225e+00
1.136500000000000021e+01,0.000000000000000000e+00,0.000000000000000000e+00,4.314999999999930225e+00
1.137000000000000099e+01,0.000000000000000000e+00,0.000000000000000000e+00,4.314999999999930225e+00
1.137500000000000000e+01,0.000000000000000000e+00,0.000000000000000000e+00,4.314999999999930225e+00
1.138000000000000078e+01,0.000000000000000000e+00,0.000000000000000000e+00,4.314999999999930225e+00
1.138499999999999979e+01,0.000000000000000000e+00,0.000000000000000000e+00,4.314999999999930225e+00
1.139000000000000057e+01,0.000000000000000000e+00,0.000000000000000000e+00,4.314999999999930225e+00
1.139499999999999957e+01,0.000000000000000000e+00,0.000000000000000000e+00,4.314999999999930225e+00
1.140000000000000036e+01,0.000000000000000000e+00,0.000000000000000000e+00,4.314999999999930225e+00
1.140499999999999936e+01,0.000000000000000000e+00,0.000000000000000000e+00,4.314999999999930225e+00
1.141000000000000014e+01,0.000000000000000000e+00,0.000000000000000000e+00,4.314999999999930225e+00
1.141500000000000092e+01,0.000000000000000000e+00,0.000000000000000000e+00,4.314999999999930225e+00
1.141999999999999993e+01,0.000000000000000000e+00,0.000000000000000000e+00,4.314999999999930225e+00
1.142500000000000071e+01,0.000000000000000000e+00,0.000000000000000000e+00,4.314999999999930225e+00
1.142999999999999972e+01,0.000000000000000000e+00,0.000000000000000000e+00,4.314999999999930225e+00
1.143500000000000050e+01,0.000000000000000000e+00,0.000000000000000000e+00,4.314999999999930225e+00
1.143999999999999950e+01,0.000000000000000000e+00,0.000000000000000000e+00,4.314999999999930225e+00
1.144500000000000028e+01,0.000000000000000000e+00,0.000000000000000000e+00,4.314999999999930225e+00
1.145000000000000107e+01,0.000000000000000000e+00,0.000000000000000000e+00,4.314999999999930225e+00
1.145500000000000007e+01,0.000000000000000000e+00,0.000000000000000000e+00,4.314999999999930225e+00
1.146000000000000085e+01,0.000000000000000000e+00,0.000000000000000000e+00,4.314999999999930225e+00
1.146499999999999986e+01,0.000000000000000000e+00,0.000000000000000000e+00,4.314999999999930225e+00
1.147000000000000064e+01,0.000000000000000000e+00,0.000000000000000000e+00,4.314999999999930225e+00
1.147499999999999964e+01,0.000000000000000000e+00,0.000000000000000000e+00,4.314999999999930225e+00
1.148000000000000043e+01,0.000000000000000000e+00,0.000000000000000000e+00,4.314999999999930225e+00
1.148499999999999943e+01,0.000000000000000000e+00,0.000000000000000000e+00,4.314999999999930225e+00
1.149000000000000021e+01,0.000000000000000000e+00,0.000000000000000000e+00,4.314999999999930225e+00
1.149500000000000099e+01,0.000000000000000000e+00,0.000000000000000000e+00,4.314999999999930225e+00
1.150000000000000000e+01,0.000000000000000000e+00,0.000000000000000000e+00,4.314999999999930225e+00
1.150500000000000078e+01,0.000000000000000000e+00,0.000000000000000000e+00,4.314999999999930225e+00
1.150999999999999979e+01,0.000000000000000000e+00,0.000000000000000000e+00,4.314999999999930225e+00
1.151500000000000057e+01,0.000000000000000000e+00,0.000000000000000000e+00,4.314999999999930225e+00
1.151999999999999957e+01,0.000000000000000000e+00,0.000000000000000000e+00,4.314999999999930225e+00
1.152500000000000036e+01,0.000000000000000000e+00,0.000000000000000000e+00,4.314999999999930225e+00
1.152999999999999936e+01,0.000000000000000000e+00,0.000000000000000000e+00,4.314999999999930225e+00
1.153500000000000014e+01,0.000000000000000000e+00,0.000000000000000000e+00,4.314999999999930225e+00
1.154000000000000092e+01,0.000000000000000000e+00,0.000000000000000000e+00,4.314999999999930225e+00
1.154499999999999993e+01,0.000000000000000000e+00,0.000000000000000000e+00,4.314999999999930225e+00
1.155000000000000071e+01,0.000000000000000000e+00,0.000000000000000000e+00,4.314999999999930225e+00
1.155499999999999972e+01,0.000000000000000000e+00,0.000000000000000000e+00,4.314999999999930225e+00
1.156000000000000050e+01,0.000000000000000000e+00,0.000000000000000000e+00,4.314999999999930225e+00
1.156499999999999950e+01,0.000000000000000000e+00,0.000000000000000000e+00,4.314999999999930225e+00
1.157000000000000028e+01,0.000000000000000000e+00,0.000000000000000000e+00,4.314999999999930225e+00
1.157500000000000107e+01,0.000000000000000000e+00,0.000000000000000000e+00,4.314999999999930225e+00
1.158000000000000007e+01,0.000000000000000000e+00,0.000000000000000000e+00,4.314999999999930225e+00
1.158500000000000085e+01,0.000000000000000000e+00,0.000000000000000000e+00,4.314999999999930225e+00
1.158999999999999986e+01,0.000000000000000000e+00,0.000000000000000000e+00,4.314999999999930225e+00
1.159500000000000064e+01,0.000000000000000000e+00,0.000000000000000000e+00,4.314999999999930225e+00
1.159999999999999964e+01,0.000000000000000000e+00,0.000000000000000000e+00,4.314999999999930225e+00
1.160500000000000043e+01,0.000000000000000000e+00,0.000000000000000000e+00,4.314999999999930225e+00
1.160999999999999943e+01,0.000000000000000000e+00,0.000000000000000000e+00,4.314999999999930225e+00
1.161500000000000021e+01,0.000000000000000000e+00,0.000000000000000000e+00,4.314999999999930225e+00
1.162000000000000099e+01,0.000000000000000000e+00,0.000000000000000000e+00,4.314999999999930225e+00
1.162500000000000000e+01,0.000000000000000000e+00,0.000000000000000000e+00,4.314999999999930225e+00
1.163000000000000078e+01,0.000000000000000000e+00,0.000000000000000000e+00,4.314999999999930225e+00
1.163499999999999979e+01,0.000000000000000000e+00,0.000000000000000000e+00,4.314999999999930225e+00
1.164000000000000057e+01,0.000000000000000000e+00,0.000000000000000000e+00,4.314999999999930225e+00
1.164499999999999957e+01,0.000000000000000000e+00,0.000000000000000000e+00,4.314999999999930225e+00
1.165000000000000036e+01,0.000000000000000000e+00,0.000000000000000000e+00,4.314999999999930225e+00
1.165499999999999936e+01,0.000000000000000000e+00,0.000000000000000000e+00,4.314999999999930225e+00
1.166000000000000014e+01,0.000000000000000000e+00,0.000000000000000000e+00,4.314999999999930225e+00
1.166500000000000092e+01,0.000000000000000000e+00,0.000000000000000000e+00,4.314999999999930225e+00
1.166999999999999993e+01,0.000000000000000000e+00,0.000000000000000000e+00,4.314999999999930225e+00
1.167500000000000071e+01,0.000000000000000000e+00,0.000000000000000000e+00,4.314999999999930225e+00
1.167999999999999972e+01,0.000000000000000000e+00,0.000000000000000000e+00,4.314999999999930225e+00
1.168500000000000050e+01,0.000000000000000000e+00,0.000000000000000000e+00,4.314999999999930225e+00
1.168999999999999950e+01,0.000000000000000000e+00,0.000000000000000000e+00,4.314999999999930225e+00
1.169500000000000028e+01,0.000000000000000000e+00,0.000000000000000000e+00,4.314999999999930225e+00
1.170000000000000107e+01,0.000000000000000000e+00,0.000000000000000000e+00,4.314999999999930225e+00
1.170500000000000007e+01,0.000000000000000000e+00,0.000000000000000000e+00,4.314999999999930225e+00
1.171000000000000085e+01,0.000000000000000000e+00,0.000000000000000000e+00,4.314999999999930225e+00
1.171499999999999986e+01,0.000000000000000000e+00,0.000000000000000000e+00,4.314999999999930225e+00
1.172000000000000064e+01,0.000000000000000000e+00,0.000000000000000000e+00,4.314999999999930225e+00
1.172499999999999964e+01,0.000000000000000000e+00,0.000000000000000000e+00,4.314999999999930225e+00
1.173000000000000043e+01,0.000000000000000000e+00,0.000000000000000000e+00,4.314999999999930225e+00
1.173499999999999943e+01,0.000000000000000000e+00,0.000000000000000000e+00,4.314999999999930225e+00
1.174000000000000021e+01,0.000000000000000000e+00,0.000000000000000000e+00,4.314999999999930225e+00
1.174500000000000099e+01,0.000000000000000000e+00,0.000000000000000000e+00,4.314999999999930225e+00
1.175000000000000000e+01,0.000000000000000000e+00,0.000000000000000000e+00,4.314999999999930225e+00
1.175500000000000078e+01,0.000000000000000000e+00,0.000000000000000000e+00,4.314999999999930225e+00
1.175999999999999979e+01,0.000000000000000000e+00,0.000000000000000000e+00,4.314999999999930225e+00
1.176500000000000057e+01,0.000000000000000000e+00,0.000000000000000000e+00,4.314999999999930225e+00
1.176999999999999957e+01,0.000000000000000000e+00,0.000000000000000000e+00,4.314999999999930225e+00
1.177500000000000036e+01,0.000000000000000000e+00,0.000000000000000000e+00,4.314999999999930225e+00
1.177999999999999936e+01,0.000000000000000000e+00,0.000000000000000000e+00,4.314999999999930225e+00
1.178500000000000014e+01,0.000000000000000000e+00,0.000000000000000000e+00,4.314999999999930225e+00
1.179000000000000092e+01,0.000000000000000000e+00,0.000000000000000000e+00,4.314999999999930225e+00
1.179499999999999993e+01,0.000000000000000000e+00,0.000000000000000000e+00,4.314999999999930225e+00
1.180000000000000071e+01,0.000000000000000000e+00,0.000000000000000000e+00,4.314999999999930225e+00
1.180499999999999972e+01,0.000000000000000000e+00,0.000000000000000000e+00,4.314999999999930225e+00
1.181000000000000050e+01,0.000000000000000000e+00,0.000000000000000000e+00,4.314999999999930225e+00
1.181499999999999950e+01,0.000000000000000000e+00,0.000000000000000000e+00,4.314999999999930225e+00
1.182000000000000028e+01,0.000000000000000000e+00,0.000000000000000000e+00,4.314999999999930225e+00
1.182500000000000107e+01,0.000000000000000000e+00,0.000000000000000000e+00,4.314999999999930225e+00
1.183000000000000007e+01,0.000000000000000000e+00,0.000000000000000000e+00,4.314999999999930225e+00
1.183500000000000085e+01,0.000000000000000000e+00,0.000000000000000000e+00,4.314999999999930225e+00
1.183999999999999986e+01,0.000000000000000000e+00,0.000000000000000000e+00,4.314999999999930225e+00
1.184500000000000064e+01,0.000000000000000000e+00,0.000000000000000000e+00,4.314999999999930225e+00
1.184999999999999964e+01,0.000000000000000000e+00,0.000000000000000000e+00,4.314999999999930225e+00
1.185500000000000043e+01,0.000000000000000000e+00,0.000000000000000000e+00,4.314999999999930225e+00
1.185999999999999943e+01,0.000000000000000000e+00,0.000000000000000000e+00,4.314999999999930225e+00
1.186500000000000021e+01,0.000000000000000000e+00,0.000000000000000000e+00,4.314999999999930225e+00
1.187000000000000099e+01,0.000000000000000000e+00,0.000000000000000000e+00,4.314999999999930225e+00
1.187500000000000000e+01,0.000000000000000000e+00,0.000000000000000000e+00,4.314999999999930225e+00
1.188000000000000078e+01,0.000000000000000000e+00,0.000000000000000000e+00,4.314999999999930225e+00
1.188499999999999979e+01,0.000000000000000000e+00,0.000000000000000000e+00,4.314999999999930225e+00
1.189000000000000057e+01,0.000000000000000000e+00,0.000000000000000000e+00,4.314999999999930225e+00
1.189499999999999957e+01,0.000000000000000000e+00,0.000000000000000000e+00,4.314999999999930225e+00
1.190000000000000036e+01,0.000000000000000000e+00,0.000000000000000000e+00,4.314999999999930225e+00
1.190499999999999936e+01,0.000000000000000000e+00,0.000000000000000000e+00,4.314999999999930225e+00
1.191000000000000014e+01,0.000000000000000000e+00,0.000000000000000000e+00,4.314999999999930225e+00
1.191500000000000092e+01,0.000000000000000000e+00,0.000000000000000000e+00,4.314999999999930225e+00
1.191999999999999993e+01,0.000000000000000000e+00,0.000000000000000000e+00,4.314999999999930225e+00
1.192500000000000071e+01,0.000000000000000000e+00,0.000000000000000000e+00,4.314999999999930225e+00
1.192999999999999972e+01,0.000000000000000000e+00,0.000000000000000000e+00,4.314999999999930225e+00
1.193500000000000050e+01,0.000000000000000000e+00,0.000000000000000000e+00,4.314999999999930225e+00
1.193999999999999950e+01,0.000000000000000000e+00,0.000000000000000000e+00,4.314999999999930225e+00
1.194500000000000028e+01,0.000000000000000000e+00,0.000000000000000000e+00,4.314999999999930225e+00
1.195000000000000107e+01,0.000000000000000000e+00,0.000000000000000000e+00,4.314999999999930225e+00
1.195500000000000007e+01,0.000000000000000000e+00,0.000000000000000000e+00,4.314999999999930225e+00
1.196000000000000085e+01,0.000000000000000000e+00,0.000000000000000000e+00,4.314999999999930225e+00
1.196499999999999986e+01,0.000000000000000000e+00,0.000000000000000000e+00,4.314999999999930225e+00
1.197000000000000064e+01,0.000000000000000000e+00,0.000000000000000000e+00,4.314999999999930225e+00
1.197499999999999964e+01,0.000000000000000000e+00,0.000000000000000000e+00,4.314999999999930225e+00
1.198000000000000043e+01,0.000000000000000000e+00,0.000000000000000000e+00,4.314999999999930225e+00
1.198499999999999943e+01,0.000000000000000000e+00,0.000000000000000000e+00,4.314999999999930225e+00
1.199000000000000021e+01,0.000000000000000000e+00,0.000000000000000000e+00,4.314999999999930225e+00
1.199500000000000099e+01,0.000000000000000000e+00,0.000000000000000000e+00,4.314999999999930225e+00
1.200000000000000000e+01,0.000000000000000000e+00,0.000000000000000000e+00,4.314999999999930225e+00
1.200500000000000078e+01,0.000000000000000000e+00,0.000000000000000000e+00,4.314999999999930225e+00
1.200999999999999979e+01,0.000000000000000000e+00,0.000000000000000000e+00,4.314999999999930225e+00
1.201500000000000057e+01,0.000000000000000000e+00,0.000000000000000000e+00,4.314999999999930225e+00
1.201999999999999957e+01,0.000000000000000000e+00,0.000000000000000000e+00,4.314999999999930225e+00
1.202500000000000036e+01,0.000000000000000000e+00,0.000000000000000000e+00,4.314999999999930225e+00
1.203000000000000114e+01,0.000000000000000000e+00,0.000000000000000000e+00,4.314999999999930225e+00
1.203500000000000014e+01,0.000000000000000000e+00,0.000000000000000000e+00,4.314999999999930225e+00
1.204000000000000092e+01,0.000000000000000000e+00,0.000000000000000000e+00,4.314999999999930225e+00
1.204499999999999993e+01,0.000000000000000000e+00,0.000000000000000000e+00,4.314999999999930225e+00
1.205000000000000071e+01,0.000000000000000000e+00,0.000000000000000000e+00,4.314999999999930225e+00
1.205499999999999972e+01,0.000000000000000000e+00,0.000000000000000000e+00,4.314999999999930225e+00
1.206000000000000050e+01,0.000000000000000000e+00,0.000000000000000000e+00,4.314999999999930225e+00
1.206499999999999950e+01,0.000000000000000000e+00,0.000000000000000000e+00,4.314999999999930225e+00
1.207000000000000028e+01,0.000000000000000000e+00,0.000000000000000000e+00,4.314999999999930225e+00
1.207500000000000107e+01,0.000000000000000000e+00,0.000000000000000000e+00,4.314999999999930225e+00
1.208000000000000007e+01,0.000000000000000000e+00,0.000000000000000000e+00,4.314999999999930225e+00
1.208500000000000085e+01,0.000000000000000000e+00,0.000000000000000000e+00,4.314999999999930225e+00
1.208999999999999986e+01,0.000000000000000000e+00,0.000000000000000000e+00,4.314999999999930225e+00
1.209500000000000064e+01,0.000000000000000000e+00,0.000000000000000000e+00,4.314999999999930225e+00
1.209999999999999964e+01,0.000000000000000000e+00,0.000000000000000000e+00,4.314999999999930225e+00
1.210500000000000043e+01,0.000000000000000000e+00,0.000000000000000000e+00,4.314999999999930225e+00
1.210999999999999943e+01,0.000000000000000000e+00,0.000000000000000000e+00,4.314999999999930225e+00
1.211500000000000021e+01,0.000000000000000000e+00,0.000000000000000000e+00,4.314999999999930225e+00
1.212000000000000099e+01,0.000000000000000000e+00,0.000000000000000000e+00,4.314999999999930225e+00
1.212500000000000000e+01,0.000000000000000000e+00,0.000000000000000000e+00,4.314999999999930225e+00
1.213000000000000078e+01,0.000000000000000000e+00,0.000000000000000000e+00,4.314999999999930225e+00
1.213499999999999979e+01,0.000000000000000000e+00,0.000000000000000000e+00,4.314999999999930225e+00
1.214000000000000057e+01,0.000000000000000000e+00,0.000000000000000000e+00,4.314999999999930225e+00
1.214499999999999957e+01,0.000000000000000000e+00,0.000000000000000000e+00,4.314999999999930225e+00
1.215000000000000036e+01,0.000000000000000000e+00,0.000000000000000000e+00,4.314999999999930225e+00
1.215500000000000114e+01,0.000000000000000000e+00,0.000000000000000000e+00,4.314999999999930225e+00
1.216000000000000014e+01,0.000000000000000000e+00,0.000000000000000000e+00,4.314999999999930225e+00
1.216500000000000092e+01,0.000000000000000000e+00,0.000000000000000000e+00,4.314999999999930225e+00
1.216999999999999993e+01,0.000000000000000000e+00,0.000000000000000000e+00,4.314999999999930225e+00
1.217500000000000071e+01,0.000000000000000000e+00,0.000000000000000000e+00,4.314999999999930225e+00
1.217999999999999972e+01,0.000000000000000000e+00,0.000000000000000000e+00,4.314999999999930225e+00
1.218500000000000050e+01,0.000000000000000000e+00,0.000000000000000000e+00,4.314999999999930225e+00
1.218999999999999950e+01,0.000000000000000000e+00,0.000000000000000000e+00,4.314999999999930225e+00
1.219500000000000028e+01,0.000000000000000000e+00,0.000000000000000000e+00,4.314999999999930225e+00
1.220000000000000107e+01,0.000000000000000000e+00,0.000000000000000000e+00,4.314999999999930225e+00
1.220500000000000007e+01,0.000000000000000000e+00,0.000000000000000000e+00,4.314999999999930225e+00
1.221000000000000085e+01,0.000000000000000000e+00,0.000000000000000000e+00,4.314999999999930225e+00
1.221499999999999986e+01,0.000000000000000000e+00,0.000000000000000000e+00,4.314999999999930225e+00
1.222000000000000064e+01,0.000000000000000000e+00,0.000000000000000000e+00,4.314999999999930225e+00
1.222499999999999964e+01,0.000000000000000000e+00,0.000000000000000000e+00,4.314999999999930225e+00
1.223000000000000043e+01,0.000000000000000000e+00,0.000000000000000000e+00,4.314999999999930225e+00
1.223499999999999943e+01,0.000000000000000000e+00,0.000000000000000000e+00,4.314999999999930225e+00
1.224000000000000021e+01,0.000000000000000000e+00,0.000000000000000000e+00,4.314999999999930225e+00
1.224500000000000099e+01,0.000000000000000000e+00,0.000000000000000000e+00,4.314999999999930225e+00
1.225000000000000000e+01,0.000000000000000000e+00,0.000000000000000000e+00,4.314999999999930225e+00
1.225500000000000078e+01,0.000000000000000000e+00,0.000000000000000000e+00,4.314999999999930225e+00
1.225999999999999979e+01,0.000000000000000000e+00,0.000000000000000000e+00,4.314999999999930225e+00
1.226500000000000057e+01,0.000000000000000000e+00,0.000000000000000000e+00,4.314999999999930225e+00
1.226999999999999957e+01,0.000000000000000000e+00,0.000000000000000000e+00,4.314999999999930225e+00
1.227500000000000036e+01,0.000000000000000000e+00,0.000000000000000000e+00,4.314999999999930225e+00
1.228000000000000114e+01,0.000000000000000000e+00,0.000000000000000000e+00,4.314999999999930225e+00
1.228500000000000014e+01,0.000000000000000000e+00,0.000000000000000000e+00,4.314999999999930225e+00
1.229000000000000092e+01,0.000000000000000000e+00,0.000000000000000000e+00,4.314999999999930225e+00
1.229499999999999993e+01,0.000000000000000000e+00,0.000000000000000000e+00,4.314999999999930225e+00
1.230000000000000071e+01,0.000000000000000000e+00,0.000000000000000000e+00,4.314999999999930225e+00
1.230499999999999972e+01,0.000000000000000000e+00,0.000000000000000000e+00,4.314999999999930225e+00
1.231000000000000050e+01,0.000000000000000000e+00,0.000000000000000000e+00,4.314999999999930225e+00
1.231499999999999950e+01,0.000000000000000000e+00,0.000000000000000000e+00,4.314999999999930225e+00
1.232000000000000028e+01,0.000000000000000000e+00,0.000000000000000000e+00,4.314999999999930225e+00
1.232500000000000107e+01,0.000000000000000000e+00,0.000000000000000000e+00,4.314999999999930225e+00
1.233000000000000007e+01,0.000000000000000000e+00,0.000000000000000000e+00,4.314999999999930225e+00
1.233500000000000085e+01,0.000000000000000000e+00,0.000000000000000000e+00,4.314999999999930225e+00
1.233999999999999986e+01,0.000000000000000000e+00,0.000000000000000000e+00,4.314999999999930225e+00
1.234500000000000064e+01,0.000000000000000000e+00,0.000000000000000000e+00,4.314999999999930225e+00
1.234999999999999964e+01,0.000000000000000000e+00,0.000000000000000000e+00,4.314999999999930225e+00
1.235500000000000043e+01,0.000000000000000000e+00,0.000000000000000000e+00,4.314999999999930225e+00
1.235999999999999943e+01,0.000000000000000000e+00,0.000000000000000000e+00,4.314999999999930225e+00
1.236500000000000021e+01,0.000000000000000000e+00,0.000000000000000000e+00,4.314999999999930225e+00
1.237000000000000099e+01,0.000000000000000000e+00,0.000000000000000000e+00,4.314999999999930225e+00
1.237500000000000000e+01,0.000000000000000000e+00,0.000000000000000000e+00,4.314999999999930225e+00
1.238000000000000078e+01,0.000000000000000000e+00,0.000000000000000000e+00,4.314999999999930225e+00
1.238499999999999979e+01,0.000000000000000000e+00,0.000000000000000000e+00,4.314999999999930225e+00
1.239000000000000057e+01,0.000000000000000000e+00,0.000000000000000000e+00,4.314999999999930225e+00
1.239499999999999957e+01,0.000000000000000000e+00,0.000000000000000000e+00,4.314999999999930225e+00
1.240000000000000036e+01,0.000000000000000000e+00,0.000000000000000000e+00,4.314999999999930225e+00
1.240500000000000114e+01,0.000000000000000000e+00,0.000000000000000000e+00,4.314999999999930225e+00
1.241000000000000014e+01,0.000000000000000000e+00,0.000000000000000000e+00,4.314999999999930225e+00
1.241500000000000092e+01,0.000000000000000000e+00,0.000000000000000000e+00,4.314999999999930225e+00
1.241999999999999993e+01,0.000000000000000000e+00,0.000000000000000000e+00,4.314999999999930225e+00
1.242500000000000071e+01,0.000000000000000000e+00,0.000000000000000000e+00,4.314999999999930225e+00
1.242999999999999972e+01,0.000000000000000000e+00,0.000000000000000000e+00,4.314999999999930225e+00
1.243500000000000050e+01,0.000000000000000000e+00,0.000000000000000000e+00,4.314999999999930225e+00
1.243999999999999950e+01,0.000000000000000000e+00,0.000000000000000000e+00,4.314999999999930225e+00
1.244500000000000028e+01,0.000000000000000000e+00,0.000000000000000000e+00,4.314999999999930225e+00
1.245000000000000107e+01,0.000000000000000000e+00,0.000000000000000000e+00,4.314999999999930225e+00
1.245500000000000007e+01,0.000000000000000000e+00,0.000000000000000000e+00,4.314999999999930225e+00
1.246000000000000085e+01,0.000000000000000000e+00,0.000000000000000000e+00,4.314999999999930225e+00
1.246499999999999986e+01,0.000000000000000000e+00,0.000000000000000000e+00,4.314999999999930225e+00
1.247000000000000064e+01,0.000000000000000000e+00,0.000000000000000000e+00,4.314999999999930225e+00
1.247499999999999964e+01,0.000000000000000000e+00,0.000000000000000000e+00,4.314999999999930225e+00
1.248000000000000043e+01,0.000000000000000000e+00,0.000000000000000000e+00,4.314999999999930225e+00
1.248499999999999943e+01,0.000000000000000000e+00,0.000000000000000000e+00,4.314999999999930225e+00
1.249000000000000021e+01,0.000000000000000000e+00,0.000000000000000000e+00,4.314999999999930225e+00
1.249500000000000099e+01,0.000000000000000000e+00,0.000000000000000000e+00,4.314999999999930225e+00
1.250000000000000000e+01,0.000000000000000000e+00,0.000000000000000000e+00,4.314999999999930225e+00
1.250500000000000078e+01,0.000000000000000000e+00,0.000000000000000000e+00,4.314999999999930225e+00
1.250999999999999979e+01,0.000000000000000000e+00,0.000000000000000000e+00,4.314999999999930225e+00
1.251500000000000057e+01,0.000000000000000000e+00,0.000000000000000000e+00,4.314999999999930225e+00
1.251999999999999957e+01,0.000000000000000000e+00,0.000000000000000000e+00,4.314999999999930225e+00
1.252500000000000036e+01,0.000000000000000000e+00,0.000000000000000000e+00,4.314999999999930225e+00
1.253000000000000114e+01,0.000000000000000000e+00,0.000000000000000000e+00,4.314999999999930225e+00
1.253500000000000014e+01,0.000000000000000000e+00,0.000000000000000000e+00,4.314999999999930225e+00
1.254000000000000092e+01,0.000000000000000000e+00,0.000000000000000000e+00,4.314999999999930225e+00
1.254499999999999993e+01,0.000000000000000000e+00,0.000000000000000000e+00,4.314999999999930225e+00
1.255000000000000071e+01,0.000000000000000000e+00,0.000000000000000000e+00,4.314999999999930225e+00
1.255499999999999972e+01,0.000000000000000000e+00,0.000000000000000000e+00,4.314999999999930225e+00
1.256000000000000050e+01,0.000000000000000000e+00,0.000000000000000000e+00,4.314999999999930225e+00
1.256499999999999950e+01,0.000000000000000000e+00,0.000000000000000000e+00,4.314999999999930225e+00
1.257000000000000028e+01,0.000000000000000000e+00,0.000000000000000000e+00,4.314999999999930225e+00
1.257500000000000107e+01,0.000000000000000000e+00,0.000000000000000000e+00,4.314999999999930225e+00
1.258000000000000007e+01,0.000000000000000000e+00,0.000000000000000000e+00,4.314999999999930225e+00
1.258500000000000085e+01,0.000000000000000000e+00,0.000000000000000000e+00,4.314999999999930225e+00
1.258999999999999986e+01,0.000000000000000000e+00,0.000000000000000000e+00,4.314999999999930225e+00
1.259500000000000064e+01,0.000000000000000000e+00,0.000000000000000000e+00,4.314999999999930225e+00
1.259999999999999964e+01,0.000000000000000000e+00,0.000000000000000000e+00,4.314999999999930225e+00
1.260500000000000043e+01,0.000000000000000000e+00,0.000000000000000000e+00,4.314999999999930225e+00
1.260999999999999943e+01,0.000000000000000000e+00,0.000000000000000000e+00,4.314999999999930225e+00
1.261500000000000021e+01,0.000000000000000000e+00,0.000000000000000000e+00,4.314999999999930225e+00
1.262000000000000099e+01,0.000000000000000000e+00,0.000000000000000000e+00,4.314999999999930225e+00
1.262500000000000000e+01,0.000000000000000000e+00,0.000000000000000000e+00,4.314999999999930225e+00
1.263000000000000078e+01,0.000000000000000000e+00,0.000000000000000000e+00,4.314999999999930225e+00
1.263499999999999979e+01,0.000000000000000000e+00,0.000000000000000000e+00,4.314999999999930225e+00
1.264000000000000057e+01,0.000000000000000000e+00,0.000000000000000000e+00,4.314999999999930225e+00
1.264499999999999957e+01,0.000000000000000000e+00,0.000000000000000000e+00,4.314999999999930225e+00
1.265000000000000036e+01,0.000000000000000000e+00,0.000000000000000000e+00,4.314999999999930225e+00
1.265500000000000114e+01,0.000000000000000000e+00,0.000000000000000000e+00,4.314999999999930225e+00
1.266000000000000014e+01,0.000000000000000000e+00,0.000000000000000000e+00,4.314999999999930225e+00
1.266500000000000092e+01,0.000000000000000000e+00,0.000000000000000000e+00,4.314999999999930225e+00
1.266999999999999993e+01,0.000000000000000000e+00,0.000000000000000000e+00,4.314999999999930225e+00
1.267500000000000071e+01,0.000000000000000000e+00,0.000000000000000000e+00,4.314999999999930225e+00
1.267999999999999972e+01,0.000000000000000000e+00,0.000000000000000000e+00,4.314999999999930225e+00
1.268500000000000050e+01,0.000000000000000000e+00,0.000000000000000000e+00,4.314999999999930225e+00
1.268999999999999950e+01,0.000000000000000000e+00,0.000000000000000000e+00,4.314999999999930225e+00
1.269500000000000028e+01,0.000000000000000000e+00,0.000000000000000000e+00,4.314999999999930225e+00
1.270000000000000107e+01,0.000000000000000000e+00,0.000000000000000000e+00,4.314999999999930225e+00
1.270500000000000007e+01,0.000000000000000000e+00,0.000000000000000000e+00,4.314999999999930225e+00
1.271000000000000085e+01,0.000000000000000000e+00,0.000000000000000000e+00,4.314999999999930225e+00
1.271499999999999986e+01,0.000000000000000000e+00,0.000000000000000000e+00,4.314999999999930225e+00
1.272000000000000064e+01,0.000000000000000000e+00,0.000000000000000000e+00,4.314999999999930225e+00
1.272499999999999964e+01,0.000000000000000000e+00,0.000000000000000000e+00,4.314999999999930225e+00
1.273000000000000043e+01,0.000000000000000000e+00,0.000000000000000000e+00,4.314999999999930225e+00
1.273499999999999943e+01,0.000000000000000000e+00,0.000000000000000000e+00,4.314999999999930225e+00
1.274000000000000021e+01,0.000000000000000000e+00,0.000000000000000000e+00,4.314999999999930225e+00
1.274500000000000099e+01,0.000000000000000000e+00,0.000000000000000000e+00,4.314999999999930225e+00
1.275000000000000000e+01,0.000000000000000000e+00,0.000000000000000000e+00,4.314999999999930225e+00
1.275500000000000078e+01,0.000000000000000000e+00,0.000000000000000000e+00,4.314999999999930225e+00
1.275999999999999979e+01,0.000000000000000000e+00,0.000000000000000000e+00,4.314999999999930225e+00
1.276500000000000057e+01,0.000000000000000000e+00,0.000000000000000000e+00,4.314999999999930225e+00
1.276999999999999957e+01,0.000000000000000000e+00,0.000000000000000000e+00,4.314999999999930225e+00
1.277500000000000036e+01,0.000000000000000000e+00,0.000000000000000000e+00,4.314999999999930225e+00
1.278000000000000114e+01,0.000000000000000000e+00,0.000000000000000000e+00,4.314999999999930225e+00
1.278500000000000014e+01,0.000000000000000000e+00,0.000000000000000000e+00,4.314999999999930225e+00
1.279000000000000092e+01,0.000000000000000000e+00,0.000000000000000000e+00,4.314999999999930225e+00
1.279499999999999993e+01,0.000000000000000000e+00,0.000000000000000000e+00,4.314999999999930225e+00
1.280000000000000071e+01,0.000000000000000000e+00,0.000000000000000000e+00,4.314999999999930225e+00
1.280499999999999972e+01,0.000000000000000000e+00,0.000000000000000000e+00,4.314999999999930225e+00
1.281000000000000050e+01,0.000000000000000000e+00,0.000000000000000000e+00,4.314999999999930225e+00
1.281499999999999950e+01,0.000000000000000000e+00,0.000000000000000000e+00,4.314999999999930225e+00
1.282000000000000028e+01,0.000000000000000000e+00,0.000000000000000000e+00,4.314999999999930225e+00
1.282500000000000107e+01,0.000000000000000000e+00,0.000000000000000000e+00,4.314999999999930225e+00
1.283000000000000007e+01,0.000000000000000000e+00,0.000000000000000000e+00,4.314999999999930225e+00
1.283500000000000085e+01,0.000000000000000000e+00,0.000000000000000000e+00,4.314999999999930225e+00
1.283999999999999986e+01,0.000000000000000000e+00,0.000000000000000000e+00,4.314999999999930225e+00
1.284500000000000064e+01,0.000000000000000000e+00,0.000000000000000000e+00,4.314999999999930225e+00
1.284999999999999964e+01,0.000000000000000000e+00,0.000000000000000000e+00,4.314999999999930225e+00
1.285500000000000043e+01,0.000000000000000000e+00,0.000000000000000000e+00,4.314999999999930225e+00
1.285999999999999943e+01,0.000000000000000000e+00,0.000000000000000000e+00,4.314999999999930225e+00
1.286500000000000021e+01,0.000000000000000000e+00,0.000000000000000000e+00,4.314999999999930225e+00
1.287000000000000099e+01,0.000000000000000000e+00,0.000000000000000000e+00,4.314999999999930225e+00
1.287500000000000000e+01,0.000000000000000000e+00,0.000000000000000000e+00,4.314999999999930225e+00
1.288000000000000078e+01,0.000000000000000000e+00,0.000000000000000000e+00,4.314999999999930225e+00
1.288499999999999979e+01,0.000000000000000000e+00,0.000000000000000000e+00,4.314999999999930225e+00
1.289000000000000057e+01,0.000000000000000000e+00,0.000000000000000000e+00,4.314999999999930225e+00
1.289499999999999957e+01,0.000000000000000000e+00,0.000000000000000000e+00,4.314999999999930225e+00
1.290000000000000036e+01,0.000000000000000000e+00,0.000000000000000000e+00,4.314999999999930225e+00
1.290500000000000114e+01,0.000000000000000000e+00,0.000000000000000000e+00,4.314999999999930225e+00
1.291000000000000014e+01,0.000000000000000000e+00,0.000000000000000000e+00,4.314999999999930225e+00
1.291500000000000092e+01,0.000000000000000000e+00,0.000000000000000000e+00,4.314999999999930225e+00
1.291999999999999993e+01,0.000000000000000000e+00,0.000000000000000000e+00,4.314999999999930225e+00
1.292500000000000071e+01,0.000000000000000000e+00,0.000000000000000000e+00,4.314999999999930225e+00
1.292999999999999972e+01,0.000000000000000000e+00,0.000000000000000000e+00,4.314999999999930225e+00
1.293500000000000050e+01,0.000000000000000000e+00,0.000000000000000000e+00,4.314999999999930225e+00
1.293999999999999950e+01,0.000000000000000000e+00,0.000000000000000000e+00,4.314999999999930225e+00
1.294500000000000028e+01,0.000000000000000000e+00,0.000000000000000000e+00,4.314999999999930225e+00
1.295000000000000107e+01,0.000000000000000000e+00,0.000000000000000000e+00,4.314999999999930225e+00
1.295500000000000007e+01,0.000000000000000000e+00,0.000000000000000000e+00,4.314999999999930225e+00
1.296000000000000085e+01,0.000000000000000000e+00,0.000000000000000000e+00,4.314999999999930225e+00
1.296499999999999986e+01,0.000000000000000000e+00,0.000000000000000000e+00,4.314999999999930225e+00
1.297000000000000064e+01,0.000000000000000000e+00,0.000000000000000000e+00,4.314999999999930225e+00
1.297499999999999964e+01,0.000000000000000000e+00,0.000000000000000000e+00,4.314999999999930225e+00
1.298000000000000043e+01,0.000000000000000000e+00,0.000000000000000000e+00,4.314999999999930225e+00
1.298499999999999943e+01,0.000000000000000000e+00,0.000000000000000000e+00,4.314999999999930225e+00
1.299000000000000021e+01,0.000000000000000000e+00,0.000000000000000000e+00,4.314999999999930225e+00
1.299500000000000099e+01,0.000000000000000000e+00,0.000000000000000000e+00,4.314999999999930225e+00
1.300000000000000000e+01,0.000000000000000000e+00,0.000000000000000000e+00,4.314999999999930225e+00
1.300500000000000078e+01,0.000000000000000000e+00,0.000000000000000000e+00,4.314999999999930225e+00
1.300999999999999979e+01,0.000000000000000000e+00,0.000000000000000000e+00,4.314999999999930225e+00
1.301500000000000057e+01,0.000000000000000000e+00,0.000000000000000000e+00,4.314999999999930225e+00
1.301999999999999957e+01,0.000000000000000000e+00,0.000000000000000000e+00,4.314999999999930225e+00
1.302500000000000036e+01,0.000000000000000000e+00,0.000000000000000000e+00,4.314999999999930225e+00
1.303000000000000114e+01,0.000000000000000000e+00,0.000000000000000000e+00,4.314999999999930225e+00
1.303500000000000014e+01,0.000000000000000000e+00,0.000000000000000000e+00,4.314999999999930225e+00
1.304000000000000092e+01,0.000000000000000000e+00,0.000000000000000000e+00,4.314999999999930225e+00
1.304499999999999993e+01,0.000000000000000000e+00,0.000000000000000000e+00,4.314999999999930225e+00
1.305000000000000071e+01,0.000000000000000000e+00,0.000000000000000000e+00,4.314999999999930225e+00
1.305499999999999972e+01,0.000000000000000000e+00,0.000000000000000000e+00,4.314999999999930225e+00
1.306000000000000050e+01,0.000000000000000000e+00,0.000000000000000000e+00,4.314999999999930225e+00
1.306499999999999950e+01,0.000000000000000000e+00,0.000000000000000000e+00,4.314999999999930225e+00
1.307000000000000028e+01,0.000000000000000000e+00,0.000000000000000000e+00,4.314999999999930225e+00
1.307500000000000107e+01,0.000000000000000000e+00,0.000000000000000000e+00,4.314999999999930225e+00
1.308000000000000007e+01,0.000000000000000000e+00,0.000000000000000000e+00,4.314999999999930225e+00
1.308500000000000085e+01,0.000000000000000000e+00,0.000000000000000000e+00,4.314999999999930225e+00
1.308999999999999986e+01,0.000000000000000000e+00,0.000000000000000000e+00,4.314999999999930225e+00
1.309500000000000064e+01,0.000000000000000000e+00,0.000000000000000000e+00,4.314999999999930225e+00
1.309999999999999964e+01,0.000000000000000000e+00,0.000000000000000000e+00,4.314999999999930225e+00
1.310500000000000043e+01,0.000000000000000000e+00,0.000000000000000000e+00,4.314999999999930225e+00
1.310999999999999943e+01,0.000000000000000000e+00,0.000000000000000000e+00,4.314999999999930225e+00
1.311500000000000021e+01,0.000000000000000000e+00,0.000000000000000000e+00,4.314999999999930225e+00
1.312000000000000099e+01,0.000000000000000000e+00,0.000000000000000000e+00,4.314999999999930225e+00
1.312500000000000000e+01,0.000000000000000000e+00,0.000000000000000000e+00,4.314999999999930225e+00
1.313000000000000078e+01,0.000000000000000000e+00,0.000000000000000000e+00,4.314999999999930225e+00
1.313499999999999979e+01,0.000000000000000000e+00,0.000000000000000000e+00,4.314999999999930225e+00
1.314000000000000057e+01,0.000000000000000000e+00,0.000000000000000000e+00,4.314999999999930225e+00
1.314499999999999957e+01,0.000000000000000000e+00,0.000000000000000000e+00,4.314999999999930225e+00
1.315000000000000036e+01,0.000000000000000000e+00,0.000000000000000000e+00,4.314999999999930225e+00
1.315500000000000114e+01,0.000000000000000000e+00,0.000000000000000000e+00,4.314999999999930225e+00
1.316000000000000014e+01,0.000000000000000000e+00,0.000000000000000000e+00,4.314999999999930225e+00
1.316500000000000092e+01,0.000000000000000000e+00,0.000000000000000000e+00,4.314999999999930225e+00
1.316999999999999993e+01,0.000000000000000000e+00,0.000000000000000000e+00,4.314999999999930225e+00
1.317500000000000071e+01,0.000000000000000000e+00,0.000000000000000000e+00,4.314999999999930225e+00
1.317999999999999972e+01,0.000000000000000000e+00,0.000000000000000000e+00,4.314999999999930225e+00
1.318500000000000050e+01,0.000000000000000000e+00,0.000000000000000000e+00,4.314999999999930225e+00
1.318999999999999950e+01,0.000000000000000000e+00,0.000000000000000000e+00,4.314999999999930225e+00
1.319500000000000028e+01,0.000000000000000000e+00,0.000000000000000000e+00,4.314999999999930225e+00
1.320000000000000107e+01,0.000000000000000000e+00,0.000000000000000000e+00,4.314999999999930225e+00
1.320500000000000007e+01,0.000000000000000000e+00,0.000000000000000000e+00,4.314999999999930225e+00
1.321000000000000085e+01,0.000000000000000000e+00,0.000000000000000000e+00,4.314999999999930225e+00
1.321499999999999986e+01,0.000000000000000000e+00,0.000000000000000000e+00,4.314999999999930225e+00
1.322000000000000064e+01,0.000000000000000000e+00,0.000000000000000000e+00,4.314999999999930225e+00
1.322499999999999964e+01,0.000000000000000000e+00,0.000000000000000000e+00,4.314999999999930225e+00
1.323000000000000043e+01,0.000000000000000000e+00,0.000000000000000000e+00,4.314999999999930225e+00
1.323499999999999943e+01,0.000000000000000000e+00,0.000000000000000000e+00,4.314999999999930225e+00
1.324000000000000021e+01,0.000000000000000000e+00,0.000000000000000000e+00,4.314999999999930225e+00
1.324500000000000099e+01,0.000000000000000000e+00,0.000000000000000000e+00,4.314999999999930225e+00
1.325000000000000000e+01,0.000000000000000000e+00,0.000000000000000000e+00,4.314999999999930225e+00
1.325500000000000078e+01,0.000000000000000000e+00,0.000000000000000000e+00,4.314999999999930225e+00
1.325999999999999979e+01,0.000000000000000000e+00,0.000000000000000000e+00,4.314999999999930225e+00
1.326500000000000057e+01,0.000000000000000000e+00,0.000000000000000000e+00,4.314999999999930225e+00
1.326999999999999957e+01,0.000000000000000000e+00,0.000000000000000000e+00,4.314999999999930225e+00
1.327500000000000036e+01,0.000000000000000000e+00,0.000000000000000000e+00,4.314999999999930225e+00
1.328000000000000114e+01,0.000000000000000000e+00,0.000000000000000000e+00,4.314999999999930225e+00
1.328500000000000014e+01,0.000000000000000000e+00,0.000000000000000000e+00,4.314999999999930225e+00
1.329000000000000092e+01,0.000000000000000000e+00,0.000000000000000000e+00,4.314999999999930225e+00
1.329499999999999993e+01,0.000000000000000000e+00,0.000000000000000000e+00,4.314999999999930225e+00
1.330000000000000071e+01,0.000000000000000000e+00,0.000000000000000000e+00,4.314999999999930225e+00
1.330499999999999972e+01,0.000000000000000000e+00,0.000000000000000000e+00,4.314999999999930225e+00
1.331000000000000050e+01,0.000000000000000000e+00,0.000000000000000000e+00,4.314999999999930225e+00
1.331499999999999950e+01,0.000000000000000000e+00,0.000000000000000000e+00,4.314999999999930225e+00
1.332000000000000028e+01,0.000000000000000000e+00,0.000000000000000000e+00,4.314999999999930225e+00
1.332500000000000107e+01,0.000000000000000000e+00,0.000000000000000000e+00,4.314999999999930225e+00
1.333000000000000007e+01,0.000000000000000000e+00,0.000000000000000000e+00,4.314999999999930225e+00
1.333500000000000085e+01,0.000000000000000000e+00,0.000000000000000000e+00,4.314999999999930225e+00
1.333999999999999986e+01,0.000000000000000000e+00,0.000000000000000000e+00,4.314999999999930225e+00
1.334500000000000064e+01,0.000000000000000000e+00,0.000000000000000000e+00,4.314999999999930225e+00
1.334999999999999964e+01,0.000000000000000000e+00,0.000000000000000000e+00,4.314999999999930225e+00
1.335500000000000043e+01,0.000000000000000000e+00,0.000000000000000000e+00,4.314999999999930225e+00
1.335999999999999943e+01,0.000000000000000000e+00,0.000000000000000000e+00,4.314999999999930225e+00
1.336500000000000021e+01,0.000000000000000000e+00,0.000000000000000000e+00,4.314999999999930225e+00
1.337000000000000099e+01,0.000000000000000000e+00,0.000000000000000000e+00,4.314999999999930225e+00
1.337500000000000000e+01,0.000000000000000000e+00,0.000000000000000000e+00,4.314999999999930225e+00
1.338000000000000078e+01,0.000000000000000000e+00,0.000000000000000000e+00,4.314999999999930225e+00
1.338499999999999979e+01,0.000000000000000000e+00,0.000000000000000000e+00,4.314999999999930225e+00
1.339000000000000057e+01,0.000000000000000000e+00,0.000000000000000000e+00,4.314999999999930225e+00
1.339499999999999957e+01,0.000000000000000000e+00,0.000000000000000000e+00,4.314999999999930225e+00
1.340000000000000036e+01,0.000000000000000000e+00,0.000000000000000000e+00,4.314999999999930225e+00
1.340500000000000114e+01,0.000000000000000000e+00,0.000000000000000000e+00,4.314999999999930225e+00
1.341000000000000014e+01,0.000000000000000000e+00,0.000000000000000000e+00,4.314999999999930225e+00
1.341500000000000092e+01,0.000000000000000000e+00,0.000000000000000000e+00,4.314999999999930225e+00
1.341999999999999993e+01,0.000000000000000000e+00,0.000000000000000000e+00,4.314999999999930225e+00
1.342500000000000071e+01,0.000000000000000000e+00,0.000000000000000000e+00,4.314999999999930225e+00
1.342999999999999972e+01,0.000000000000000000e+00,0.000000000000000000e+00,4.314999999999930225e+00
1.343500000000000050e+01,0.000000000000000000e+00,0.000000000000000000e+00,4.314999999999930225e+00
1.343999999999999950e+01,0.000000000000000000e+00,0.000000000000000000e+00,4.314999999999930225e+00
1.344500000000000028e+01,0.000000000000000000e+00,0.000000000000000000e+00,4.314999999999930225e+00
1.345000000000000107e+01,0.000000000000000000e+00,0.000000000000000000e+00,4.314999999999930225e+00
1.345500000000000007e+01,0.000000000000000000e+00,0.000000000000000000e+00,4.314999999999930225e+00
1.346000000000000085e+01,0.000000000000000000e+00,0.000000000000000000e+00,4.314999999999930225e+00
1.346499999999999986e+01,0.000000000000000000e+00,0.000000000000000000e+00,4.314999999999930225e+00
1.347000000000000064e+01,0.000000000000000000e+00,0.000000000000000000e+00,4.314999999999930225e+00
1.347499999999999964e+01,0.000000000000000000e+00,0.000000000000000000e+00,4.314999999999930225e+00
1.348000000000000043e+01,0.000000000000000000e+00,0.000000000000000000e+00,4.314999999999930225e+00
1.348499999999999943e+01,0.000000000000000000e+00,0.000000000000000000e+00,4.314999999999930225e+00
1.349000000000000021e+01,0.000000000000000000e+00,0.000000000000000000e+00,4.314999999999930225e+00
1.349500000000000099e+01,0.000000000000000000e+00,0.000000000000000000e+00,4.314999999999930225e+00
1.350000000000000000e+01,0.000000000000000000e+00,0.000000000000000000e+00,4.314999999999930225e+00
1.350500000000000078e+01,0.000000000000000000e+00,0.000000000000000000e+00,4.314999999999930225e+00
1.350999999999999979e+01,0.000000000000000000e+00,0.000000000000000000e+00,4.314999999999930225e+00
1.351500000000000057e+01,0.000000000000000000e+00,0.000000000000000000e+00,4.314999999999930225e+00
1.351999999999999957e+01,0.000000000000000000e+00,0.000000000000000000e+00,4.314999999999930225e+00
1.352500000000000036e+01,0.000000000000000000e+00,0.000000000000000000e+00,4.314999999999930225e+00
1.353000000000000114e+01,0.000000000000000000e+00,0.000000000000000000e+00,4.314999999999930225e+00
1.353500000000000014e+01,0.000000000000000000e+00,0.000000000000000000e+00,4.314999999999930225e+00
1.354000000000000092e+01,0.000000000000000000e+00,0.000000000000000000e+00,4.314999999999930225e+00
1.354499999999999993e+01,0.000000000000000000e+00,0.000000000000000000e+00,4.314999999999930225e+00
1.355000000000000071e+01,0.000000000000000000e+00,0.000000000000000000e+00,4.314999999999930225e+00
1.355499999999999972e+01,0.000000000000000000e+00,0.000000000000000000e+00,4.314999999999930225e+00
1.356000000000000050e+01,0.000000000000000000e+00,0.000000000000000000e+00,4.314999999999930225e+00
1.356499999999999950e+01,0.000000000000000000e+00,0.000000000000000000e+00,4.314999999999930225e+00
1.357000000000000028e+01,0.000000000000000000e+00,0.000000000000000000e+00,4.314999999999930225e+00
1.357500000000000107e+01,0.000000000000000000e+00,0.000000000000000000e+00,4.314999999999930225e+00
1.358000000000000007e+01,0.000000000000000000e+00,0.000000000000000000e+00,4.314999999999930225e+00
1.358500000000000085e+01,0.000000000000000000e+00,0.000000000000000000e+00,4.314999999999930225e+00
1.358999999999999986e+01,0.000000000000000000e+00,0.000000000000000000e+00,4.314999999999930225e+00
1.359500000000000064e+01,0.000000000000000000e+00,0.000000000000000000e+00,4.314999999999930225e+00
1.359999999999999964e+01,0.000000000000000000e+00,0.000000000000000000e+00,4.314999999999930225e+00
1.360500000000000043e+01,0.000000000000000000e+00,0.000000000000000000e+00,4.314999999999930225e+00
1.360999999999999943e+01,0.000000000000000000e+00,0.000000000000000000e+00,4.314999999999930225e+00
1.361500000000000021e+01,0.000000000000000000e+00,0.000000000000000000e+00,4.314999999999930225e+00
1.362000000000000099e+01,0.000000000000000000e+00,0.000000000000000000e+00,4.314999999999930225e+00
1.362500000000000000e+01,0.000000000000000000e+00,0.000000000000000000e+00,4.314999999999930225e+00
1.363000000000000078e+01,0.000000000000000000e+00,0.000000000000000000e+00,4.314999999999930225e+00
1.363499999999999979e+01,0.000000000000000000e+00,0.000000000000000000e+00,4.314999999999930225e+00
1.364000000000000057e+01,0.000000000000000000e+00,0.000000000000000000e+00,4.314999999999930225e+00
1.364499999999999957e+01,0.000000000000000000e+00,0.000000000000000000e+00,4.314999999999930225e+00
1.365000000000000036e+01,0.000000000000000000e+00,0.000000000000000000e+00,4.314999999999930225e+00
1.365500000000000114e+01,0.000000000000000000e+00,0.000000000000000000e+00,4.314999999999930225e+00
1.366000000000000014e+01,0.000000000000000000e+00,0.000000000000000000e+00,4.314999999999930225e+00
1.366500000000000092e+01,0.000000000000000000e+00,0.000000000000000000e+00,4.314999999999930225e+00
1.366999999999999993e+01,0.000000000000000000e+00,0.000000000000000000e+00,4.314999999999930225e+00
1.367500000000000071e+01,0.000000000000000000e+00,0.000000000000000000e+00,4.314999999999930225e+00
1.367999999999999972e+01,0.000000000000000000e+00,0.000000000000000000e+00,4.314999999999930225e+00
1.368500000000000050e+01,0.000000000000000000e+00,0.000000000000000000e+00,4.314999999999930225e+00
1.368999999999999950e+01,0.000000000000000000e+00,0.000000000000000000e+00,4.314999999999930225e+00
1.369500000000000028e+01,0.000000000000000000e+00,0.000000000000000000e+00,4.314999999999930225e+00
1.370000000000000107e+01,0.000000000000000000e+00,0.000000000000000000e+00,4.314999999999930225e+00
1.370500000000000007e+01,0.000000000000000000e+00,0.000000000000000000e+00,4.314999999999930225e+00
1.371000000000000085e+01,0.000000000000000000e+00,0.000000000000000000e+00,4.314999999999930225e+00
1.371499999999999986e+01,0.000000000000000000e+00,0.000000000000000000e+00,4.314999999999930225e+00
1.372000000000000064e+01,0.000000000000000000e+00,0.000000000000000000e+00,4.314999999999930225e+00
1.372499999999999964e+01,0.000000000000000000e+00,0.000000000000000000e+00,4.314999999999930225e+00
1.373000000000000043e+01,0.000000000000000000e+00,0.000000000000000000e+00,4.314999999999930225e+00
1.373499999999999943e+01,0.000000000000000000e+00,0.000000000000000000e+00,4.314999999999930225e+00
1.374000000000000021e+01,0.000000000000000000e+00,0.000000000000000000e+00,4.314999999999930225e+00
1.374500000000000099e+01,0.000000000000000000e+00,0.000000000000000000e+00,4.314999999999930225e+00
1.375000000000000000e+01,0.000000000000000000e+00,0.000000000000000000e+00,4.314999999999930225e+00
1.375500000000000078e+01,0.000000000000000000e+00,0.000000000000000000e+00,4.314999999999930225e+00
1.375999999999999979e+01,0.000000000000000000e+00,0.000000000000000000e+00,4.314999999999930225e+00
1.376500000000000057e+01,0.000000000000000000e+00,0.000000000000000000e+00,4.314999999999930225e+00
1.376999999999999957e+01,0.000000000000000000e+00,0.000000000000000000e+00,4.314999999999930225e+00
1.377500000000000036e+01,0.000000000000000000e+00,0.000000000000000000e+00,4.314999999999930225e+00
1.378000000000000114e+01,0.000000000000000000e+00,0.000000000000000000e+00,4.314999999999930225e+00
1.378500000000000014e+01,0.000000000000000000e+00,0.000000000000000000e+00,4.314999999999930225e+00
1.379000000000000092e+01,0.000000000000000000e+00,0.000000000000000000e+00,4.314999999999930225e+00
1.379499999999999993e+01,0.000000000000000000e+00,0.000000000000000000e+00,4.314999999999930225e+00
1.380000000000000071e+01,0.000000000000000000e+00,0.000000000000000000e+00,4.314999999999930225e+00
1.380499999999999972e+01,0.000000000000000000e+00,0.000000000000000000e+00,4.314999999999930225e+00
1.381000000000000050e+01,0.000000000000000000e+00,0.000000000000000000e+00,4.314999999999930225e+00
1.381499999999999950e+01,0.000000000000000000e+00,0.000000000000000000e+00,4.314999999999930225e+00
1.382000000000000028e+01,0.000000000000000000e+00,0.000000000000000000e+00,4.314999999999930225e+00
1.382500000000000107e+01,0.000000000000000000e+00,0.000000000000000000e+00,4.314999999999930225e+00
1.383000000000000007e+01,0.000000000000000000e+00,0.000000000000000000e+00,4.314999999999930225e+00
1.383500000000000085e+01,0.000000000000000000e+00,0.000000000000000000e+00,4.314999999999930225e+00
1.383999999999999986e+01,0.000000000000000000e+00,0.000000000000000000e+00,4.314999999999930225e+00
1.384500000000000064e+01,0.000000000000000000e+00,0.000000000000000000e+00,4.314999999999930225e+00
1.384999999999999964e+01,0.000000000000000000e+00,0.000000000000000000e+00,4.314999999999930225e+00
1.385500000000000043e+01,0.000000000000000000e+00,0.000000000000000000e+00,4.314999999999930225e+00
1.385999999999999943e+01,0.000000000000000000e+00,0.000000000000000000e+00,4.314999999999930225e+00
1.386500000000000021e+01,0.000000000000000000e+00,0.000000000000000000e+00,4.314999999999930225e+00
1.387000000000000099e+01,0.000000000000000000e+00,0.000000000000000000e+00,4.314999999999930225e+00
1.387500000000000000e+01,0.000000000000000000e+00,0.000000000000000000e+00,4.314999999999930225e+00
1.388000000000000078e+01,0.000000000000000000e+00,0.000000000000000000e+00,4.314999999999930225e+00
1.388499999999999979e+01,0.000000000000000000e+00,0.000000000000000000e+00,4.314999999999930225e+00
1.389000000000000057e+01,0.000000000000000000e+00,0.000000000000000000e+00,4.314999999999930225e+00
1.389499999999999957e+01,0.000000000000000000e+00,0.000000000000000000e+00,4.314999999999930225e+00
1.390000000000000036e+01,0.000000000000000000e+00,0.000000000000000000e+00,4.314999999999930225e+00
1.390500000000000114e+01,0.000000000000000000e+00,0.000000000000000000e+00,4.314999999999930225e+00
1.391000000000000014e+01,0.000000000000000000e+00,0.000000000000000000e+00,4.314999999999930225e+00
1.391500000000000092e+01,0.000000000000000000e+00,0.000000000000000000e+00,4.314999999999930225e+00
1.391999999999999993e+01,0.000000000000000000e+00,0.000000000000000000e+00,4.314999999999930225e+00
1.392500000000000071e+01,0.000000000000000000e+00,0.000000000000000000e+00,4.314999999999930225e+00
1.392999999999999972e+01,0.000000000000000000e+00,0.000000000000000000e+00,4.314999999999930225e+00
1.393500000000000050e+01,0.000000000000000000e+00,0.000000000000000000e+00,4.314999999999930225e+00
1.393999999999999950e+01,0.000000000000000000e+00,0.000000000000000000e+00,4.314999999999930225e+00
1.394500000000000028e+01,0.000000000000000000e+00,0.000000000000000000e+00,4.314999999999930225e+00
1.395000000000000107e+01,0.000000000000000000e+00,0.000000000000000000e+00,4.314999999999930225e+00
1.395500000000000007e+01,0.000000000000000000e+00,0.000000000000000000e+00,4.314999999999930225e+00
1.396000000000000085e+01,0.000000000000000000e+00,0.000000000000000000e+00,4.314999999999930225e+00
1.396499999999999986e+01,0.000000000000000000e+00,0.000000000000000000e+00,4.314999999999930225e+00
1.397000000000000064e+01,0.000000000000000000e+00,0.000000000000000000e+00,4.314999999999930225e+00
1.397499999999999964e+01,0.000000000000000000e+00,0.000000000000000000e+00,4.314999999999930225e+00
1.398000000000000043e+01,0.000000000000000000e+00,0.000000000000000000e+00,4.314999999999930225e+00
1.398499999999999943e+01,0.000000000000000000e+00,0.000000000000000000e+00,4.314999999999930225e+00
1.399000000000000021e+01,0.000000000000000000e+00,0.000000000000000000e+00,4.314999999999930225e+00
1.399500000000000099e+01,0.000000000000000000e+00,0.000000000000000000e+00,4.314999999999930225e+00
1.400000000000000000e+01,0.000000000000000000e+00,0.000000000000000000e+00,4.314999999999930225e+00
1.400500000000000078e+01,0.000000000000000000e+00,0.000000000000000000e+00,4.314999999999930225e+00
1.400999999999999979e+01,0.000000000000000000e+00,0.000000000000000000e+00,4.314999999999930225e+00
1.401500000000000057e+01,0.000000000000000000e+00,0.000000000000000000e+00,4.314999999999930225e+00
1.401999999999999957e+01,0.000000000000000000e+00,0.000000000000000000e+00,4.314999999999930225e+00
1.402500000000000036e+01,0.000000000000000000e+00,0.000000000000000000e+00,4.314999999999930225e+00
1.403000000000000114e+01,0.000000000000000000e+00,0.000000000000000000e+00,4.314999999999930225e+00
1.403500000000000014e+01,0.000000000000000000e+00,0.000000000000000000e+00,4.314999999999930225e+00
1.404000000000000092e+01,0.000000000000000000e+00,0.000000000000000000e+00,4.314999999999930225e+00
1.404499999999999993e+01,0.000000000000000000e+00,0.000000000000000000e+00,4.314999999999930225e+00
1.405000000000000071e+01,0.000000000000000000e+00,0.000000000000000000e+00,4.314999999999930225e+00
1.405499999999999972e+01,0.000000000000000000e+00,0.000000000000000000e+00,4.314999999999930225e+00
1.406000000000000050e+01,0.000000000000000000e+00,0.000000000000000000e+00,4.314999999999930225e+00
1.406499999999999950e+01,0.000000000000000000e+00,0.000000000000000000e+00,4.314999999999930225e+00
1.407000000000000028e+01,0.000000000000000000e+00,0.000000000000000000e+00,4.314999999999930225e+00
1.407500000000000107e+01,0.000000000000000000e+00,0.000000000000000000e+00,4.314999999999930225e+00
1.408000000000000007e+01,0.000000000000000000e+00,0.000000000000000000e+00,4.314999999999930225e+00
1.408500000000000085e+01,0.000000000000000000e+00,0.000000000000000000e+00,4.314999999999930225e+00
1.408999999999999986e+01,0.000000000000000000e+00,0.000000000000000000e+00,4.314999999999930225e+00
1.409500000000000064e+01,0.000000000000000000e+00,0.000000000000000000e+00,4.314999999999930225e+00
1.409999999999999964e+01,0.000000000000000000e+00,0.000000000000000000e+00,4.314999999999930225e+00
1.410500000000000043e+01,0.000000000000000000e+00,0.000000000000000000e+00,4.314999999999930225e+00
1.410999999999999943e+01,0.000000000000000000e+00,0.000000000000000000e+00,4.314999999999930225e+00
1.411500000000000021e+01,0.000000000000000000e+00,0.000000000000000000e+00,4.314999999999930225e+00
1.412000000000000099e+01,0.000000000000000000e+00,0.000000000000000000e+00,4.314999999999930225e+00
1.412500000000000000e+01,0.000000000000000000e+00,0.000000000000000000e+00,4.314999999999930225e+00
1.413000000000000078e+01,0.000000000000000000e+00,0.000000000000000000e+00,4.314999999999930225e+00
1.413499999999999979e+01,0.000000000000000000e+00,0.000000000000000000e+00,4.314999999999930225e+00
1.414000000000000057e+01,0.000000000000000000e+00,0.000000000000000000e+00,4.314999999999930225e+00
1.414499999999999957e+01,0.000000000000000000e+00,0.000000000000000000e+00,4.314999999999930225e+00
1.415000000000000036e+01,0.000000000000000000e+00,0.000000000000000000e+00,4.314999999999930225e+00
1.415500000000000114e+01,0.000000000000000000e+00,0.000000000000000000e+00,4.314999999999930225e+00
1.416000000000000014e+01,0.000000000000000000e+00,0.000000000000000000e+00,4.314999999999930225e+00
1.416500000000000092e+01,0.000000000000000000e+00,0.000000000000000000e+00,4.314999999999930225e+00
1.416999999999999993e+01,0.000000000000000000e+00,0.000000000000000000e+00,4.314999999999930225e+00
1.417500000000000071e+01,0.000000000000000000e+00,0.000000000000000000e+00,4.314999999999930225e+00
1.417999999999999972e+01,0.000000000000000000e+00,0.000000000000000000e+00,4.314999999999930225e+00
1.418500000000000050e+01,0.000000000000000000e+00,0.000000000000000000e+00,4.314999999999930225e+00
1.418999999999999950e+01,0.000000000000000000e+00,0.000000000000000000e+00,4.314999999999930225e+00
1.419500000000000028e+01,0.000000000000000000e+00,0.000000000000000000e+00,4.314999999999930225e+00
1.420000000000000107e+01,0.000000000000000000e+00,0.000000000000000000e+00,4.314999999999930225e+00
1.420500000000000007e+01,0.000000000000000000e+00,0.000000000000000000e+00,4.314999999999930225e+00
1.421000000000000085e+01,0.000000000000000000e+00,0.000000000000000000e+00,4.314999999999930225e+00
1.421499999999999986e+01,0.000000000000000000e+00,0.000000000000000000e+00,4.314999999999930225e+00
1.422000000000000064e+01,0.000000000000000000e+00,0.000000000000000000e+00,4.314999999999930225e+00
1.422499999999999964e+01,0.000000000000000000e+00,0.000000000000000000e+00,4.314999999999930225e+00
1.423000000000000043e+01,0.000000000000000000e+00,0.000000000000000000e+00,4.314999999999930225e+00
1.423499999999999943e+01,0.000000000000000000e+00,0.000000000000000000e+00,4.314999999999930225e+00
1.424000000000000021e+01,0.000000000000000000e+00,0.000000000000000000e+00,4.314999999999930225e+00
1.424500000000000099e+01,0.000000000000000000e+00,0.000000000000000000e+00,4.314999999999930225e+00
1.425000000000000000e+01,0.000000000000000000e+00,0.000000000000000000e+00,4.314999999999930225e+00
1.425500000000000078e+01,0.000000000000000000e+00,0.000000000000000000e+00,4.314999999999930225e+00
1.425999999999999979e+01,0.000000000000000000e+00,0.000000000000000000e+00,4.314999999999930225e+00
1.426500000000000057e+01,0.000000000000000000e+00,0.000000000000000000e+00,4.314999999999930225e+00
1.426999999999999957e+01,0.000000000000000000e+00,0.000000000000000000e+00,4.314999999999930225e+00
1.427500000000000036e+01,0.000000000000000000e+00,0.000000000000000000e+00,4.314999999999930225e+00
1.428000000000000114e+01,0.000000000000000000e+00,0.000000000000000000e+00,4.314999999999930225e+00
1.428500000000000014e+01,0.000000000000000000e+00,0.000000000000000000e+00,4.314999999999930225e+00
1.429000000000000092e+01,0.000000000000000000e+00,0.000000000000000000e+00,4.314999999999930225e+00
1.429499999999999993e+01,0.000000000000000000e+00,0.000000000000000000e+00,4.314999999999930225e+00
1.430000000000000071e+01,0.000000000000000000e+00,0.000000000000000000e+00,4.314999999999930225e+00
1.430499999999999972e+01,0.000000000000000000e+00,0.000000000000000000e+00,4.314999999999930225e+00
1.431000000000000050e+01,0.000000000000000000e+00,0.000000000000000000e+00,4.314999999999930225e+00
1.431499999999999950e+01,0.000000000000000000e+00,0.000000000000000000e+00,4.314999999999930225e+00
1.432000000000000028e+01,0.000000000000000000e+00,0.000000000000000000e+00,4.314999999999930225e+00
1.432500000000000107e+01,0.000000000000000000e+00,0.000000000000000000e+00,4.314999999999930225e+00
1.433000000000000007e+01,0.000000000000000000e+00,0.000000000000000000e+00,4.314999999999930225e+00
1.433500000000000085e+01,0.000000000000000000e+00,0.000000000000000000e+00,4.314999999999930225e+00
1.433999999999999986e+01,0.000000000000000000e+00,0.000000000000000000e+00,4.314999999999930225e+00
1.434500000000000064e+01,0.000000000000000000e+00,0.000000000000000000e+00,4.314999999999930225e+00
1.434999999999999964e+01,0.000000000000000000e+00,0.000000000000000000e+00,4.314999999999930225e+00
1.435500000000000043e+01,0.000000000000000000e+00,0.000000000000000000e+00,4.314999999999930225e+00
1.435999999999999943e+01,0.000000000000000000e+00,0.000000000000000000e+00,4.314999999999930225e+00
1.436500000000000021e+01,0.000000000000000000e+00,0.000000000000000000e+00,4.314999999999930225e+00
1.437000000000000099e+01,0.000000000000000000e+00,0.000000000000000000e+00,4.314999999999930225e+00
1.437500000000000000e+01,0.000000000000000000e+00,0.000000000000000000e+00,4.314999999999930225e+00
1.438000000000000078e+01,0.000000000000000000e+00,0.000000000000000000e+00,4.314999999999930225e+00
1.438499999999999979e+01,0.000000000000000000e+00,0.000000000000000000e+00,4.314999999999930225e+00
1.439000000000000057e+01,0.000000000000000000e+00,0.000000000000000000e+00,4.314999999999930225e+00
1.439499999999999957e+01,0.000000000000000000e+00,0.000000000000000000e+00,4.314999999999930225e+00
1.440000000000000036e+01,0.000000000000000000e+00,0.000000000000000000e+00,4.314999999999930225e+00
1.440500000000000114e+01,0.000000000000000000e+00,0.000000000000000000e+00,4.314999999999930225e+00
1.441000000000000014e+01,0.000000000000000000e+00,0.000000000000000000e+00,4.314999999999930225e+00
1.441500000000000092e+01,0.000000000000000000e+00,0.000000000000000000e+00,4.314999999999930225e+00
1.441999999999999993e+01,0.000000000000000000e+00,0.000000000000000000e+00,4.314999999999930225e+00
1.442500000000000071e+01,0.000000000000000000e+00,0.000000000000000000e+00,4.314999999999930225e+00
1.442999999999999972e+01,0.000000000000000000e+00,0.000000000000000000e+00,4.314999999999930225e+00
1.443500000000000050e+01,0.000000000000000000e+00,0.000000000000000000e+00,4.314999999999930225e+00
1.443999999999999950e+01,0.000000000000000000e+00,0.000000000000000000e+00,4.314999999999930225e+00
1.444500000000000028e+01,0.000000000000000000e+00,0.000000000000000000e+00,4.314999999999930225e+00
1.445000000000000107e+01,0.000000000000000000e+00,0.000000000000000000e+00,4.314999999999930225e+00
1.445500000000000007e+01,0.000000000000000000e+00,0.000000000000000000e+00,4.314999999999930225e+00
1.446000000000000085e+01,0.000000000000000000e+00,0.000000000000000000e+00,4.314999999999930225e+00
1.446499999999999986e+01,0.000000000000000000e+00,0.000000000000000000e+00,4.314999999999930225e+00
1.447000000000000064e+01,0.000000000000000000e+00,0.000000000000000000e+00,4.314999999999930225e+00
1.447499999999999964e+01,0.000000000000000000e+00,0.000000000000000000e+00,4.314999999999930225e+00
1.448000000000000043e+01,0.000000000000000000e+00,0.000000000000000000e+00,4.314999999999930225e+00
1.448499999999999943e+01,0.000000000000000000e+00,0.000000000000000000e+00,4.314999999999930225e+00
1.449000000000000021e+01,0.000000000000000000e+00,0.000000000000000000e+00,4.314999999999930225e+00
1.449500000000000099e+01,0.000000000000000000e+00,0.000000000000000000e+00,4.314999999999930225e+00
1.450000000000000000e+01,0.000000000000000000e+00,0.000000000000000000e+00,4.314999999999930225e+00
1.450500000000000078e+01,0.000000000000000000e+00,0.000000000000000000e+00,4.314999999999930225e+00
1.450999999999999979e+01,0.000000000000000000e+00,0.000000000000000000e+00,4.314999999999930225e+00
1.451500000000000057e+01,0.000000000000000000e+00,0.000000000000000000e+00,4.314999999999930225e+00
1.451999999999999957e+01,0.000000000000000000e+00,0.000000000000000000e+00,4.314999999999930225e+00
1.452500000000000036e+01,0.000000000000000000e+00,0.000000000000000000e+00,4.314999999999930225e+00
1.453000000000000114e+01,0.000000000000000000e+00,0.000000000000000000e+00,4.314999999999930225e+00
1.453500000000000014e+01,0.000000000000000000e+00,0.000000000000000000e+00,4.314999999999930225e+00
1.454000000000000092e+01,0.000000000000000000e+00,0.000000000000000000e+00,4.314999999999930225e+00
1.454499999999999993e+01,0.000000000000000000e+00,0.000000000000000000e+00,4.314999999999930225e+00
1.455000000000000071e+01,0.000000000000000000e+00,0.000000000000000000e+00,4.314999999999930225e+00
1.455499999999999972e+01,0.000000000000000000e+00,0.000000000000000000e+00,4.314999999999930225e+00
1.456000000000000050e+01,0.000000000000000000e+00,0.000000000000000000e+00,4.314999999999930225e+00
1.456499999999999950e+01,0.000000000000000000e+00,0.000000000000000000e+00,4.314999999999930225e+00
1.457000000000000028e+01,0.000000000000000000e+00,0.000000000000000000e+00,4.314999999999930225e+00
1.457500000000000107e+01,0.000000000000000000e+00,0.000000000000000000e+00,4.314999999999930225e+00
1.458000000000000007e+01,0.000000000000000000e+00,0.000000000000000000e+00,4.314999999999930225e+00
1.458500000000000085e+01,0.000000000000000000e+00,0.000000000000000000e+00,4.314999999999930225e+00
1.458999999999999986e+01,0.000000000000000000e+00,0.000000000000000000e+00,4.314999999999930225e+00
1.459500000000000064e+01,0.000000000000000000e+00,0.000000000000000000e+00,4.314999999999930225e+00
1.459999999999999964e+01,0.000000000000000000e+00,0.000000000000000000e+00,4.314999999999930225e+00
1.460500000000000043e+01,0.000000000000000000e+00,0.000000000000000000e+00,4.314999999999930225e+00
1.460999999999999943e+01,0.000000000000000000e+00,0.000000000000000000e+00,4.314999999999930225e+00
1.461500000000000021e+01,0.000000000000000000e+00,0.000000000000000000e+00,4.314999999999930225e+00
1.462000000000000099e+01,0.000000000000000000e+00,0.000000000000000000e+00,4.314999999999930225e+00
1.462500000000000000e+01,0.000000000000000000e+00,0.000000000000000000e+00,4.314999999999930225e+00
1.463000000000000078e+01,0.000000000000000000e+00,0.000000000000000000e+00,4.314999999999930225e+00
1.463499999999999979e+01,0.000000000000000000e+00,0.000000000000000000e+00,4.314999999999930225e+00
1.464000000000000057e+01,0.000000000000000000e+00,0.000000000000000000e+00,4.314999999999930225e+00
1.464499999999999957e+01,0.000000000000000000e+00,0.000000000000000000e+00,4.314999999999930225e+00
1.465000000000000036e+01,0.000000000000000000e+00,0.000000000000000000e+00,4.314999999999930225e+00
1.465500000000000114e+01,0.000000000000000000e+00,0.000000000000000000e+00,4.314999999999930225e+00
1.466000000000000014e+01,0.000000000000000000e+00,0.000000000000000000e+00,4.314999999999930225e+00
1.466500000000000092e+01,0.000000000000000000e+00,0.000000000000000000e+00,4.314999999999930225e+00
1.466999999999999993e+01,0.000000000000000000e+00,0.000000000000000000e+00,4.314999999999930225e+00
1.467500000000000071e+01,0.000000000000000000e+00,0.000000000000000000e+00,4.314999999999930225e+00
1.467999999999999972e+01,0.000000000000000000e+00,0.000000000000000000e+00,4.314999999999930225e+00
1.468500000000000050e+01,0.000000000000000000e+00,0.000000000000000000e+00,4.314999999999930225e+00
1.468999999999999950e+01,0.000000000000000000e+00,0.000000000000000000e+00,4.314999999999930225e+00
1.469500000000000028e+01,0.000000000000000000e+00,0.000000000000000000e+00,4.314999999999930225e+00
1.470000000000000107e+01,0.000000000000000000e+00,0.000000000000000000e+00,4.314999999999930225e+00
1.470500000000000007e+01,0.000000000000000000e+00,0.000000000000000000e+00,4.314999999999930225e+00
1.471000000000000085e+01,0.000000000000000000e+00,0.000000000000000000e+00,4.314999999999930225e+00
1.471499999999999986e+01,0.000000000000000000e+00,0.000000000000000000e+00,4.314999999999930225e+00
1.472000000000000064e+01,0.000000000000000000e+00,0.000000000000000000e+00,4.314999999999930225e+00
1.472499999999999964e+01,0.000000000000000000e+00,0.000000000000000000e+00,4.314999999999930225e+00
1.473000000000000043e+01,0.000000000000000000e+00,0.000000000000000000e+00,4.314999999999930225e+00
1.473499999999999943e+01,0.000000000000000000e+00,0.000000000000000000e+00,4.314999999999930225e+00
1.474000000000000021e+01,0.000000000000000000e+00,0.000000000000000000e+00,4.314999999999930225e+00
1.474500000000000099e+01,0.000000000000000000e+00,0.000000000000000000e+00,4.314999999999930225e+00
1.475000000000000000e+01,0.000000000000000000e+00,0.000000000000000000e+00,4.314999999999930225e+00
1.475500000000000078e+01,0.000000000000000000e+00,0.000000000000000000e+00,4.314999999999930225e+00
1.475999999999999979e+01,0.000000000000000000e+00,0.000000000000000000e+00,4.314999999999930225e+00
1.476500000000000057e+01,0.000000000000000000e+00,0.000000000000000000e+00,4.314999999999930225e+00
1.476999999999999957e+01,0.000000000000000000e+00,0.000000000000000000e+00,4.314999999999930225e+00
1.477500000000000036e+01,0.000000000000000000e+00,0.000000000000000000e+00,4.314999999999930225e+00
1.478000000000000114e+01,0.000000000000000000e+00,0.000000000000000000e+00,4.314999999999930225e+00
1.478500000000000014e+01,0.000000000000000000e+00,0.000000000000000000e+00,4.314999999999930225e+00
1.479000000000000092e+01,0.000000000000000000e+00,0.000000000000000000e+00,4.314999999999930225e+00
1.479499999999999993e+01,0.000000000000000000e+00,0.000000000000000000e+00,4.314999999999930225e+00
1.480000000000000071e+01,0.000000000000000000e+00,0.000000000000000000e+00,4.314999999999930225e+00
1.480499999999999972e+01,0.000000000000000000e+00,0.000000000000000000e+00,4.314999999999930225e+00
1.481000000000000050e+01,0.000000000000000000e+00,0.000000000000000000e+00,4.314999999999930225e+00
1.481499999999999950e+01,0.000000000000000000e+00,0.000000000000000000e+00,4.314999999999930225e+00
1.482000000000000028e+01,0.000000000000000000e+00,0.000000000000000000e+00,4.314999999999930225e+00
1.482500000000000107e+01,0.000000000000000000e+00,0.000000000000000000e+00,4.314999999999930225e+00
1.483000000000000007e+01,0.000000000000000000e+00,0.000000000000000000e+00,4.314999999999930225e+00
1.483500000000000085e+01,0.000000000000000000e+00,0.000000000000000000e+00,4.314999999999930225e+00
1.483999999999999986e+01,0.000000000000000000e+00,0.000000000000000000e+00,4.314999999999930225e+00
1.484500000000000064e+01,0.000000000000000000e+00,0.000000000000000000e+00,4.314999999999930225e+00
1.484999999999999964e+01,0.000000000000000000e+00,0.000000000000000000e+00,4.314999999999930225e+00
1.485500000000000043e+01,0.000000000000000000e+00,0.000000000000000000e+00,4.314999999999930225e+00
1.485999999999999943e+01,0.000000000000000000e+00,0.000000000000000000e+00,4.314999999999930225e+00
1.486500000000000021e+01,0.000000000000000000e+00,0.000000000000000000e+00,4.314999999999930225e+00
1.487000000000000099e+01,0.000000000000000000e+00,0.000000000000000000e+00,4.314999999999930225e+00
1.487500000000000000e+01,0.000000000000000000e+00,0.000000000000000000e+00,4.314999999999930225e+00
1.488000000000000078e+01,0.000000000000000000e+00,0.000000000000000000e+00,4.314999999999930225e+00
1.488499999999999979e+01,0.000000000000000000e+00,0.000000000000000000e+00,4.314999999999930225e+00
1.489000000000000057e+01,0.000000000000000000e+00,0.000000000000000000e+00,4.314999999999930225e+00
1.489499999999999957e+01,0.000000000000000000e+00,0.000000000000000000e+00,4.314999999999930225e+00
1.490000000000000036e+01,0.000000000000000000e+00,0.000000000000000000e+00,4.314999999999930225e+00
1.490500000000000114e+01,0.000000000000000000e+00,0.000000000000000000e+00,4.314999999999930225e+00
1.491000000000000014e+01,0.000000000000000000e+00,0.000000000000000000e+00,4.314999999999930225e+00
1.491500000000000092e+01,0.000000000000000000e+00,0.000000000000000000e+00,4.314999999999930225e+00
1.491999999999999993e+01,0.000000000000000000e+00,0.000000000000000000e+00,4.314999999999930225e+00
1.492500000000000071e+01,0.000000000000000000e+00,0.000000000000000000e+00,4.314999999999930225e+00
1.492999999999999972e+01,0.000000000000000000e+00,0.000000000000000000e+00,4.314999999999930225e+00
1.493500000000000050e+01,0.000000000000000000e+00,0.000000000000000000e+00,4.314999999999930225e+00
1.493999999999999950e+01,0.000000000000000000e+00,0.000000000000000000e+00,4.314999999999930225e+00
1.494500000000000028e+01,0.000000000000000000e+00,0.000000000000000000e+00,4.314999999999930225e+00
1.495000000000000107e+01,0.000000000000000000e+00,0.000000000000000000e+00,4.314999999999930225e+00
1.495500000000000007e+01,0.000000000000000000e+00,0.000000000000000000e+00,4.314999999999930225e+00
1.496000000000000085e+01,0.000000000000000000e+00,0.000000000000000000e+00,4.314999999999930225e+00
1.496499999999999986e+01,0.000000000000000000e+00,0.000000000000000000e+00,4.314999999999930225e+00
1.497000000000000064e+01,0.000000000000000000e+00,0.000000000000000000e+00,4.314999999999930225e+00
1.497499999999999964e+01,0.000000000000000000e+00,0.000000000000000000e+00,4.314999999999930225e+00
1.498000000000000043e+01,0.000000000000000000e+00,0.000000000000000000e+00,4.314999999999930225e+00
1.498499999999999943e+01,0.000000000000000000e+00,0.000000000000000000e+00,4.314999999999930225e+00
1.499000000000000021e+01,0.000000000000000000e+00,0.000000000000000000e+00,4.314999999999930225e+00
1.499500000000000099e+01,0.000000000000000000e+00,0.000000000000000000e+00,4.314999999999930225e+00
1.500000000000000000e+01,0.000000000000000000e+00,0.000000000000000000e+00,4.314999999999930225e+00
1.500500000000000078e+01,0.000000000000000000e+00,0.000000000000000000e+00,4.314999999999930225e+00
1.500999999999999979e+01,0.000000000000000000e+00,0.000000000000000000e+00,4.314999999999930225e+00
1.501500000000000057e+01,0.000000000000000000e+00,0.000000000000000000e+00,4.314999999999930225e+00
1.501999999999999957e+01,0.000000000000000000e+00,0.000000000000000000e+00,4.314999999999930225e+00
1.502500000000000036e+01,0.000000000000000000e+00,0.000000000000000000e+00,4.314999999999930225e+00
1.503000000000000114e+01,0.000000000000000000e+00,0.000000000000000000e+00,4.314999999999930225e+00
1.503500000000000014e+01,0.000000000000000000e+00,0.000000000000000000e+00,4.314999999999930225e+00
1.504000000000000092e+01,0.000000000000000000e+00,0.000000000000000000e+00,4.314999999999930225e+00
1.504499999999999993e+01,0.000000000000000000e+00,0.000000000000000000e+00,4.314999999999930225e+00
1.505000000000000071e+01,0.000000000000000000e+00,0.000000000000000000e+00,4.314999999999930225e+00
1.505499999999999972e+01,0.000000000000000000e+00,0.000000000000000000e+00,4.314999999999930225e+00
1.506000000000000050e+01,0.000000000000000000e+00,0.000000000000000000e+00,4.314999999999930225e+00
1.506499999999999950e+01,0.000000000000000000e+00,0.000000000000000000e+00,4.314999999999930225e+00
1.507000000000000028e+01,0.000000000000000000e+00,0.000000000000000000e+00,4.314999999999930225e+00
1.507500000000000107e+01,0.000000000000000000e+00,0.000000000000000000e+00,4.314999999999930225e+00
1.508000000000000007e+01,0.000000000000000000e+00,0.000000000000000000e+00,4.314999999999930225e+00
1.508500000000000085e+01,0.000000000000000000e+00,0.000000000000000000e+00,4.314999999999930225e+00
1.508999999999999986e+01,0.000000000000000000e+00,0.000000000000000000e+00,4.314999999999930225e+00
1.509500000000000064e+01,0.000000000000000000e+00,0.000000000000000000e+00,4.314999999999930225e+00
1.509999999999999964e+01,0.000000000000000000e+00,0.000000000000000000e+00,4.314999999999930225e+00
1.510500000000000043e+01,0.000000000000000000e+00,0.000000000000000000e+00,4.314999999999930225e+00
1.510999999999999943e+01,0.000000000000000000e+00,0.000000000000000000e+00,4.314999999999930225e+00
1.511500000000000021e+01,0.000000000000000000e+00,0.000000000000000000e+00,4.314999999999930225e+00
1.512000000000000099e+01,0.000000000000000000e+00,0.000000000000000000e+00,4.314999999999930225e+00
1.512500000000000000e+01,0.000000000000000000e+00,0.000000000000000000e+00,4.314999999999930225e+00
1.513000000000000078e+01,0.000000000000000000e+00,0.000000000000000000e+00,4.314999999999930225e+00
1.513499999999999979e+01,0.000000000000000000e+00,0.000000000000000000e+00,4.314999999999930225e+00
1.514000000000000057e+01,0.000000000000000000e+00,0.000000000000000000e+00,4.314999999999930225e+00
1.514499999999999957e+01,0.000000000000000000e+00,0.000000000000000000e+00,4.314999999999930225e+00
1.515000000000000036e+01,0.000000000000000000e+00,0.000000000000000000e+00,4.314999999999930225e+00
1.515500000000000114e+01,0.000000000000000000e+00,0.000000000000000000e+00,4.314999999999930225e+00
1.516000000000000014e+01,0.000000000000000000e+00,0.000000000000000000e+00,4.314999999999930225e+00
1.516500000000000092e+01,0.000000000000000000e+00,0.000000000000000000e+00,4.314999999999930225e+00
1.516999999999999993e+01,0.000000000000000000e+00,0.000000000000000000e+00,4.314999999999930225e+00
1.517500000000000071e+01,0.000000000000000000e+00,0.000000000000000000e+00,4.314999999999930225e+00
1.517999999999999972e+01,0.000000000000000000e+00,0.000000000000000000e+00,4.314999999999930225e+00
1.518500000000000050e+01,0.000000000000000000e+00,0.000000000000000000e+00,4.314999999999930225e+00
1.518999999999999950e+01,0.000000000000000000e+00,0.000000000000000000e+00,4.314999999999930225e+00
1.519500000000000028e+01,0.000000000000000000e+00,0.000000000000000000e+00,4.314999999999930225e+00
1.520000000000000107e+01,0.000000000000000000e+00,0.000000000000000000e+00,4.314999999999930225e+00
1.520500000000000007e+01,0.000000000000000000e+00,0.000000000000000000e+00,4.314999999999930225e+00
1.521000000000000085e+01,0.000000000000000000e+00,0.000000000000000000e+00,4.314999999999930225e+00
1.521499999999999986e+01,0.000000000000000000e+00,0.000000000000000000e+00,4.314999999999930225e+00
1.522000000000000064e+01,0.000000000000000000e+00,0.000000000000000000e+00,4.314999999999930225e+00
1.522499999999999964e+01,0.000000000000000000e+00,0.000000000000000000e+00,4.314999999999930225e+00
1.523000000000000043e+01,0.000000000000000000e+00,0.000000000000000000e+00,4.314999999999930225e+00
1.523499999999999943e+01,0.000000000000000000e+00,0.000000000000000000e+00,4.314999999999930225e+00
1.524000000000000021e+01,0.000000000000000000e+00,0.000000000000000000e+00,4.314999999999930225e+00
1.524500000000000099e+01,0.000000000000000000e+00,0.000000000000000000e+00,4.314999999999930225e+00
1.525000000000000000e+01,0.000000000000000000e+00,0.000000000000000000e+00,4.314999999999930225e+00
1.525500000000000078e+01,0.000000000000000000e+00,0.000000000000000000e+00,4.314999999999930225e+00
1.525999999999999979e+01,0.000000000000000000e+00,0.000000000000000000e+00,4.314999999999930225e+00
1.526500000000000057e+01,0.000000000000000000e+00,0.000000000000000000e+00,4.314999999999930225e+00
1.526999999999999957e+01,0.000000000000000000e+00,0.000000000000000000e+00,4.314999999999930225e+00
1.527500000000000036e+01,0.000000000000000000e+00,0.000000000000000000e+00,4.314999999999930225e+00
1.528000000000000114e+01,0.000000000000000000e+00,0.000000000000000000e+00,4.314999999999930225e+00
1.528500000000000014e+01,0.000000000000000000e+00,0.000000000000000000e+00,4.314999999999930225e+00
1.529000000000000092e+01,0.000000000000000000e+00,0.000000000000000000e+00,4.314999999999930225e+00
1.529499999999999993e+01,0.000000000000000000e+00,0.000000000000000000e+00,4.314999999999930225e+00
1.530000000000000071e+01,0.000000000000000000e+00,0.000000000000000000e+00,4.314999999999930225e+00
1.530499999999999972e+01,0.000000000000000000e+00,0.000000000000000000e+00,4.314999999999930225e+00
1.531000000000000050e+01,0.000000000000000000e+00,0.000000000000000000e+00,4.314999999999930225e+00
1.531499999999999950e+01,0.000000000000000000e+00,0.000000000000000000e+00,4.314999999999930225e+00
1.532000000000000028e+01,0.000000000000000000e+00,0.000000000000000000e+00,4.314999999999930225e+00
1.532500000000000107e+01,0.000000000000000000e+00,0.000000000000000000e+00,4.314999999999930225e+00
1.533000000000000007e+01,0.000000000000000000e+00,0.000000000000000000e+00,4.314999999999930225e+00
1.533500000000000085e+01,0.000000000000000000e+00,0.000000000000000000e+00,4.314999999999930225e+00
1.533999999999999986e+01,0.000000000000000000e+00,0.000000000000000000e+00,4.314999999999930225e+00
1.534500000000000064e+01,0.000000000000000000e+00,0.000000000000000000e+00,4.314999999999930225e+00
1.534999999999999964e+01,0.000000000000000000e+00,0.000000000000000000e+00,4.314999999999930225e+00
1.535500000000000043e+01,0.000000000000000000e+00,0.000000000000000000e+00,4.314999999999930225e+00
1.535999999999999943e+01,0.000000000000000000e+00,0.000000000000000000e+00,4.314999999999930225e+00
1.536500000000000021e+01,0.000000000000000000e+00,0.000000000000000000e+00,4.314999999999930225e+00
1.537000000000000099e+01,0.000000000000000000e+00,0.000000000000000000e+00,4.314999999999930225e+00
1.537500000000000000e+01,0.000000000000000000e+00,0.000000000000000000e+00,4.314999999999930225e+00
1.538000000000000078e+01,0.000000000000000000e+00,0.000000000000000000e+00,4.314999999999930225e+00
1.538499999999999979e+01,0.000000000000000000e+00,0.000000000000000000e+00,4.314999999999930225e+00
1.539000000000000057e+01,0.000000000000000000e+00,0.000000000000000000e+00,4.314999999999930225e+00
1.539499999999999957e+01,0.000000000000000000e+00,0.000000000000000000e+00,4.314999999999930225e+00
1.540000000000000036e+01,0.000000000000000000e+00,0.000000000000000000e+00,4.314999999999930225e+00
1.540500000000000114e+01,0.000000000000000000e+00,0.000000000000000000e+00,4.314999999999930225e+00
1.541000000000000014e+01,0.000000000000000000e+00,0.000000000000000000e+00,4.314999999999930225e+00
1.541500000000000092e+01,0.000000000000000000e+00,0.000000000000000000e+00,4.314999999999930225e+00
1.541999999999999993e+01,0.000000000000000000e+00,0.000000000000000000e+00,4.314999999999930225e+00
1.542500000000000071e+01,0.000000000000000000e+00,0.000000000000000000e+00,4.314999999999930225e+00
1.542999999999999972e+01,0.000000000000000000e+00,0.000000000000000000e+00,4.314999999999930225e+00
1.543500000000000050e+01,0.000000000000000000e+00,0.000000000000000000e+00,4.314999999999930225e+00
1.543999999999999950e+01,0.000000000000000000e+00,0.000000000000000000e+00,4.314999999999930225e+00
1.544500000000000028e+01,0.000000000000000000e+00,0.000000000000000000e+00,4.314999999999930225e+00
1.545000000000000107e+01,0.000000000000000000e+00,0.000000000000000000e+00,4.314999999999930225e+00
1.545500000000000007e+01,0.000000000000000000e+00,0.000000000000000000e+00,4.314999999999930225e+00
1.546000000000000085e+01,0.000000000000000000e+00,0.000000000000000000e+00,4.314999999999930225e+00
1.546499999999999986e+01,0.000000000000000000e+00,0.000000000000000000e+00,4.314999999999930225e+00
1.547000000000000064e+01,0.000000000000000000e+00,0.000000000000000000e+00,4.314999999999930225e+00
1.547499999999999964e+01,0.000000000000000000e+00,0.000000000000000000e+00,4.314999999999930225e+00
1.548000000000000043e+01,0.000000000000000000e+00,0.000000000000000000e+00,4.314999999999930225e+00
1.548500000000000121e+01,0.000000000000000000e+00,0.000000000000000000e+00,4.314999999999930225e+00
1.549000000000000021e+01,0.000000000000000000e+00,0.000000000000000000e+00,4.314999999999930225e+00
1.549500000000000099e+01,0.000000000000000000e+00,0.000000000000000000e+00,4.314999999999930225e+00
1.550000000000000000e+01,0.000000000000000000e+00,0.000000000000000000e+00,4.314999999999930225e+00
1.550500000000000078e+01,0.000000000000000000e+00,0.000000000000000000e+00,4.314999999999930225e+00
1.550999999999999979e+01,0.000000000000000000e+00,0.000000000000000000e+00,4.314999999999930225e+00
1.551500000000000057e+01,0.000000000000000000e+00,0.000000000000000000e+00,4.314999999999930225e+00
1.551999999999999957e+01,0.000000000000000000e+00,0.000000000000000000e+00,4.314999999999930225e+00
1.552500000000000036e+01,0.000000000000000000e+00,0.000000000000000000e+00,4.314999999999930225e+00
1.553000000000000114e+01,0.000000000000000000e+00,0.000000000000000000e+00,4.314999999999930225e+00
1.553500000000000014e+01,0.000000000000000000e+00,0.000000000000000000e+00,4.314999999999930225e+00
1.554000000000000092e+01,0.000000000000000000e+00,0.000000000000000000e+00,4.314999999999930225e+00
1.554499999999999993e+01,0.000000000000000000e+00,0.000000000000000000e+00,4.314999999999930225e+00
1.555000000000000071e+01,0.000000000000000000e+00,0.000000000000000000e+00,4.314999999999930225e+00
1.555499999999999972e+01,0.000000000000000000e+00,0.000000000000000000e+00,4.314999999999930225e+00
1.556000000000000050e+01,0.000000000000000000e+00,0.000000000000000000e+00,4.314999999999930225e+00
1.556499999999999950e+01,0.000000000000000000e+00,0.000000000000000000e+00,4.314999999999930225e+00
1.557000000000000028e+01,0.000000000000000000e+00,0.000000000000000000e+00,4.314999999999930225e+00
1.557500000000000107e+01,0.000000000000000000e+00,0.000000000000000000e+00,4.314999999999930225e+00
1.558000000000000007e+01,0.000000000000000000e+00,0.000000000000000000e+00,4.314999999999930225e+00
1.558500000000000085e+01,0.000000000000000000e+00,0.000000000000000000e+00,4.314999999999930225e+00
1.558999999999999986e+01,0.000000000000000000e+00,0.000000000000000000e+00,4.314999999999930225e+00
1.559500000000000064e+01,0.000000000000000000e+00,0.000000000000000000e+00,4.314999999999930225e+00
1.559999999999999964e+01,0.000000000000000000e+00,0.000000000000000000e+00,4.314999999999930225e+00
1.560500000000000043e+01,0.000000000000000000e+00,0.000000000000000000e+00,4.314999999999930225e+00
1.561000000000000121e+01,0.000000000000000000e+00,0.000000000000000000e+00,4.314999999999930225e+00
1.561500000000000021e+01,0.000000000000000000e+00,0.000000000000000000e+00,4.314999999999930225e+00
1.562000000000000099e+01,0.000000000000000000e+00,0.000000000000000000e+00,4.314999999999930225e+00
1.562500000000000000e+01,0.000000000000000000e+00,0.000000000000000000e+00,4.314999999999930225e+00
1.563000000000000078e+01,0.000000000000000000e+00,0.000000000000000000e+00,4.314999999999930225e+00
1.563499999999999979e+01,0.000000000000000000e+00,0.000000000000000000e+00,4.314999999999930225e+00
1.564000000000000057e+01,0.000000000000000000e+00,0.000000000000000000e+00,4.314999999999930225e+00
1.564499999999999957e+01,0.000000000000000000e+00,0.000000000000000000e+00,4.314999999999930225e+00
1.565000000000000036e+01,0.000000000000000000e+00,0.000000000000000000e+00,4.314999999999930225e+00
1.565500000000000114e+01,0.000000000000000000e+00,0.000000000000000000e+00,4.314999999999930225e+00
1.566000000000000014e+01,0.000000000000000000e+00,0.000000000000000000e+00,4.314999999999930225e+00
1.566500000000000092e+01,0.000000000000000000e+00,0.000000000000000000e+00,4.314999999999930225e+00
1.566999999999999993e+01,0.000000000000000000e+00,0.000000000000000000e+00,4.314999999999930225e+00
1.567500000000000071e+01,0.000000000000000000e+00,0.000000000000000000e+00,4.314999999999930225e+00
1.567999999999999972e+01,0.000000000000000000e+00,0.000000000000000000e+00,4.314999999999930225e+00
1.568500000000000050e+01,0.000000000000000000e+00,0.000000000000000000e+00,4.314999999999930225e+00
1.568999999999999950e+01,0.000000000000000000e+00,0.000000000000000000e+00,4.314999999999930225e+00
1.569500000000000028e+01,0.000000000000000000e+00,0.000000000000000000e+00,4.314999999999930225e+00
1.570000000000000107e+01,0.000000000000000000e+00,0.000000000000000000e+00,4.314999999999930225e+00
1.570500000000000007e+01,0.000000000000000000e+00,0.000000000000000000e+00,4.314999999999930225e+00
1.571000000000000085e+01,0.000000000000000000e+00,0.000000000000000000e+00,4.314999999999930225e+00
1.571499999999999986e+01,0.000000000000000000e+00,0.000000000000000000e+00,4.314999999999930225e+00
1.572000000000000064e+01,0.000000000000000000e+00,0.000000000000000000e+00,4.314999999999930225e+00
1.572499999999999964e+01,0.000000000000000000e+00,0.000000000000000000e+00,4.314999999999930225e+00
1.573000000000000043e+01,0.000000000000000000e+00,0.000000000000000000e+00,4.314999999999930225e+00
1.573500000000000121e+01,0.000000000000000000e+00,0.000000000000000000e+00,4.314999999999930225e+00
1.574000000000000021e+01,0.000000000000000000e+00,0.000000000000000000e+00,4.314999999999930225e+00
1.574500000000000099e+01,0.000000000000000000e+00,0.000000000000000000e+00,4.314999999999930225e+00
1.575000000000000000e+01,0.000000000000000000e+00,0.000000000000000000e+00,4.314999999999930225e+00
1.575500000000000078e+01,0.000000000000000000e+00,0.000000000000000000e+00,4.314999999999930225e+00
1.575999999999999979e+01,0.000000000000000000e+00,0.000000000000000000e+00,4.314999999999930225e+00
1.576500000000000057e+01,0.000000000000000000e+00,0.000000000000000000e+00,4.314999999999930225e+00
1.576999999999999957e+01,0.000000000000000000e+00,0.000000000000000000e+00,4.314999999999930225e+00
1.577500000000000036e+01,0.000000000000000000e+00,0.000000000000000000e+00,4.314999999999930225e+00
1.578000000000000114e+01,0.000000000000000000e+00,0.000000000000000000e+00,4.314999999999930225e+00
1.578500000000000014e+01,0.000000000000000000e+00,0.000000000000000000e+00,4.314999999999930225e+00
1.579000000000000092e+01,0.000000000000000000e+00,0.000000000000000000e+00,4.314999999999930225e+00
1.579499999999999993e+01,0.000000000000000000e+00,0.000000000000000000e+00,4.314999999999930225e+00
1.580000000000000071e+01,0.000000000000000000e+00,0.000000000000000000e+00,4.314999999999930225e+00
1.580499999999999972e+01,0.000000000000000000e+00,0.000000000000000000e+00,4.314999999999930225e+00
1.581000000000000050e+01,0.000000000000000000e+00,0.000000000000000000e+00,4.314999999999930225e+00
1.581499999999999950e+01,0.000000000000000000e+00,0.000000000000000000e+00,4.314999999999930225e+00
1.582000000000000028e+01,0.000000000000000000e+00,0.000000000000000000e+00,4.314999999999930225e+00
1.582500000000000107e+01,0.000000000000000000e+00,0.000000000000000000e+00,4.314999999999930225e+00
1.583000000000000007e+01,0.000000000000000000e+00,0.000000000000000000e+00,4.314999999999930225e+00
1.583500000000000085e+01,0.000000000000000000e+00,0.000000000000000000e+00,4.314999999999930225e+00
1.583999999999999986e+01,0.000000000000000000e+00,0.000000000000000000e+00,4.314999999999930225e+00
1.584500000000000064e+01,0.000000000000000000e+00,0.000000000000000000e+00,4.314999999999930225e+00
1.584999999999999964e+01,0.000000000000000000e+00,0.000000000000000000e+00,4.314999999999930225e+00
1.585500000000000043e+01,0.000000000000000000e+00,0.000000000000000000e+00,4.314999999999930225e+00
1.586000000000000121e+01,0.000000000000000000e+00,0.000000000000000000e+00,4.314999999999930225e+00
1.586500000000000021e+01,0.000000000000000000e+00,0.000000000000000000e+00,4.314999999999930225e+00
1.587000000000000099e+01,0.000000000000000000e+00,0.000000000000000000e+00,4.314999999999930225e+00
1.587500000000000000e+01,0.000000000000000000e+00,0.000000000000000000e+00,4.314999999999930225e+00
1.588000000000000078e+01,0.000000000000000000e+00,0.000000000000000000e+00,4.314999999999930225e+00
1.588499999999999979e+01,0.000000000000000000e+00,0.000000000000000000e+00,4.314999999999930225e+00
1.589000000000000057e+01,0.000000000000000000e+00,0.000000000000000000e+00,4.314999999999930225e+00
1.589499999999999957e+01,0.000000000000000000e+00,0.000000000000000000e+00,4.314999999999930225e+00
1.590000000000000036e+01,0.000000000000000000e+00,0.000000000000000000e+00,4.314999999999930225e+00
1.590500000000000114e+01,0.000000000000000000e+00,0.000000000000000000e+00,4.314999999999930225e+00
1.591000000000000014e+01,0.000000000000000000e+00,0.000000000000000000e+00,4.314999999999930225e+00
1.591500000000000092e+01,0.000000000000000000e+00,0.000000000000000000e+00,4.314999999999930225e+00
1.591999999999999993e+01,0.000000000000000000e+00,0.000000000000000000e+00,4.314999999999930225e+00
1.592500000000000071e+01,0.000000000000000000e+00,0.000000000000000000e+00,4.314999999999930225e+00
1.592999999999999972e+01,0.000000000000000000e+00,0.000000000000000000e+00,4.314999999999930225e+00
1.593500000000000050e+01,0.000000000000000000e+00,0.000000000000000000e+00,4.314999999999930225e+00
1.593999999999999950e+01,0.000000000000000000e+00,0.000000000000000000e+00,4.314999999999930225e+00
1.594500000000000028e+01,0.000000000000000000e+00,0.000000000000000000e+00,4.314999999999930225e+00
1.595000000000000107e+01,0.000000000000000000e+00,0.000000000000000000e+00,4.314999999999930225e+00
1.595500000000000007e+01,0.000000000000000000e+00,0.000000000000000000e+00,4.314999999999930225e+00
1.596000000000000085e+01,0.000000000000000000e+00,0.000000000000000000e+00,4.314999999999930225e+00
1.596499999999999986e+01,0.000000000000000000e+00,0.000000000000000000e+00,4.314999999999930225e+00
1.597000000000000064e+01,0.000000000000000000e+00,0.000000000000000000e+00,4.314999999999930225e+00
1.597499999999999964e+01,0.000000000000000000e+00,0.000000000000000000e+00,4.314999999999930225e+00
1.598000000000000043e+01,0.000000000000000000e+00,0.000000000000000000e+00,4.314999999999930225e+00
1.598500000000000121e+01,0.000000000000000000e+00,0.000000000000000000e+00,4.314999999999930225e+00
1.599000000000000021e+01,0.000000000000000000e+00,0.000000000000000000e+00,4.314999999999930225e+00
1.599500000000000099e+01,0.000000000000000000e+00,0.000000000000000000e+00,4.314999999999930225e+00
1.600000000000000000e+01,0.000000000000000000e+00,0.000000000000000000e+00,4.314999999999930225e+00
1.600499999999999901e+01,0.000000000000000000e+00,0.000000000000000000e+00,4.314999999999930225e+00
1.601000000000000156e+01,0.000000000000000000e+00,0.000000000000000000e+00,4.314999999999930225e+00
1.601500000000000057e+01,0.000000000000000000e+00,0.000000000000000000e+00,4.314999999999930225e+00
1.601999999999999957e+01,0.000000000000000000e+00,0.000000000000000000e+00,4.314999999999930225e+00
1.602499999999999858e+01,0.000000000000000000e+00,0.000000000000000000e+00,4.314999999999930225e+00
1.603000000000000114e+01,0.000000000000000000e+00,0.000000000000000000e+00,4.314999999999930225e+00
1.603500000000000014e+01,0.000000000000000000e+00,0.000000000000000000e+00,4.314999999999930225e+00
1.603999999999999915e+01,0.000000000000000000e+00,0.000000000000000000e+00,4.314999999999930225e+00
1.604500000000000171e+01,0.000000000000000000e+00,0.000000000000000000e+00,4.314999999999930225e+00
1.605000000000000071e+01,0.000000000000000000e+00,0.000000000000000000e+00,4.314999999999930225e+00
1.605499999999999972e+01,0.000000000000000000e+00,0.000000000000000000e+00,4.314999999999930225e+00
1.605999999999999872e+01,0.000000000000000000e+00,0.000000000000000000e+00,4.314999999999930225e+00
1.606500000000000128e+01,0.000000000000000000e+00,0.000000000000000000e+00,4.314999999999930225e+00
1.607000000000000028e+01,0.000000000000000000e+00,0.000000000000000000e+00,4.314999999999930225e+00
1.607499999999999929e+01,0.000000000000000000e+00,0.000000000000000000e+00,4.314999999999930225e+00
1.608000000000000185e+01,0.000000000000000000e+00,0.000000000000000000e+00,4.314999999999930225e+00
1.608500000000000085e+01,0.000000000000000000e+00,0.000000000000000000e+00,4.314999999999930225e+00
1.608999999999999986e+01,0.000000000000000000e+00,0.000000000000000000e+00,4.314999999999930225e+00
1.609499999999999886e+01,0.000000000000000000e+00,0.000000000000000000e+00,4.314999999999930225e+00
1.610000000000000142e+01,0.000000000000000000e+00,0.000000000000000000e+00,4.314999999999930225e+00
1.610500000000000043e+01,0.000000000000000000e+00,0.000000000000000000e+00,4.314999999999930225e+00
1.610999999999999943e+01,0.000000000000000000e+00,0.000000000000000000e+00,4.314999999999930225e+00
1.611500000000000199e+01,0.000000000000000000e+00,0.000000000000000000e+00,4.314999999999930225e+00
1.612000000000000099e+01,0.000000000000000000e+00,0.000000000000000000e+00,4.314999999999930225e+00
1.612500000000000000e+01,0.000000000000000000e+00,0.000000000000000000e+00,4.314999999999930225e+00
1.612999999999999901e+01,0.000000000000000000e+00,0.000000000000000000e+00,4.314999999999930225e+00
1.613500000000000156e+01,0.000000000000000000e+00,0.000000000000000000e+00,4.314999999999930225e+00
1.614000000000000057e+01,0.000000000000000000e+00,0.000000000000000000e+00,4.314999999999930225e+00
1.614499999999999957e+01,0.000000000000000000e+00,0.000000000000000000e+00,4.314999999999930225e+00
1.614999999999999858e+01,0.000000000000000000e+00,0.000000000000000000e+00,4.314999999999930225e+00
1.615500000000000114e+01,0.000000000000000000e+00,0.000000000000000000e+00,4.314999999999930225e+00
1.616000000000000014e+01,0.000000000000000000e+00,0.000000000000000000e+00,4.314999999999930225e+00
1.616499999999999915e+01,0.000000000000000000e+00,0.000000000000000000e+00,4.314999999999930225e+00
1.617000000000000171e+01,0.000000000000000000e+00,0.000000000000000000e+00,4.314999999999930225e+00
1.617500000000000071e+01,0.000000000000000000e+00,0.000000000000000000e+00,4.314999999999930225e+00
1.617999999999999972e+01,0.000000000000000000e+00,0.000000000000000000e+00,4.314999999999930225e+00
1.618499999999999872e+01,0.000000000000000000e+00,0.000000000000000000e+00,4.314999999999930225e+00
1.619000000000000128e+01,0.000000000000000000e+00,0.000000000000000000e+00,4.314999999999930225e+00
1.619500000000000028e+01,0.000000000000000000e+00,0.000000000000000000e+00,4.314999999999930225e+00
1.619999999999999929e+01,0.000000000000000000e+00,0.000000000000000000e+00,4.314999999999930225e+00
1.620500000000000185e+01,0.000000000000000000e+00,0.000000000000000000e+00,4.314999999999930225e+00
1.621000000000000085e+01,0.000000000000000000e+00,0.000000000000000000e+00,4.314999999999930225e+00
1.621499999999999986e+01,0.000000000000000000e+00,0.000000000000000000e+00,4.314999999999930225e+00
1.621999999999999886e+01,0.000000000000000000e+00,0.000000000000000000e+00,4.314999999999930225e+00
1.622500000000000142e+01,0.000000000000000000e+00,0.000000000000000000e+00,4.314999999999930225e+00
1.623000000000000043e+01,0.000000000000000000e+00,0.000000000000000000e+00,4.314999999999930225e+00
1.623499999999999943e+01,0.000000000000000000e+00,0.000000000000000000e+00,4.314999999999930225e+00
1.624000000000000199e+01,0.000000000000000000e+00,0.000000000000000000e+00,4.314999999999930225e+00
1.624500000000000099e+01,0.000000000000000000e+00,0.000000000000000000e+00,4.314999999999930225e+00
1.625000000000000000e+01,0.000000000000000000e+00,0.000000000000000000e+00,4.314999999999930225e+00
1.625499999999999901e+01,0.000000000000000000e+00,0.000000000000000000e+00,4.314999999999930225e+00
1.626000000000000156e+01,0.000000000000000000e+00,0.000000000000000000e+00,4.314999999999930225e+00
1.626500000000000057e+01,0.000000000000000000e+00,0.000000000000000000e+00,4.314999999999930225e+00
1.626999999999999957e+01,0.000000000000000000e+00,0.000000000000000000e+00,4.314999999999930225e+00
1.627499999999999858e+01,0.000000000000000000e+00,0.000000000000000000e+00,4.314999999999930225e+00
1.628000000000000114e+01,0.000000000000000000e+00,0.000000000000000000e+00,4.314999999999930225e+00
1.628500000000000014e+01,0.000000000000000000e+00,0.000000000000000000e+00,4.314999999999930225e+00
1.628999999999999915e+01,0.000000000000000000e+00,0.000000000000000000e+00,4.314999999999930225e+00
1.629500000000000171e+01,0.000000000000000000e+00,0.000000000000000000e+00,4.314999999999930225e+00
1.630000000000000071e+01,0.000000000000000000e+00,0.000000000000000000e+00,4.314999999999930225e+00
1.630499999999999972e+01,0.000000000000000000e+00,0.000000000000000000e+00,4.314999999999930225e+00
1.630999999999999872e+01,0.000000000000000000e+00,0.000000000000000000e+00,4.314999999999930225e+00
1.631500000000000128e+01,0.000000000000000000e+00,0.000000000000000000e+00,4.314999999999930225e+00
1.632000000000000028e+01,0.000000000000000000e+00,0.000000000000000000e+00,4.314999999999930225e+00
1.632499999999999929e+01,0.000000000000000000e+00,0.000000000000000000e+00,4.314999999999930225e+00
1.633000000000000185e+01,0.000000000000000000e+00,0.000000000000000000e+00,4.314999999999930225e+00
1.633500000000000085e+01,0.000000000000000000e+00,0.000000000000000000e+00,4.314999999999930225e+00
1.633999999999999986e+01,0.000000000000000000e+00,0.000000000000000000e+00,4.314999999999930225e+00
1.634499999999999886e+01,0.000000000000000000e+00,0.000000000000000000e+00,4.314999999999930225e+00
1.635000000000000142e+01,0.000000000000000000e+00,0.000000000000000000e+00,4.314999999999930225e+00
1.635500000000000043e+01,0.000000000000000000e+00,0.000000000000000000e+00,4.314999999999930225e+00
1.635999999999999943e+01,0.000000000000000000e+00,0.000000000000000000e+00,4.314999999999930225e+00
1.636500000000000199e+01,0.000000000000000000e+00,0.000000000000000000e+00,4.314999999999930225e+00
1.637000000000000099e+01,0.000000000000000000e+00,0.000000000000000000e+00,4.314999999999930225e+00
1.637500000000000000e+01,0.000000000000000000e+00,0.000000000000000000e+00,4.314999999999930225e+00
1.637999999999999901e+01,0.000000000000000000e+00,0.000000000000000000e+00,4.314999999999930225e+00
1.638500000000000156e+01,0.000000000000000000e+00,0.000000000000000000e+00,4.314999999999930225e+00
1.639000000000000057e+01,0.000000000000000000e+00,0.000000000000000000e+00,4.314999999999930225e+00
1.639499999999999957e+01,0.000000000000000000e+00,0.000000000000000000e+00,4.314999999999930225e+00
1.639999999999999858e+01,0.000000000000000000e+00,0.000000000000000000e+00,4.314999999999930225e+00
1.640500000000000114e+01,0.000000000000000000e+00,0.000000000000000000e+00,4.314999999999930225e+00
1.641000000000000014e+01,0.000000000000000000e+00,0.000000000000000000e+00,4.314999999999930225e+00
1.641499999999999915e+01,0.000000000000000000e+00,0.000000000000000000e+00,4.314999999999930225e+00
1.642000000000000171e+01,0.000000000000000000e+00,0.000000000000000000e+00,4.314999999999930225e+00
1.642500000000000071e+01,0.000000000000000000e+00,0.000000000000000000e+00,4.314999999999930225e+00
1.642999999999999972e+01,0.000000000000000000e+00,0.000000000000000000e+00,4.314999999999930225e+00
1.643499999999999872e+01,0.000000000000000000e+00,0.000000000000000000e+00,4.314999999999930225e+00
1.644000000000000128e+01,0.000000000000000000e+00,0.000000000000000000e+00,4.314999999999930225e+00
1.644500000000000028e+01,0.000000000000000000e+00,0.000000000000000000e+00,4.314999999999930225e+00
1.644999999999999929e+01,0.000000000000000000e+00,0.000000000000000000e+00,4.314999999999930225e+00
1.645500000000000185e+01,0.000000000000000000e+00,0.000000000000000000e+00,4.314999999999930225e+00
1.646000000000000085e+01,0.000000000000000000e+00,0.000000000000000000e+00,4.314999999999930225e+00
1.646499999999999986e+01,0.000000000000000000e+00,0.000000000000000000e+00,4.314999999999930225e+00
1.646999999999999886e+01,0.000000000000000000e+00,0.000000000000000000e+00,4.314999999999930225e+00
1.647500000000000142e+01,0.000000000000000000e+00,0.000000000000000000e+00,4.314999999999930225e+00
1.648000000000000043e+01,0.000000000000000000e+00,0.000000000000000000e+00,4.314999999999930225e+00
1.648499999999999943e+01,0.000000000000000000e+00,0.000000000000000000e+00,4.314999999999930225e+00
1.649000000000000199e+01,0.000000000000000000e+00,0.000000000000000000e+00,4.314999999999930225e+00
1.649500000000000099e+01,0.000000000000000000e+00,0.000000000000000000e+00,4.314999999999930225e+00
1.650000000000000000e+01,0.000000000000000000e+00,0.000000000000000000e+00,4.314999999999930225e+00
1.650499999999999901e+01,0.000000000000000000e+00,0.000000000000000000e+00,4.314999999999930225e+00
1.651000000000000156e+01,0.000000000000000000e+00,0.000000000000000000e+00,4.314999999999930225e+00
1.651500000000000057e+01,0.000000000000000000e+00,0.000000000000000000e+00,4.314999999999930225e+00
1.651999999999999957e+01,0.000000000000000000e+00,0.000000000000000000e+00,4.314999999999930225e+00
1.652499999999999858e+01,0.000000000000000000e+00,0.000000000000000000e+00,4.314999999999930225e+00
1.653000000000000114e+01,0.000000000000000000e+00,0.000000000000000000e+00,4.314999999999930225e+00
1.653500000000000014e+01,0.000000000000000000e+00,0.000000000000000000e+00,4.314999999999930225e+00
1.653999999999999915e+01,0.000000000000000000e+00,0.000000000000000000e+00,4.314999999999930225e+00
1.654500000000000171e+01,0.000000000000000000e+00,0.000000000000000000e+00,4.314999999999930225e+00
1.655000000000000071e+01,0.000000000000000000e+00,0.000000000000000000e+00,4.314999999999930225e+00
1.655499999999999972e+01,0.000000000000000000e+00,0.000000000000000000e+00,4.314999999999930225e+00
1.655999999999999872e+01,0.000000000000000000e+00,0.000000000000000000e+00,4.314999999999930225e+00
1.656500000000000128e+01,0.000000000000000000e+00,0.000000000000000000e+00,4.314999999999930225e+00
1.657000000000000028e+01,0.000000000000000000e+00,0.000000000000000000e+00,4.314999999999930225e+00
1.657499999999999929e+01,0.000000000000000000e+00,0.000000000000000000e+00,4.314999999999930225e+00
1.658000000000000185e+01,0.000000000000000000e+00,0.000000000000000000e+00,4.314999999999930225e+00
1.658500000000000085e+01,0.000000000000000000e+00,0.000000000000000000e+00,4.314999999999930225e+00
1.658999999999999986e+01,0.000000000000000000e+00,0.000000000000000000e+00,4.314999999999930225e+00
1.659499999999999886e+01,0.000000000000000000e+00,0.000000000000000000e+00,4.314999999999930225e+00
1.660000000000000142e+01,0.000000000000000000e+00,0.000000000000000000e+00,4.314999999999930225e+00
1.660500000000000043e+01,0.000000000000000000e+00,0.000000000000000000e+00,4.314999999999930225e+00
1.660999999999999943e+01,0.000000000000000000e+00,0.000000000000000000e+00,4.314999999999930225e+00
1.661500000000000199e+01,0.000000000000000000e+00,0.000000000000000000e+00,4.314999999999930225e+00
1.662000000000000099e+01,0.000000000000000000e+00,0.000000000000000000e+00,4.314999999999930225e+00
1.662500000000000000e+01,0.000000000000000000e+00,0.000000000000000000e+00,4.314999999999930225e+00
1.662999999999999901e+01,0.000000000000000000e+00,0.000000000000000000e+00,4.314999999999930225e+00
1.663500000000000156e+01,0.000000000000000000e+00,0.000000000000000000e+00,4.314999999999930225e+00
1.664000000000000057e+01,0.000000000000000000e+00,0.000000000000000000e+00,4.314999999999930225e+00
1.664499999999999957e+01,0.000000000000000000e+00,0.000000000000000000e+00,4.314999999999930225e+00
1.664999999999999858e+01,0.000000000000000000e+00,0.000000000000000000e+00,4.314999999999930225e+00
1.665500000000000114e+01,0.000000000000000000e+00,0.000000000000000000e+00,4.314999999999930225e+00
1.666000000000000014e+01,0.000000000000000000e+00,0.000000000000000000e+00,4.314999999999930225e+00
1.666499999999999915e+01,0.000000000000000000e+00,0.000000000000000000e+00,4.314999999999930225e+00
1.667000000000000171e+01,0.000000000000000000e+00,0.000000000000000000e+00,4.314999999999930225e+00
1.667500000000000071e+01,0.000000000000000000e+00,0.000000000000000000e+00,4.314999999999930225e+00
1.667999999999999972e+01,0.000000000000000000e+00,0.000000000000000000e+00,4.314999999999930225e+00
1.668499999999999872e+01,0.000000000000000000e+00,0.000000000000000000e+00,4.314999999999930225e+00
1.669000000000000128e+01,0.000000000000000000e+00,0.000000000000000000e+00,4.314999999999930225e+00
1.669500000000000028e+01,0.000000000000000000e+00,0.000000000000000000e+00,4.314999999999930225e+00
1.669999999999999929e+01,0.000000000000000000e+00,0.000000000000000000e+00,4.314999999999930225e+00
1.670500000000000185e+01,0.000000000000000000e+00,0.000000000000000000e+00,4.314999999999930225e+00
1.671000000000000085e+01,0.000000000000000000e+00,0.000000000000000000e+00,4.314999999999930225e+00
1.671499999999999986e+01,0.000000000000000000e+00,0.000000000000000000e+00,4.314999999999930225e+00
1.671999999999999886e+01,0.000000000000000000e+00,0.000000000000000000e+00,4.314999999999930225e+00
1.672500000000000142e+01,0.000000000000000000e+00,0.000000000000000000e+00,4.314999999999930225e+00
1.673000000000000043e+01,0.000000000000000000e+00,0.000000000000000000e+00,4.314999999999930225e+00
1.673499999999999943e+01,0.000000000000000000e+00,0.000000000000000000e+00,4.314999999999930225e+00
1.674000000000000199e+01,0.000000000000000000e+00,0.000000000000000000e+00,4.314999999999930225e+00
1.674500000000000099e+01,0.000000000000000000e+00,0.000000000000000000e+00,4.314999999999930225e+00
1.675000000000000000e+01,0.000000000000000000e+00,0.000000000000000000e+00,4.314999999999930225e+00
1.675499999999999901e+01,0.000000000000000000e+00,0.000000000000000000e+00,4.314999999999930225e+00
1.676000000000000156e+01,0.000000000000000000e+00,0.000000000000000000e+00,4.314999999999930225e+00
1.676500000000000057e+01,0.000000000000000000e+00,0.000000000000000000e+00,4.314999999999930225e+00
1.676999999999999957e+01,0.000000000000000000e+00,0.000000000000000000e+00,4.314999999999930225e+00
1.677499999999999858e+01,0.000000000000000000e+00,0.000000000000000000e+00,4.314999999999930225e+00
1.678000000000000114e+01,0.000000000000000000e+00,0.000000000000000000e+00,4.314999999999930225e+00
1.678500000000000014e+01,0.000000000000000000e+00,0.000000000000000000e+00,4.314999999999930225e+00
1.678999999999999915e+01,0.000000000000000000e+00,0.000000000000000000e+00,4.314999999999930225e+00
1.679500000000000171e+01,0.000000000000000000e+00,0.000000000000000000e+00,4.314999999999930225e+00
1.680000000000000071e+01,0.000000000000000000e+00,0.000000000000000000e+00,4.314999999999930225e+00
1.680499999999999972e+01,0.000000000000000000e+00,0.000000000000000000e+00,4.314999999999930225e+00
1.680999999999999872e+01,0.000000000000000000e+00,0.000000000000000000e+00,4.314999999999930225e+00
1.681500000000000128e+01,0.000000000000000000e+00,0.000000000000000000e+00,4.314999999999930225e+00
1.682000000000000028e+01,0.000000000000000000e+00,0.000000000000000000e+00,4.314999999999930225e+00
1.682499999999999929e+01,0.000000000000000000e+00,0.000000000000000000e+00,4.314999999999930225e+00
1.683000000000000185e+01,0.000000000000000000e+00,0.000000000000000000e+00,4.314999999999930225e+00
1.683500000000000085e+01,0.000000000000000000e+00,0.000000000000000000e+00,4.314999999999930225e+00
1.683999999999999986e+01,0.000000000000000000e+00,0.000000000000000000e+00,4.314999999999930225e+00
1.684499999999999886e+01,0.000000000000000000e+00,0.000000000000000000e+00,4.314999999999930225e+00
1.685000000000000142e+01,0.000000000000000000e+00,0.000000000000000000e+00,4.314999999999930225e+00
1.685500000000000043e+01,0.000000000000000000e+00,0.000000000000000000e+00,4.314999999999930225e+00
1.685999999999999943e+01,0.000000000000000000e+00,0.000000000000000000e+00,4.314999999999930225e+00
1.686500000000000199e+01,0.000000000000000000e+00,0.000000000000000000e+00,4.314999999999930225e+00
1.687000000000000099e+01,0.000000000000000000e+00,0.000000000000000000e+00,4.314999999999930225e+00
1.687500000000000000e+01,0.000000000000000000e+00,0.000000000000000000e+00,4.314999999999930225e+00
1.687999999999999901e+01,0.000000000000000000e+00,0.000000000000000000e+00,4.314999999999930225e+00
1.688500000000000156e+01,0.000000000000000000e+00,0.000000000000000000e+00,4.314999999999930225e+00
1.689000000000000057e+01,0.000000000000000000e+00,0.000000000000000000e+00,4.314999999999930225e+00
1.689499999999999957e+01,0.000000000000000000e+00,0.000000000000000000e+00,4.314999999999930225e+00
1.689999999999999858e+01,0.000000000000000000e+00,0.000000000000000000e+00,4.314999999999930225e+00
1.690500000000000114e+01,0.000000000000000000e+00,0.000000000000000000e+00,4.314999999999930225e+00
1.691000000000000014e+01,0.000000000000000000e+00,0.000000000000000000e+00,4.314999999999930225e+00
1.691499999999999915e+01,0.000000000000000000e+00,0.000000000000000000e+00,4.314999999999930225e+00
1.692000000000000171e+01,0.000000000000000000e+00,0.000000000000000000e+00,4.314999999999930225e+00
1.692500000000000071e+01,0.000000000000000000e+00,0.000000000000000000e+00,4.314999999999930225e+00
1.692999999999999972e+01,0.000000000000000000e+00,0.000000000000000000e+00,4.314999999999930225e+00
1.693499999999999872e+01,0.000000000000000000e+00,0.000000000000000000e+00,4.314999999999930225e+00
1.694000000000000128e+01,0.000000000000000000e+00,0.000000000000000000e+00,4.314999999999930225e+00
1.694500000000000028e+01,0.000000000000000000e+00,0.000000000000000000e+00,4.314999999999930225e+00
1.694999999999999929e+01,0.000000000000000000e+00,0.000000000000000000e+00,4.314999999999930225e+00
1.695500000000000185e+01,0.000000000000000000e+00,0.000000000000000000e+00,4.314999999999930225e+00
1.696000000000000085e+01,0.000000000000000000e+00,0.000000000000000000e+00,4.314999999999930225e+00
1.696499999999999986e+01,0.000000000000000000e+00,0.000000000000000000e+00,4.314999999999930225e+00
1.696999999999999886e+01,0.000000000000000000e+00,0.000000000000000000e+00,4.314999999999930225e+00
1.697500000000000142e+01,0.000000000000000000e+00,0.000000000000000000e+00,4.314999999999930225e+00
1.698000000000000043e+01,0.000000000000000000e+00,0.000000000000000000e+00,4.314999999999930225e+00
1.698499999999999943e+01,0.000000000000000000e+00,0.000000000000000000e+00,4.314999999999930225e+00
1.699000000000000199e+01,0.000000000000000000e+00,0.000000000000000000e+00,4.314999999999930225e+00
1.699500000000000099e+01,0.000000000000000000e+00,0.000000000000000000e+00,4.314999999999930225e+00
1.700000000000000000e+01,0.000000000000000000e+00,0.000000000000000000e+00,4.314999999999930225e+00
1.700499999999999901e+01,0.000000000000000000e+00,0.000000000000000000e+00,4.314999999999930225e+00
1.701000000000000156e+01,0.000000000000000000e+00,0.000000000000000000e+00,4.314999999999930225e+00
1.701500000000000057e+01,0.000000000000000000e+00,0.000000000000000000e+00,4.314999999999930225e+00
1.701999999999999957e+01,0.000000000000000000e+00,0.000000000000000000e+00,4.314999999999930225e+00
1.702499999999999858e+01,0.000000000000000000e+00,0.000000000000000000e+00,4.314999999999930225e+00
1.703000000000000114e+01,0.000000000000000000e+00,0.000000000000000000e+00,4.314999999999930225e+00
1.703500000000000014e+01,0.000000000000000000e+00,0.000000000000000000e+00,4.314999999999930225e+00
1.703999999999999915e+01,0.000000000000000000e+00,0.000000000000000000e+00,4.314999999999930225e+00
1.704500000000000171e+01,0.000000000000000000e+00,0.000000000000000000e+00,4.314999999999930225e+00
1.705000000000000071e+01,0.000000000000000000e+00,0.000000000000000000e+00,4.314999999999930225e+00
1.705499999999999972e+01,0.000000000000000000e+00,0.000000000000000000e+00,4.314999999999930225e+00
1.705999999999999872e+01,0.000000000000000000e+00,0.000000000000000000e+00,4.314999999999930225e+00
1.706500000000000128e+01,0.000000000000000000e+00,0.000000000000000000e+00,4.314999999999930225e+00
1.707000000000000028e+01,0.000000000000000000e+00,0.000000000000000000e+00,4.314999999999930225e+00
1.707499999999999929e+01,0.000000000000000000e+00,0.000000000000000000e+00,4.314999999999930225e+00
1.708000000000000185e+01,0.000000000000000000e+00,0.000000000000000000e+00,4.314999999999930225e+00
1.708500000000000085e+01,0.000000000000000000e+00,0.000000000000000000e+00,4.314999999999930225e+00
1.708999999999999986e+01,0.000000000000000000e+00,0.000000000000000000e+00,4.314999999999930225e+00
1.709499999999999886e+01,0.000000000000000000e+00,0.000000000000000000e+00,4.314999999999930225e+00
1.710000000000000142e+01,0.000000000000000000e+00,0.000000000000000000e+00,4.314999999999930225e+00
1.710500000000000043e+01,0.000000000000000000e+00,0.000000000000000000e+00,4.314999999999930225e+00
1.710999999999999943e+01,0.000000000000000000e+00,0.000000000000000000e+00,4.314999999999930225e+00
1.711500000000000199e+01,0.000000000000000000e+00,0.000000000000000000e+00,4.314999999999930225e+00
1.712000000000000099e+01,0.000000000000000000e+00,0.000000000000000000e+00,4.314999999999930225e+00
1.712500000000000000e+01,0.000000000000000000e+00,0.000000000000000000e+00,4.314999999999930225e+00
1.712999999999999901e+01,0.000000000000000000e+00,0.000000000000000000e+00,4.314999999999930225e+00
1.713500000000000156e+01,0.000000000000000000e+00,0.000000000000000000e+00,4.314999999999930225e+00
1.714000000000000057e+01,0.000000000000000000e+00,0.000000000000000000e+00,4.314999999999930225e+00
1.714499999999999957e+01,0.000000000000000000e+00,0.000000000000000000e+00,4.314999999999930225e+00
1.715000000000000213e+01,0.000000000000000000e+00,0.000000000000000000e+00,4.314999999999930225e+00
1.715500000000000114e+01,0.000000000000000000e+00,0.000000000000000000e+00,4.314999999999930225e+00
1.716000000000000014e+01,0.000000000000000000e+00,0.000000000000000000e+00,4.314999999999930225e+00
1.716499999999999915e+01,0.000000000000000000e+00,0.000000000000000000e+00,4.314999999999930225e+00
1.717000000000000171e+01,0.000000000000000000e+00,0.000000000000000000e+00,4.314999999999930225e+00
1.717500000000000071e+01,0.000000000000000000e+00,0.000000000000000000e+00,4.314999999999930225e+00
1.717999999999999972e+01,0.000000000000000000e+00,0.000000000000000000e+00,4.314999999999930225e+00
1.718499999999999872e+01,0.000000000000000000e+00,0.000000000000000000e+00,4.314999999999930225e+00
1.719000000000000128e+01,0.000000000000000000e+00,0.000000000000000000e+00,4.314999999999930225e+00
1.719500000000000028e+01,0.000000000000000000e+00,0.000000000000000000e+00,4.314999999999930225e+00
1.719999999999999929e+01,0.000000000000000000e+00,0.000000000000000000e+00,4.314999999999930225e+00
1.720500000000000185e+01,0.000000000000000000e+00,0.000000000000000000e+00,4.314999999999930225e+00
1.721000000000000085e+01,0.000000000000000000e+00,0.000000000000000000e+00,4.314999999999930225e+00
1.721499999999999986e+01,0.000000000000000000e+00,0.000000000000000000e+00,4.314999999999930225e+00
1.721999999999999886e+01,0.000000000000000000e+00,0.000000000000000000e+00,4.314999999999930225e+00
1.722500000000000142e+01,0.000000000000000000e+00,0.000000000000000000e+00,4.314999999999930225e+00
1.723000000000000043e+01,0.000000000000000000e+00,0.000000000000000000e+00,4.314999999999930225e+00
1.723499999999999943e+01,0.000000000000000000e+00,0.000000000000000000e+00,4.314999999999930225e+00
1.724000000000000199e+01,0.000000000000000000e+00,0.000000000000000000e+00,4.314999999999930225e+00
1.724500000000000099e+01,0.000000000000000000e+00,0.000000000000000000e+00,4.314999999999930225e+00
1.725000000000000000e+01,0.000000000000000000e+00,0.000000000000000000e+00,4.314999999999930225e+00
1.725499999999999901e+01,0.000000000000000000e+00,0.000000000000000000e+00,4.314999999999930225e+00
1.726000000000000156e+01,0.000000000000000000e+00,0.000000000000000000e+00,4.314999999999930225e+00
1.726500000000000057e+01,0.000000000000000000e+00,0.000000000000000000e+00,4.314999999999930225e+00
1.726999999999999957e+01,0.000000000000000000e+00,0.000000000000000000e+00,4.314999999999930225e+00
1.727500000000000213e+01,0.000000000000000000e+00,0.000000000000000000e+00,4.314999999999930225e+00
1.728000000000000114e+01,0.000000000000000000e+00,0.000000000000000000e+00,4.314999999999930225e+00
1.728500000000000014e+01,0.000000000000000000e+00,0.000000000000000000e+00,4.314999999999930225e+00
1.728999999999999915e+01,0.000000000000000000e+00,0.000000000000000000e+00,4.314999999999930225e+00
1.729500000000000171e+01,0.000000000000000000e+00,0.000000000000000000e+00,4.314999999999930225e+00
1.730000000000000071e+01,0.000000000000000000e+00,0.000000000000000000e+00,4.314999999999930225e+00
1.730499999999999972e+01,0.000000000000000000e+00,0.000000000000000000e+00,4.314999999999930225e+00
1.730999999999999872e+01,0.000000000000000000e+00,0.000000000000000000e+00,4.314999999999930225e+00
1.731500000000000128e+01,0.000000000000000000e+00,0.000000000000000000e+00,4.314999999999930225e+00
1.732000000000000028e+01,0.000000000000000000e+00,0.000000000000000000e+00,4.314999999999930225e+00
1.732499999999999929e+01,0.000000000000000000e+00,0.000000000000000000e+00,4.314999999999930225e+00
1.733000000000000185e+01,0.000000000000000000e+00,0.000000000000000000e+00,4.314999999999930225e+00
1.733500000000000085e+01,0.000000000000000000e+00,0.000000000000000000e+00,4.314999999999930225e+00
1.733999999999999986e+01,0.000000000000000000e+00,0.000000000000000000e+00,4.314999999999930225e+00
1.734499999999999886e+01,0.000000000000000000e+00,0.000000000000000000e+00,4.314999999999930225e+00
1.735000000000000142e+01,0.000000000000000000e+00,0.000000000000000000e+00,4.314999999999930225e+00
1.735500000000000043e+01,0.000000000000000000e+00,0.000000000000000000e+00,4.314999999999930225e+00
1.735999999999999943e+01,0.000000000000000000e+00,0.000000000000000000e+00,4.314999999999930225e+00
1.736500000000000199e+01,0.000000000000000000e+00,0.000000000000000000e+00,4.314999999999930225e+00
1.737000000000000099e+01,0.000000000000000000e+00,0.000000000000000000e+00,4.314999999999930225e+00
1.737500000000000000e+01,0.000000000000000000e+00,0.000000000000000000e+00,4.314999999999930225e+00
1.737999999999999901e+01,0.000000000000000000e+00,0.000000000000000000e+00,4.314999999999930225e+00
1.738500000000000156e+01,0.000000000000000000e+00,0.000000000000000000e+00,4.314999999999930225e+00
1.739000000000000057e+01,0.000000000000000000e+00,0.000000000000000000e+00,4.314999999999930225e+00
1.739499999999999957e+01,0.000000000000000000e+00,0.000000000000000000e+00,4.314999999999930225e+00
1.740000000000000213e+01,0.000000000000000000e+00,0.000000000000000000e+00,4.314999999999930225e+00
1.740500000000000114e+01,0.000000000000000000e+00,0.000000000000000000e+00,4.314999999999930225e+00
1.741000000000000014e+01,0.000000000000000000e+00,0.000000000000000000e+00,4.314999999999930225e+00
1.741499999999999915e+01,0.000000000000000000e+00,0.000000000000000000e+00,4.314999999999930225e+00
1.742000000000000171e+01,0.000000000000000000e+00,0.000000000000000000e+00,4.314999999999930225e+00
1.742500000000000071e+01,0.000000000000000000e+00,0.000000000000000000e+00,4.314999999999930225e+00
1.742999999999999972e+01,0.000000000000000000e+00,0.000000000000000000e+00,4.314999999999930225e+00
1.743499999999999872e+01,0.000000000000000000e+00,0.000000000000000000e+00,4.314999999999930225e+00
1.744000000000000128e+01,0.000000000000000000e+00,0.000000000000000000e+00,4.314999999999930225e+00
1.744500000000000028e+01,0.000000000000000000e+00,0.000000000000000000e+00,4.314999999999930225e+00
1.744999999999999929e+01,0.000000000000000000e+00,0.000000000000000000e+00,4.314999999999930225e+00
1.745500000000000185e+01,0.000000000000000000e+00,0.000000000000000000e+00,4.314999999999930225e+00
1.746000000000000085e+01,0.000000000000000000e+00,0.000000000000000000e+00,4.314999999999930225e+00
1.746499999999999986e+01,0.000000000000000000e+00,0.000000000000000000e+00,4.314999999999930225e+00
1.746999999999999886e+01,0.000000000000000000e+00,0.000000000000000000e+00,4.314999999999930225e+00
1.747500000000000142e+01,0.000000000000000000e+00,0.000000000000000000e+00,4.314999999999930225e+00
1.748000000000000043e+01,0.000000000000000000e+00,0.000000000000000000e+00,4.314999999999930225e+00
1.748499999999999943e+01,0.000000000000000000e+00,0.000000000000000000e+00,4.314999999999930225e+00
1.749000000000000199e+01,0.000000000000000000e+00,0.000000000000000000e+00,4.314999999999930225e+00
1.749500000000000099e+01,0.000000000000000000e+00,0.000000000000000000e+00,4.314999999999930225e+00
1.750000000000000000e+01,0.000000000000000000e+00,0.000000000000000000e+00,4.314999999999930225e+00
1.750499999999999901e+01,0.000000000000000000e+00,0.000000000000000000e+00,4.314999999999930225e+00
1.751000000000000156e+01,0.000000000000000000e+00,0.000000000000000000e+00,4.314999999999930225e+00
1.751500000000000057e+01,0.000000000000000000e+00,0.000000000000000000e+00,4.314999999999930225e+00
1.751999999999999957e+01,0.000000000000000000e+00,0.000000000000000000e+00,4.314999999999930225e+00
1.752500000000000213e+01,0.000000000000000000e+00,0.000000000000000000e+00,4.314999999999930225e+00
1.753000000000000114e+01,0.000000000000000000e+00,0.000000000000000000e+00,4.314999999999930225e+00
1.753500000000000014e+01,0.000000000000000000e+00,0.000000000000000000e+00,4.314999999999930225e+00
1.753999999999999915e+01,0.000000000000000000e+00,0.000000000000000000e+00,4.314999999999930225e+00
1.754500000000000171e+01,0.000000000000000000e+00,0.000000000000000000e+00,4.314999999999930225e+00
1.755000000000000071e+01,0.000000000000000000e+00,0.000000000000000000e+00,4.314999999999930225e+00
1.755499999999999972e+01,0.000000000000000000e+00,0.000000000000000000e+00,4.314999999999930225e+00
1.755999999999999872e+01,0.000000000000000000e+00,0.000000000000000000e+00,4.314999999999930225e+00
1.756500000000000128e+01,0.000000000000000000e+00,0.000000000000000000e+00,4.314999999999930225e+00
1.757000000000000028e+01,0.000000000000000000e+00,0.000000000000000000e+00,4.314999999999930225e+00
1.757499999999999929e+01,0.000000000000000000e+00,0.000000000000000000e+00,4.314999999999930225e+00
1.758000000000000185e+01,0.000000000000000000e+00,0.000000000000000000e+00,4.314999999999930225e+00
1.758500000000000085e+01,0.000000000000000000e+00,0.000000000000000000e+00,4.314999999999930225e+00
1.758999999999999986e+01,0.000000000000000000e+00,0.000000000000000000e+00,4.314999999999930225e+00
1.759499999999999886e+01,0.000000000000000000e+00,0.000000000000000000e+00,4.314999999999930225e+00
1.760000000000000142e+01,0.000000000000000000e+00,0.000000000000000000e+00,4.314999999999930225e+00
1.760500000000000043e+01,0.000000000000000000e+00,0.000000000000000000e+00,4.314999999999930225e+00
1.760999999999999943e+01,0.000000000000000000e+00,0.000000000000000000e+00,4.314999999999930225e+00
1.761500000000000199e+01,0.000000000000000000e+00,0.000000000000000000e+00,4.314999999999930225e+00
1.762000000000000099e+01,0.000000000000000000e+00,0.000000000000000000e+00,4.314999999999930225e+00
1.762500000000000000e+01,0.000000000000000000e+00,0.000000000000000000e+00,4.314999999999930225e+00
1.762999999999999901e+01,0.000000000000000000e+00,0.000000000000000000e+00,4.314999999999930225e+00
1.763500000000000156e+01,0.000000000000000000e+00,0.000000000000000000e+00,4.314999999999930225e+00
1.764000000000000057e+01,0.000000000000000000e+00,0.000000000000000000e+00,4.314999999999930225e+00
1.764499999999999957e+01,0.000000000000000000e+00,0.000000000000000000e+00,4.314999999999930225e+00
1.765000000000000213e+01,0.000000000000000000e+00,0.000000000000000000e+00,4.314999999999930225e+00
1.765500000000000114e+01,0.000000000000000000e+00,0.000000000000000000e+00,4.314999999999930225e+00
1.766000000000000014e+01,0.000000000000000000e+00,0.000000000000000000e+00,4.314999999999930225e+00
1.766499999999999915e+01,0.000000000000000000e+00,0.000000000000000000e+00,4.314999999999930225e+00
1.767000000000000171e+01,0.000000000000000000e+00,0.000000000000000000e+00,4.314999999999930225e+00
1.767500000000000071e+01,0.000000000000000000e+00,0.000000000000000000e+00,4.314999999999930225e+00
1.767999999999999972e+01,0.000000000000000000e+00,0.000000000000000000e+00,4.314999999999930225e+00
1.768499999999999872e+01,0.000000000000000000e+00,0.000000000000000000e+00,4.314999999999930225e+00
1.769000000000000128e+01,0.000000000000000000e+00,0.000000000000000000e+00,4.314999999999930225e+00
1.769500000000000028e+01,0.000000000000000000e+00,0.000000000000000000e+00,4.314999999999930225e+00
1.769999999999999929e+01,0.000000000000000000e+00,0.000000000000000000e+00,4.314999999999930225e+00
1.770500000000000185e+01,0.000000000000000000e+00,0.000000000000000000e+00,4.314999999999930225e+00
1.771000000000000085e+01,0.000000000000000000e+00,0.000000000000000000e+00,4.314999999999930225e+00
1.771499999999999986e+01,0.000000000000000000e+00,0.000000000000000000e+00,4.314999999999930225e+00
1.771999999999999886e+01,0.000000000000000000e+00,0.000000000000000000e+00,4.314999999999930225e+00
1.772500000000000142e+01,0.000000000000000000e+00,0.000000000000000000e+00,4.314999999999930225e+00
1.773000000000000043e+01,0.000000000000000000e+00,0.000000000000000000e+00,4.314999999999930225e+00
1.773499999999999943e+01,0.000000000000000000e+00,0.000000000000000000e+00,4.314999999999930225e+00
1.774000000000000199e+01,0.000000000000000000e+00,0.000000000000000000e+00,4.314999999999930225e+00
1.774500000000000099e+01,0.000000000000000000e+00,0.000000000000000000e+00,4.314999999999930225e+00
1.775000000000000000e+01,0.000000000000000000e+00,0.000000000000000000e+00,4.314999999999930225e+00
1.775499999999999901e+01,0.000000000000000000e+00,0.000000000000000000e+00,4.314999999999930225e+00
1.776000000000000156e+01,0.000000000000000000e+00,0.000000000000000000e+00,4.314999999999930225e+00
1.776500000000000057e+01,0.000000000000000000e+00,0.000000000000000000e+00,4.314999999999930225e+00
1.776999999999999957e+01,0.000000000000000000e+00,0.000000000000000000e+00,4.314999999999930225e+00
1.777500000000000213e+01,0.000000000000000000e+00,0.000000000000000000e+00,4.314999999999930225e+00
1.778000000000000114e+01,0.000000000000000000e+00,0.000000000000000000e+00,4.314999999999930225e+00
1.778500000000000014e+01,0.000000000000000000e+00,0.000000000000000000e+00,4.314999999999930225e+00
1.778999999999999915e+01,0.000000000000000000e+00,0.000000000000000000e+00,4.314999999999930225e+00
1.779500000000000171e+01,0.000000000000000000e+00,0.000000000000000000e+00,4.314999999999930225e+00
1.780000000000000071e+01,0.000000000000000000e+00,0.000000000000000000e+00,4.314999999999930225e+00
1.780499999999999972e+01,0.000000000000000000e+00,0.000000000000000000e+00,4.314999999999930225e+00
1.780999999999999872e+01,0.000000000000000000e+00,0.000000000000000000e+00,4.314999999999930225e+00
1.781500000000000128e+01,0.000000000000000000e+00,0.000000000000000000e+00,4.314999999999930225e+00
1.782000000000000028e+01,0.000000000000000000e+00,0.000000000000000000e+00,4.314999999999930225e+00
1.782499999999999929e+01,0.000000000000000000e+00,0.000000000000000000e+00,4.314999999999930225e+00
1.783000000000000185e+01,0.000000000000000000e+00,0.000000000000000000e+00,4.314999999999930225e+00
1.783500000000000085e+01,0.000000000000000000e+00,0.000000000000000000e+00,4.314999999999930225e+00
1.783999999999999986e+01,0.000000000000000000e+00,0.000000000000000000e+00,4.314999999999930225e+00
1.784499999999999886e+01,0.000000000000000000e+00,0.000000000000000000e+00,4.314999999999930225e+00
1.785000000000000142e+01,0.000000000000000000e+00,0.000000000000000000e+00,4.314999999999930225e+00
1.785500000000000043e+01,0.000000000000000000e+00,0.000000000000000000e+00,4.314999999999930225e+00
1.785999999999999943e+01,0.000000000000000000e+00,0.000000000000000000e+00,4.314999999999930225e+00
1.786500000000000199e+01,0.000000000000000000e+00,0.000000000000000000e+00,4.314999999999930225e+00
1.787000000000000099e+01,0.000000000000000000e+00,0.000000000000000000e+00,4.314999999999930225e+00
1.787500000000000000e+01,0.000000000000000000e+00,0.000000000000000000e+00,4.314999999999930225e+00
1.787999999999999901e+01,0.000000000000000000e+00,0.000000000000000000e+00,4.314999999999930225e+00
1.788500000000000156e+01,0.000000000000000000e+00,0.000000000000000000e+00,4.314999999999930225e+00
1.789000000000000057e+01,0.000000000000000000e+00,0.000000000000000000e+00,4.314999999999930225e+00
1.789499999999999957e+01,0.000000000000000000e+00,0.000000000000000000e+00,4.314999999999930225e+00
1.790000000000000213e+01,0.000000000000000000e+00,0.000000000000000000e+00,4.314999999999930225e+00
1.790500000000000114e+01,0.000000000000000000e+00,0.000000000000000000e+00,4.314999999999930225e+00
1.791000000000000014e+01,0.000000000000000000e+00,0.000000000000000000e+00,4.314999999999930225e+00
1.791499999999999915e+01,0.000000000000000000e+00,0.000000000000000000e+00,4.314999999999930225e+00
1.792000000000000171e+01,0.000000000000000000e+00,0.000000000000000000e+00,4.314999999999930225e+00
1.792500000000000071e+01,0.000000000000000000e+00,0.000000000000000000e+00,4.314999999999930225e+00
1.792999999999999972e+01,0.000000000000000000e+00,0.000000000000000000e+00,4.314999999999930225e+00
1.793499999999999872e+01,0.000000000000000000e+00,0.000000000000000000e+00,4.314999999999930225e+00
1.794000000000000128e+01,0.000000000000000000e+00,0.000000000000000000e+00,4.314999999999930225e+00
1.794500000000000028e+01,0.000000000000000000e+00,0.000000000000000000e+00,4.314999999999930225e+00
1.794999999999999929e+01,0.000000000000000000e+00,0.000000000000000000e+00,4.314999999999930225e+00
1.795500000000000185e+01,0.000000000000000000e+00,0.000000000000000000e+00,4.314999999999930225e+00
1.796000000000000085e+01,0.000000000000000000e+00,0.000000000000000000e+00,4.314999999999930225e+00
1.796499999999999986e+01,0.000000000000000000e+00,0.000000000000000000e+00,4.314999999999930225e+00
1.796999999999999886e+01,0.000000000000000000e+00,0.000000000000000000e+00,4.314999999999930225e+00
1.797500000000000142e+01,0.000000000000000000e+00,0.000000000000000000e+00,4.314999999999930225e+00
1.798000000000000043e+01,0.000000000000000000e+00,0.000000000000000000e+00,4.314999999999930225e+00
1.798499999999999943e+01,0.000000000000000000e+00,0.000000000000000000e+00,4.314999999999930225e+00
1.799000000000000199e+01,0.000000000000000000e+00,0.000000000000000000e+00,4.314999999999930225e+00
1.799500000000000099e+01,0.000000000000000000e+00,0.000000000000000000e+00,4.314999999999930225e+00
1.800000000000000000e+01,0.000000000000000000e+00,0.000000000000000000e+00,4.314999999999930225e+00
