length,probability_a,probability_b,optimal_lipschitz_function
0.000000000000000000e+00,1.286753209205514683e-27,3.481285712330539819e-127,0.000000000000000000e+00
1.000000000000000021e-02,7.164101730406184153e-28,1.120599242294857768e-124,1.000000000000000021e-02
2.000000000000000042e-02,1.795216060430992276e-27,1.802025607443501048e-122,2.000000000000000042e-02
2.999999999999999889e-02,1.192819559731677731e-27,1.930238794899869509e-120,2.999999999999999889e-02
4.000000000000000083e-02,4.359834186428624253e-27,1.549365304383112725e-118,4.000000000000000083e-02
5.000000000000000278e-02,7.005884671410152913e-28,9.940741347969918466e-117,5.000000000000000278e-02
5.999999999999999778e-02,5.938333162772790630e-27,5.310499614173298543e-115,6.000000000000000472e-02
7.000000000000000666e-02,1.393266331735552465e-27,2.429622704875669577e-113,7.000000000000000666e-02
8.000000000000000167e-02,3.435155812114077087e-27,9.718174978330778486e-112,8.000000000000000167e-02
8.999999999999999667e-02,4.709293841489108059e-28,3.452336871576171377e-110,8.999999999999999667e-02
1.000000000000000056e-01,2.220453839862565825e-28,1.102858906204305185e-108,9.999999999999999167e-02
1.100000000000000006e-01,1.914038077136059617e-27,3.200152036569243615e-107,1.099999999999999867e-01
1.199999999999999956e-01,2.021529063748810512e-27,8.504915222868900960e-106,1.199999999999999817e-01
1.300000000000000044e-01,2.329427594734134131e-28,2.084708161283334391e-104,1.299999999999999767e-01
1.400000000000000133e-01,1.154581611228594975e-27,4.741050623077078886e-103,1.399999999999999856e-01
1.499999999999999944e-01,3.505522726773184511e-27,1.005495544973947071e-101,1.499999999999999944e-01
1.600000000000000033e-01,2.145395247819317990e-27,1.997547722694149514e-100,1.600000000000000033e-01
1.700000000000000122e-01,6.835951950673320352e-27,3.731866833742652511e-99,1.700000000000000122e-01
1.799999999999999933e-01,2.643749552836415907e-27,6.579200929629999097e-98,1.800000000000000211e-01
1.900000000000000022e-01,1.155772322984399513e-27,1.097947076797486938e-96,1.900000000000000300e-01
2.000000000000000111e-01,5.249273097135162121e-28,1.739227238000778062e-95,2.000000000000000389e-01
2.099999999999999922e-01,2.219251171840149463e-27,2.621716502210193333e-94,2.100000000000000477e-01
2.200000000000000011e-01,1.752539534135996722e-27,3.769261204826541840e-93,2.200000000000000566e-01
2.300000000000000100e-01,4.811404875112509109e-28,5.179249048570063096e-92,2.300000000000000655e-01
2.399999999999999911e-01,2.754229239724305926e-27,6.814592212636279001e-91,2.400000000000000744e-01
2.500000000000000000e-01,1.364136109121526353e-28,8.600640984783223154e-90,2.500000000000000555e-01
2.600000000000000089e-01,2.138394399862074710e-27,1.042883447940983181e-88,2.600000000000000644e-01
2.700000000000000178e-01,2.238309003390745142e-27,1.216741643521299631e-87,2.700000000000000733e-01
2.800000000000000266e-01,2.351350933812686970e-27,1.367777548178749645e-86,2.800000000000000822e-01
2.899999999999999800e-01,6.002379447076957655e-28,1.483344680735277837e-85,2.900000000000000910e-01
2.999999999999999889e-01,6.410250062358931086e-28,1.553801773798011637e-84,3.000000000000000999e-01
3.099999999999999978e-01,3.856354831012698111e-27,1.573836441527097512e-83,3.100000000000001088e-01
3.200000000000000067e-01,3.480000139961015100e-27,1.543074484206738010e-82,3.200000000000001177e-01
3.300000000000000155e-01,1.328514472994461209e-27,1.465893833406814470e-81,3.300000000000001266e-01
3.400000000000000244e-01,2.701929710396419084e-28,1.350536005540422288e-80,3.400000000000001354e-01
3.500000000000000333e-01,2.551759596426703109e-28,1.207742607374607653e-79,3.500000000000001443e-01
3.599999999999999867e-01,9.360790823853400621e-28,1.049210312083873515e-78,3.600000000000001532e-01
3.699999999999999956e-01,4.790684480362750430e-28,8.861486610914956676e-78,3.700000000000001621e-01
3.800000000000000044e-01,3.697120959315054996e-27,7.281561817926936498e-77,3.800000000000001710e-01
3.900000000000000133e-01,4.223021817440298028e-27,5.825295669504871646e-76,3.900000000000001799e-01
4.000000000000000222e-01,2.748828866469066403e-27,4.540181376953473354e-75,4.000000000000001887e-01
4.100000000000000311e-01,1.821839808874274984e-27,3.449549972924867347e-74,4.100000000000001976e-01
4.199999999999999845e-01,7.766716851658672554e-28,2.556494187909902336e-73,4.200000000000002065e-01
4.299999999999999933e-01,6.840762779547721953e-28,1.849129245842989901e-72,4.300000000000002154e-01
4.400000000000000022e-01,4.927262709190071989e-27,1.306066969854367919e-71,4.400000000000002243e-01
4.500000000000000111e-01,7.636904792316512642e-29,9.012897180498579255e-71,4.500000000000002331e-01
4.600000000000000200e-01,7.306033597429496692e-27,6.079661264103457786e-70,4.600000000000002420e-01
4.700000000000000289e-01,1.463751467767364049e-27,4.010664369018473714e-69,4.700000000000002509e-01
4.799999999999999822e-01,8.410753058787430561e-27,2.588645358328900594e-68,4.800000000000002598e-01
4.899999999999999911e-01,1.076097263211322302e-27,1.635450148966300572e-67,4.900000000000002687e-01
5.000000000000000000e-01,1.016400915109151419e-27,1.011794185431478590e-66,5.000000000000002220e-01
5.100000000000000089e-01,6.177935152453810824e-29,6.132133376158141106e-66,5.100000000000002309e-01
5.200000000000000178e-01,2.219072775822173251e-27,3.642195303295110809e-65,5.200000000000002398e-01
5.300000000000000266e-01,3.596423481157574229e-30,2.120842452936513965e-64,5.300000000000002487e-01
5.400000000000000355e-01,1.518055207337761036e-26,1.211162553869313732e-63,5.400000000000002576e-01
5.500000000000000444e-01,1.037099468077426487e-27,6.785704487959501729e-63,5.500000000000002665e-01
5.600000000000000533e-01,2.619675731725015310e-27,3.731042466309596046e-62,5.600000000000002753e-01
5.700000000000000622e-01,1.098338582831227061e-27,2.013943862078940340e-61,5.700000000000002842e-01
5.799999999999999600e-01,2.428353860771498119e-27,1.067531760655325737e-60,5.800000000000002931e-01
5.899999999999999689e-01,2.276872128567382547e-27,5.558534545716459796e-60,5.900000000000003020e-01
5.999999999999999778e-01,1.054912820096016185e-27,2.843880318796396864e-59,6.000000000000003109e-01
6.099999999999999867e-01,3.774594814630013452e-28,1.430062899736038224e-58,6.100000000000003197e-01
6.199999999999999956e-01,4.230540288984281745e-27,7.069833259307747916e-58,6.200000000000003286e-01
6.300000000000000044e-01,1.143410374701538258e-28,3.437059591108359039e-57,6.300000000000003375e-01
6.400000000000000133e-01,4.590251229311565289e-28,1.643610486871510772e-56,6.400000000000003464e-01
6.500000000000000222e-01,3.465458728896354229e-27,7.733060221130932645e-56,6.500000000000003553e-01
6.600000000000000311e-01,1.481235213786035488e-27,3.580535502413245063e-55,6.600000000000003642e-01
6.700000000000000400e-01,1.960262366730047216e-27,1.631883089972230678e-54,6.700000000000003730e-01
6.800000000000000488e-01,2.056959433187291364e-27,7.322712307571957357e-54,6.800000000000003819e-01
6.900000000000000577e-01,3.916812798848352480e-27,3.235872141847665154e-53,6.900000000000003908e-01
7.000000000000000666e-01,1.999583978559458651e-27,1.408442299043539408e-52,7.000000000000003997e-01
7.099999999999999645e-01,8.552174088207757591e-28,6.039547141635334150e-52,7.100000000000004086e-01
7.199999999999999734e-01,5.050586712551165476e-27,2.551961415455959034e-51,7.200000000000004174e-01
7.299999999999999822e-01,1.850175793617750742e-27,1.062753804336012346e-50,7.300000000000004263e-01
7.399999999999999911e-01,9.148817832380250558e-27,4.362768926705567351e-50,7.400000000000004352e-01
7.500000000000000000e-01,8.655291731733716476e-28,1.765804766902519031e-49,7.500000000000004441e-01
7.600000000000000089e-01,3.131076213450006277e-27,7.047773499274990199e-49,7.600000000000004530e-01
7.700000000000000178e-01,1.676522216399921692e-27,2.774379073459848023e-48,7.700000000000004619e-01
7.800000000000000266e-01,1.435140669735812348e-28,1.077353324136803106e-47,7.800000000000004707e-01
7.900000000000000355e-01,9.547612675169237892e-29,4.127632505182799503e-47,7.900000000000004796e-01
8.000000000000000444e-01,4.122845577729793078e-27,1.560503055402898911e-46,8.000000000000004885e-01
8.100000000000000533e-01,9.567375973402069131e-28,5.822606529580702852e-46,8.100000000000004974e-01
8.200000000000000622e-01,2.242046456482735078e-27,2.144501253363442698e-45,8.200000000000005063e-01
8.300000000000000711e-01,1.359718531064493887e-27,7.797518643979316043e-45,8.300000000000005151e-01
8.399999999999999689e-01,6.810284726562426029e-28,2.799441914198374015e-44,8.400000000000005240e-01
8.499999999999999778e-01,8.845467802207372007e-29,9.925070313291955707e-44,8.500000000000005329e-01
8.599999999999999867e-01,4.917325720306144237e-27,3.475389985977256675e-43,8.600000000000005418e-01
8.699999999999999956e-01,4.223514611356904012e-27,1.202100167587277919e-42,8.700000000000005507e-01
8.800000000000000044e-01,4.646134198065892528e-27,4.107739763164067955e-42,8.800000000000005596e-01
8.900000000000000133e-01,1.986379817267826392e-27,1.386906017686062901e-41,8.900000000000005684e-01
9.000000000000000222e-01,1.383389163035160100e-27,4.627308216702649463e-41,9.000000000000005773e-01
9.100000000000000311e-01,3.740131719747928558e-28,1.525813079933032679e-40,9.100000000000005862e-01
9.200000000000000400e-01,6.935908202251761659e-28,4.973003901281043095e-40,9.200000000000005951e-01
9.300000000000000488e-01,3.024334847415861136e-28,1.602259082384080356e-39,9.300000000000006040e-01
9.400000000000000577e-01,5.657235909160532964e-28,5.103803848237080098e-39,9.400000000000006128e-01
9.500000000000000666e-01,2.371430131457098956e-27,1.607504691557336864e-38,9.500000000000006217e-01
9.599999999999999645e-01,3.326129023094372851e-29,5.006754341140765995e-38,9.600000000000006306e-01
9.699999999999999734e-01,1.920930743758082272e-27,1.542246510037667640e-37,9.700000000000006395e-01
9.799999999999999822e-01,1.344111972119077305e-27,4.698849539904963206e-37,9.800000000000006484e-01
9.899999999999999911e-01,1.036775708795415780e-27,1.416169778896860037e-36,9.900000000000006573e-01
1.000000000000000000e+00,2.751639180096820932e-27,4.222503773957074154e-36,1.000000000000000666e+00
1.010000000000000009e+00,8.814181788451307661e-28,1.245660597584053496e-35,1.010000000000000675e+00
1.020000000000000018e+00,9.406997536077389220e-28,3.636197991967632268e-35,1.020000000000000684e+00
1.030000000000000027e+00,1.490999344971197193e-28,1.050402527196778031e-34,1.030000000000000693e+00
1.040000000000000036e+00,1.061148722697807398e-27,3.003073415655871324e-34,1.040000000000000702e+00
1.050000000000000044e+00,3.129609712712261117e-28,8.498041111515493566e-34,1.050000000000000711e+00
1.060000000000000053e+00,1.281002105066011823e-27,2.380424218671396657e-33,1.060000000000000719e+00
1.070000000000000062e+00,2.394224452617574860e-27,6.601030994513830696e-33,1.070000000000000728e+00
1.080000000000000071e+00,1.498701838076064373e-27,1.812297815954743104e-32,1.080000000000000737e+00
1.090000000000000080e+00,2.587161642622437364e-27,4.926580097855236456e-32,1.090000000000000746e+00
1.100000000000000089e+00,2.744070397391519703e-27,1.326162781021603129e-31,1.100000000000000755e+00
1.110000000000000098e+00,9.513715664556898916e-28,3.535247996711331252e-31,1.110000000000000764e+00
1.120000000000000107e+00,1.382990327377612206e-27,9.333628422719879087e-31,1.120000000000000773e+00
1.130000000000000115e+00,3.448322041737954327e-28,2.440753294965835961e-30,1.130000000000000782e+00
1.140000000000000124e+00,3.270591297174797691e-27,6.322292502453303065e-30,1.140000000000000790e+00
1.150000000000000133e+00,1.460109270176149574e-27,1.622320221564063464e-29,1.150000000000000799e+00
1.159999999999999920e+00,1.624081666093676009e-27,4.124233699849220333e-29,1.160000000000000808e+00
1.169999999999999929e+00,1.487821151424410964e-27,1.038789296068150581e-28,1.170000000000000817e+00
1.179999999999999938e+00,2.756088678574659511e-27,2.592516049456967612e-28,1.180000000000000826e+00
1.189999999999999947e+00,2.604086366500892726e-28,6.411460432196402638e-28,1.190000000000000835e+00
1.199999999999999956e+00,2.703368781006723826e-28,1.571322091629856043e-27,1.200000000000000844e+00
1.209999999999999964e+00,8.476342374959056585e-28,3.816602273293295107e-27,1.210000000000000853e+00
1.219999999999999973e+00,1.599098484503401541e-27,9.188026377510622082e-27,1.220000000000000862e+00
1.229999999999999982e+00,6.321148009782995440e-28,2.192456160301299723e-26,1.230000000000000870e+00
1.239999999999999991e+00,4.748351074636225931e-28,5.185996266876279726e-26,1.240000000000000879e+00
1.250000000000000000e+00,6.492886429394271590e-27,1.216059586754356168e-25,1.250000000000000888e+00
1.260000000000000009e+00,4.361646302885479815e-27,2.827009130399911739e-25,1.260000000000000897e+00
1.270000000000000018e+00,3.076399231011049058e-26,6.515941085571245054e-25,1.270000000000000906e+00
1.280000000000000027e+00,4.149150800887324060e-26,1.489128313200642086e-24,1.280000000000000915e+00
1.290000000000000036e+00,1.220629391244746907e-25,3.374575568138622151e-24,1.290000000000000924e+00
1.300000000000000044e+00,2.387377208760985011e-25,7.583415958802949134e-24,1.300000000000000933e+00
1.310000000000000053e+00,6.334199917317392406e-25,1.690034219814680560e-23,1.310000000000000941e+00
1.320000000000000062e+00,1.474674341742360674e-24,3.735397652590850463e-23,1.320000000000000950e+00
1.330000000000000071e+00,3.225363432045812747e-24,8.188688425644925319e-23,1.330000000000000959e+00
1.340000000000000080e+00,7.281234349417670753e-24,1.780545504951842137e-22,1.340000000000000968e+00
1.350000000000000089e+00,1.616561204217296140e-23,3.840411210987065020e-22,1.350000000000000977e+00
1.360000000000000098e+00,3.658814354683293022e-23,8.216987717089895976e-22,1.360000000000000986e+00
1.370000000000000107e+00,8.064239410268712392e-23,1.744141794557950851e-21,1.370000000000000995e+00
1.380000000000000115e+00,1.744088801360834840e-22,3.672897629710329228e-21,1.380000000000001004e+00
1.390000000000000124e+00,3.830922742654246314e-22,7.673916101740649424e-21,1.390000000000001013e+00
1.400000000000000133e+00,8.235691239107478301e-22,1.590850734981214721e-20,1.400000000000001021e+00
1.409999999999999920e+00,1.774413637354596621e-21,3.272416964018554531e-20,1.410000000000001030e+00
1.419999999999999929e+00,3.766982282835184203e-21,6.679700517477178953e-20,1.420000000000001039e+00
1.429999999999999938e+00,7.957296740426173076e-21,1.353058362175690631e-19,1.430000000000001048e+00
1.439999999999999947e+00,1.665078926898115113e-20,2.720000450122749628e-19,1.440000000000001057e+00
1.449999999999999956e+00,3.461364212575749345e-20,5.426699329030733602e-19,1.450000000000001066e+00
1.459999999999999964e+00,7.137172771260360796e-20,1.074578187266047279e-18,1.460000000000001075e+00
1.469999999999999973e+00,1.460014343874904175e-19,2.112013128110665322e-18,1.470000000000001084e+00
1.479999999999999982e+00,2.964744788066978831e-19,4.120331082528991469e-18,1.480000000000001092e+00
1.489999999999999991e+00,5.975015863916245375e-19,7.979300613724410742e-18,1.490000000000001101e+00
1.500000000000000000e+00,1.194965341742421138e-18,1.533962655905482820e-17,1.500000000000001110e+00
1.510000000000000009e+00,2.372116530147604003e-18,2.927532784385778927e-17,1.510000000000001119e+00
1.520000000000000018e+00,4.673757219478726790e-18,5.546835473569917203e-17,1.520000000000001128e+00
1.530000000000000027e+00,9.140681233153625503e-18,1.043433082241634829e-16,1.530000000000001137e+00
1.540000000000000036e+00,1.774575318611720118e-17,1.948851451710243382e-16,1.540000000000001146e+00
1.550000000000000044e+00,3.419889671785042865e-17,3.614152412407899332e-16,1.550000000000001155e+00
1.560000000000000053e+00,6.542692041809616643e-17,6.655279775352466587e-16,1.560000000000001164e+00
1.570000000000000062e+00,1.242665811948123955e-16,1.216960833903513916e-15,1.570000000000001172e+00
1.580000000000000071e+00,2.343260156909831177e-16,2.209812315777337902e-15,1.580000000000001181e+00
1.590000000000000080e+00,4.386927698432266444e-16,3.984928479570353344e-15,1.590000000000001190e+00
1.600000000000000089e+00,8.154600862157339787e-16,7.136572045558959569e-15,1.600000000000001199e+00
1.610000000000000098e+00,1.505081487068921754e-15,1.269346446449905850e-14,1.610000000000001208e+00
1.620000000000000107e+00,2.758329526705664481e-15,2.242380365368722005e-14,1.620000000000001217e+00
1.630000000000000115e+00,5.019749513345150133e-15,3.934540108951353524e-14,1.630000000000001226e+00
1.640000000000000124e+00,9.071537713495996749e-15,6.857266723821604880e-14,1.640000000000001235e+00
1.650000000000000133e+00,1.628018134356902443e-14,1.187126673923236631e-13,1.650000000000001243e+00
1.660000000000000142e+00,2.901568040929622770e-14,2.041495502910987983e-13,1.660000000000001252e+00
1.669999999999999929e+00,5.135906139228396859e-14,3.487557112613579899e-13,1.670000000000001261e+00
1.679999999999999938e+00,9.028739360814656199e-14,5.918774155286712440e-13,1.680000000000001270e+00
1.689999999999999947e+00,1.576441980161664098e-13,9.979196270105832828e-13,1.690000000000001279e+00
1.699999999999999956e+00,2.733912489637261363e-13,1.671584544464024516e-12,1.700000000000001288e+00
1.709999999999999964e+00,4.709360730513229922e-13,2.781925962157662472e-12,1.710000000000001297e+00
1.719999999999999973e+00,8.057941466202189942e-13,4.600049440224369079e-12,1.720000000000001306e+00
1.729999999999999982e+00,1.369574492568386388e-12,7.557779920283564468e-12,1.730000000000001315e+00
1.739999999999999991e+00,2.312387944224999005e-12,1.233831121012162800e-11,1.740000000000001323e+00
1.750000000000000000e+00,3.878494584257271244e-12,2.001528114709741088e-11,1.750000000000001332e+00
1.760000000000000009e+00,6.462596258903065905e-12,3.226463508114997286e-11,1.760000000000001341e+00
1.770000000000000018e+00,1.069807986517488431e-11,5.168509724760035873e-11,1.770000000000001350e+00
1.780000000000000027e+00,1.759434686630433193e-11,8.227951151032443372e-11,1.780000000000001359e+00
1.790000000000000036e+00,2.874897286743616685e-11,1.301727169775109619e-10,1.790000000000001368e+00
1.800000000000000044e+00,4.667308831348778212e-11,2.046746652815992163e-10,1.800000000000001377e+00
1.810000000000000053e+00,7.528680164411782779e-11,3.198437480955212882e-10,1.810000000000001386e+00
1.820000000000000062e+00,1.206680055132332717e-10,4.967695357150387325e-10,1.820000000000001394e+00
1.830000000000000071e+00,1.921760055301465330e-10,7.668825599923597174e-10,1.830000000000001403e+00
1.840000000000000080e+00,3.041252808875824556e-10,1.176719488159934296e-09,1.840000000000001412e+00
1.850000000000000089e+00,4.782606819626362300e-10,1.794735389816340144e-09,1.850000000000001421e+00
1.860000000000000098e+00,7.473911446956626481e-10,2.720973925771216440e-09,1.860000000000001430e+00
1.870000000000000107e+00,1.160685378986842454e-09,4.100697609446213352e-09,1.870000000000001439e+00
1.880000000000000115e+00,1.791333381456225431e-09,6.143464085696484524e-09,1.880000000000001448e+00
1.890000000000000124e+00,2.747549833433171315e-09,9.149635314696419101e-09,1.890000000000001457e+00
1.900000000000000133e+00,4.188261298260479467e-09,1.354695421065374956e-08,1.900000000000001465e+00
1.910000000000000142e+00,6.345307055145374608e-09,1.994065250752627793e-08,1.910000000000001474e+00
1.919999999999999929e+00,9.554626696444778039e-09,2.918160468975779761e-08,1.920000000000001483e+00
1.929999999999999938e+00,1.429974874844145522e-08,4.245836132064961086e-08,1.930000000000001492e+00
1.939999999999999947e+00,2.127198259388179954e-08,6.142053132861313926e-08,1.940000000000001501e+00
1.949999999999999956e+00,3.145310750651430209e-08,8.834299061572356458e-08,1.950000000000001510e+00
1.959999999999999964e+00,4.622811793254581655e-08,1.263428291691123748e-07,1.960000000000001519e+00
1.969999999999999973e+00,6.753778948659949845e-08,1.796638648139312136e-07,1.970000000000001528e+00
1.979999999999999982e+00,9.808356583209266613e-08,2.540469976435618565e-07,1.980000000000001537e+00
1.989999999999999991e+00,1.416006048715327049e-07,3.572086931375276350e-07,1.990000000000001545e+00
2.000000000000000000e+00,2.032188550257141649e-07,4.994544847649698565e-07,2.000000000000001332e+00
2.010000000000000231e+00,2.899368264844271836e-07,6.944595735693644024e-07,2.010000000000001119e+00
2.020000000000000018e+00,4.112383437477901663e-07,9.602543326124212093e-07,2.020000000000000906e+00
2.030000000000000249e+00,5.798890446300330716e-07,1.320458711689835851e-06,2.030000000000000693e+00
2.040000000000000036e+00,8.129567206213037574e-07,1.805816037625928950e-06,2.040000000000000480e+00
2.049999999999999822e+00,1.133107718592807913e-06,2.456083302244309998e-06,2.050000000000000266e+00
2.060000000000000053e+00,1.570240409681435424e-06,3.322341425537739890e-06,2.060000000000000053e+00
2.069999999999999840e+00,2.163525945964750310e-06,4.469794783708266283e-06,2.069999999999999840e+00
2.080000000000000071e+00,2.963935849098624738e-06,5.981134006680896021e-06,2.079999999999999627e+00
2.089999999999999858e+00,4.037344914177794285e-06,7.960539077012583983e-06,2.089999999999999414e+00
2.100000000000000089e+00,5.468305879251888601e-06,1.053840039608889180e-05,2.099999999999999201e+00
2.109999999999999876e+00,7.364598478775821572e-06,1.387683292145131541e-05,2.109999999999998987e+00
2.120000000000000107e+00,9.862658976209926824e-06,1.817605183882991051e-05,2.119999999999998774e+00
2.129999999999999893e+00,1.313399586525172261e-05,2.368166658020993298e-05,2.129999999999998561e+00
2.140000000000000124e+00,1.739269195453030083e-05,3.069293238953075355e-05,2.139999999999998348e+00
2.149999999999999911e+00,2.290408101619569465e-05,3.957197416548633340e-05,2.149999999999998135e+00
2.160000000000000142e+00,2.999466729265830181e-05,5.075396517699597062e-05,2.159999999999997922e+00
2.169999999999999929e+00,3.906332672150311203e-05,6.475820283394888852e-05,2.169999999999997708e+00
2.180000000000000160e+00,5.059378872530131299e-05,8.219997465479077095e-05,2.179999999999997495e+00
2.189999999999999947e+00,6.516834537986095175e-05,1.038030499151064131e-04,2.189999999999997282e+00
2.200000000000000178e+00,8.348267013062771766e-05,1.304125666541440423e-04,2.199999999999997069e+00
2.209999999999999964e+00,1.063615506459544184e-04,1.630080107704097599e-04,2.209999999999996856e+00
2.220000000000000195e+00,1.347752501591632779e-04,2.027159054872788120e-04,2.219999999999996643e+00
2.229999999999999982e+00,1.698561100894081788e-04,2.508217478310836011e-04,2.229999999999996430e+00
2.240000000000000213e+00,2.129148958048874640e-04,3.087806469659283484e-04,2.239999999999996216e+00
2.250000000000000000e+00,2.654562704825517354e-04,3.782260410067665116e-04,2.249999999999996003e+00
2.260000000000000231e+00,3.291926633805776449e-04,4.609757986760609121e-04,2.259999999999995790e+00
2.270000000000000018e+00,4.060556839200550302e-04,5.590349548251832487e-04,2.269999999999995577e+00
2.280000000000000249e+00,4.982041286646267256e-04,6.745942897521054870e-04,2.279999999999995364e+00
2.290000000000000036e+00,6.080275417819157964e-04,8.100239469385027554e-04,2.289999999999995151e+00
2.300000000000000266e+00,7.381442295617599405e-04,9.678612977445096932e-04,2.299999999999994937e+00
2.310000000000000053e+00,8.913926045139283555e-04,1.150792309781854773e-03,2.309999999999994724e+00
2.319999999999999840e+00,1.070814753006749847e-03,1.361625762429750398e-03,2.319999999999994511e+00
2.330000000000000071e+00,1.279631190910784835e-03,1.603259781435704447e-03,2.329999999999994298e+00
2.339999999999999858e+00,1.521205900383533656e-03,1.878640336436554828e-03,2.339999999999994085e+00
2.350000000000000089e+00,1.799000933409177026e-03,2.190711560385281281e-03,2.349999999999993872e+00
2.359999999999999876e+00,2.116520126717642662e-03,2.542358005981744384e-03,2.359999999999993658e+00
2.370000000000000107e+00,2.477241796818272640e-03,2.936339246627736512e-03,2.369999999999993445e+00
2.379999999999999893e+00,2.884540670778260301e-03,3.375217551029588946e-03,2.379999999999993232e+00
2.390000000000000124e+00,3.341599748105914241e-03,3.861279701755864803e-03,2.389999999999993019e+00
2.399999999999999911e+00,3.851313271618121096e-03,4.396454376905147877e-03,2.399999999999992806e+00
2.410000000000000142e+00,4.416182492345353122e-03,4.982226856613922346e-03,2.409999999999992593e+00
2.419999999999999929e+00,5.038206427255022962e-03,5.619553136945344175e-03,2.419999999999992379e+00
2.430000000000000160e+00,5.718770304019966944e-03,6.308775816304889976e-03,2.429999999999992166e+00
2.439999999999999947e+00,6.458534840109750146e-03,7.049544347272319010e-03,2.439999999999991953e+00
2.450000000000000178e+00,7.257329886280736164e-03,7.840742403587589934e-03,2.449999999999991740e+00
2.459999999999999964e+00,8.114056251330291347e-03,8.680425183462648145e-03,2.459999999999991527e+00
2.470000000000000195e+00,9.026599690296153305e-03,9.565769444315985054e-03,2.469999999999991314e+00
2.479999999999999982e+00,9.991761060762523530e-03,1.049303893163548197e-02,2.479999999999991100e+00
2.490000000000000213e+00,1.100520651420527907e-02,1.145756762121592255e-02,2.489999999999990887e+00
2.500000000000000000e+00,1.206144128162211886e-02,1.245376283940968776e-02,2.499999999999990674e+00
2.510000000000000231e+00,1.315381013022925982e-02,1.347512986527847102e-02,2.509999999999990461e+00
2.520000000000000018e+00,1.427452691909202043e-02,1.451431906189460871e-02,2.519999999999990248e+00
2.530000000000000249e+00,1.541473487607957805e-02,1.556319594691975630e-02,2.529999999999990035e+00
2.540000000000000036e+00,1.656459828328223777e-02,1.661293391514701012e-02,2.539999999999989821e+00
2.550000000000000266e+00,1.771342522347591625e-02,1.765412859217023803e-02,2.549999999999989608e+00
2.560000000000000053e+00,1.884981994169811909e-02,1.867693205612905999e-02,2.559999999999989395e+00
2.569999999999999840e+00,1.996186226415025758e-02,1.967120444292865672e-02,2.569999999999989182e+00
2.580000000000000071e+00,2.103731043244657858e-02,2.062667977946241668e-02,2.579999999999988969e+00
2.589999999999999858e+00,2.206382270938015561e-02,2.153314229839839791e-02,2.589999999999988756e+00
2.600000000000000089e+00,2.302919223834132278e-02,2.238060900401035030e-02,2.599999999999988542e+00
2.609999999999999876e+00,2.392158893569526837e-02,2.315951390469129373e-02,2.609999999999988329e+00
2.620000000000000107e+00,2.472980170556047033e-02,2.386088912263912773e-02,2.619999999999988116e+00
2.629999999999999893e+00,2.544347401317025373e-02,2.447653804727537366e-02,2.629999999999987903e+00
2.640000000000000124e+00,2.605332585992014421e-02,2.499919582209822119e-02,2.639999999999987690e+00
2.649999999999999911e+00,2.655135547524220194e-02,2.542267274360087911e-02,2.649999999999987477e+00
2.660000000000000142e+00,2.693101457082589661e-02,2.574197659716808209e-02,2.659999999999987264e+00
2.669999999999999929e+00,2.718735177739509123e-02,2.595341054317125071e-02,2.669999999999987050e+00
2.680000000000000160e+00,2.731711986940459774e-02,2.605464387528516959e-02,2.679999999999986837e+00
2.689999999999999947e+00,2.731884354238596838e-02,2.604475377558236604e-02,2.689999999999986624e+00
2.700000000000000178e+00,2.719284579095572127e-02,2.592423705647594126e-02,2.679999999999986837e+00
2.709999999999999964e+00,2.694123229032818756e-02,2.569499177479978025e-02,2.669999999999987050e+00
2.720000000000000195e+00,2.656783455256151588e-02,2.536026949398100666e-02,2.659999999999987264e+00
2.729999999999999982e+00,2.607811395381890579e-02,2.492459982275109162e-02,2.649999999999987477e+00
2.740000000000000213e+00,2.547902995776935714e-02,2.439368964169391640e-02,2.639999999999987690e+00
2.750000000000000000e+00,2.477887694080220873e-02,2.377430011424265174e-02,2.629999999999987903e+00
2.760000000000000231e+00,2.398709491952457848e-02,2.307410514336495286e-02,2.619999999999988116e+00
2.770000000000000018e+00,2.311406015579276982e-02,2.230153536163668321e-02,2.609999999999988329e+00
2.780000000000000249e+00,2.217086205082668612e-02,2.146561201949911610e-02,2.599999999999988542e+00
2.790000000000000036e+00,2.116907292643254584e-02,2.057577525957244788e-02,2.589999999999988756e+00
2.800000000000000266e+00,2.012051723322454827e-02,1.964171123581119616e-02,2.579999999999988969e+00
2.810000000000000053e+00,1.903704643468044633e-02,1.867318236300961540e-02,2.569999999999989182e+00
2.819999999999999840e+00,1.793032531612852656e-02,1.767986467814263232e-02,2.559999999999989395e+00
2.830000000000000071e+00,1.681163478926184229e-02,1.667119587829387489e-02,2.549999999999989608e+00
2.839999999999999858e+00,1.569169544578350242e-02,1.565623709204055566e-02,2.539999999999989821e+00
2.850000000000000089e+00,1.458051519596897591e-02,1.464355086605658579e-02,2.529999999999990035e+00
2.859999999999999876e+00,1.348726335565799891e-02,1.364109723144675372e-02,2.519999999999990248e+00
2.870000000000000107e+00,1.242017255931613523e-02,1.265614907999360224e-02,2.509999999999990461e+00
2.879999999999999893e+00,1.138646891632888111e-02,1.169522745303125909e-02,2.499999999999990674e+00
2.890000000000000124e+00,1.039232993077064508e-02,1.076405674692069298e-02,2.489999999999990887e+00
2.899999999999999911e+00,9.442868899775233582e-03,9.867539288092573926e-03,2.479999999999991100e+00
2.910000000000000142e+00,8.542143815138450100e-03,9.009748242896086640e-03,2.469999999999991314e+00
2.919999999999999929e+00,7.693188235363112790e-03,8.193937414771722272e-03,2.459999999999991527e+00
2.930000000000000160e+00,6.898061178479244007e-03,7.422566151289332857e-03,2.449999999999991740e+00
2.939999999999999947e+00,6.157912811602935660e-03,6.697337340152742166e-03,2.439999999999991953e+00
2.950000000000000178e+00,5.473062578700433820e-03,6.019246316430637567e-03,2.429999999999992166e+00
2.959999999999999964e+00,4.843086401957918258e-03,5.388638429738749208e-03,2.419999999999992379e+00
2.970000000000000195e+00,4.266909701416286317e-03,4.805273023709609459e-03,2.409999999999992593e+00
2.979999999999999982e+00,3.742903184634685260e-03,4.268391652380616394e-03,2.399999999999992806e+00
2.990000000000000213e+00,3.268978643188147782e-03,3.776788488959635908e-03,2.389999999999993019e+00
3.000000000000000000e+00,2.842682336177975670e-03,3.328881060566814699e-03,2.379999999999993232e+00
3.010000000000000231e+00,2.461283921184907741e-03,2.922779656306249713e-03,2.369999999999993445e+00
3.020000000000000018e+00,2.121859292476573587e-03,2.556353993764347212e-03,2.359999999999993658e+00
3.030000000000000249e+00,1.821366086203366538e-03,2.227295979680360503e-03,2.349999999999993872e+00
3.040000000000000036e+00,1.556710998141139397e-03,1.933177653940117233e-03,2.339999999999994085e+00
3.050000000000000266e+00,1.324808418963297450e-03,1.671503653287064167e-03,2.329999999999994298e+00
3.060000000000000053e+00,1.122630215410964352e-03,1.439757764738470091e-03,2.319999999999994511e+00
3.070000000000000284e+00,9.472467663621465979e-04,1.235443352693490213e-03,2.309999999999994724e+00
3.080000000000000071e+00,7.958595970326574681e-04,1.056117633745728285e-03,2.299999999999994937e+00
3.089999999999999858e+00,6.658261408991595319e-04,8.994199364077345993e-04,2.289999999999995151e+00
3.100000000000000089e+00,5.546772981180250056e-04,7.630942178726540228e-04,2.279999999999995364e+00
3.109999999999999876e+00,4.601285539002964212e-04,6.450062163906958865e-04,2.269999999999995577e+00
3.120000000000000107e+00,3.800854744993668855e-04,5.431556967096811848e-04,2.259999999999995790e+00
3.129999999999999893e+00,3.126444170088941012e-04,4.556842990724443640e-04,2.249999999999996003e+00
3.140000000000000124e+00,2.560892774844130857e-04,3.808795318916667616e-04,2.239999999999996216e+00
3.149999999999999911e+00,2.088850659804342407e-04,3.171754573029779813e-04,2.229999999999996430e+00
3.160000000000000142e+00,1.696690424344337385e-04,2.631506104634677803e-04,2.219999999999996643e+00
3.169999999999999929e+00,1.372400792439383229e-04,2.175236709456581199e-04,2.209999999999996856e+00
3.180000000000000160e+00,1.105468400834319588e-04,1.791473710587874264e-04,2.199999999999997069e+00
3.189999999999999947e+00,8.867528411421250376e-05,1.470010844276512419e-04,2.189999999999997282e+00
3.200000000000000178e+00,7.083592380560707993e-05,1.201824914376946655e-04,2.179999999999997495e+00
3.209999999999999964e+00,5.635118628718270421e-05,9.789866866086783549e-05,2.169999999999997708e+00
3.220000000000000195e+00,4.464315463530288674e-05,7.945689920379076583e-05,2.159999999999997922e+00
3.229999999999999982e+00,3.522189831748914160e-05,6.425545179300035060e-05,2.149999999999998135e+00
3.240000000000000213e+00,2.767454230348136347e-05,5.177452969097427879e-05,2.139999999999998348e+00
3.250000000000000000e+00,2.165517259078036011e-05,4.156754723311180183e-05,2.129999999999998561e+00
3.260000000000000231e+00,1.687563219053662833e-05,3.325285258334550917e-05,2.119999999999998774e+00
3.270000000000000018e+00,1.309722575870388797e-05,2.650598063625280847e-05,2.109999999999998987e+00
3.280000000000000249e+00,1.012332252726199767e-05,2.105249001738324866e-05,2.099999999999999201e+00
3.290000000000000036e+00,7.792825382736586750e-06,1.666141282402130392e-05,2.089999999999999414e+00
3.300000000000000266e+00,5.974458071976802823e-06,1.313932492284119193e-05,2.079999999999999627e+00
3.310000000000000053e+00,4.561811743123884524e-06,1.032502797978914353e-05,2.069999999999999840e+00
3.320000000000000284e+00,3.469085571099796811e-06,8.084821561833838551e-06,2.060000000000000053e+00
3.330000000000000071e+00,2.627453268157482200e-06,6.308334192211121865e-06,2.050000000000000266e+00
3.339999999999999858e+00,1.981987089934006188e-06,4.904875710880299763e-06,2.040000000000000480e+00
3.350000000000000089e+00,1.489072873133750974e-06,3.800269240370358457e-06,2.030000000000000693e+00
3.359999999999999876e+00,1.114253090829835797e-06,2.934119050992423042e-06,2.020000000000000906e+00
3.370000000000000107e+00,8.304393896624697328e-07,2.257470254533946990e-06,2.010000000000001119e+00
3.379999999999999893e+00,6.164411797337679347e-07,1.730817165428126155e-06,2.000000000000001332e+00
3.390000000000000124e+00,4.557622439982459404e-07,1.322419028695337208e-06,1.990000000000001323e+00
3.399999999999999911e+00,3.356227682013216453e-07,1.006884344707839608e-06,1.980000000000001315e+00
3.410000000000000142e+00,2.461694764368845512e-07,7.639879861810804510e-07,1.970000000000001306e+00
3.419999999999999929e+00,1.798415483905298655e-07,5.776885090800311912e-07,1.960000000000001297e+00
3.430000000000000160e+00,1.308646100870539061e-07,4.353163517215259657e-07,1.950000000000001288e+00
3.439999999999999947e+00,9.484927939361934472e-08,3.269068757374533538e-07,1.940000000000001279e+00
3.450000000000000178e+00,6.847448276078536228e-08,2.446553399779203444e-07,1.930000000000001270e+00
3.459999999999999964e+00,4.923904672131331604e-08,1.824738513933987999e-07,1.920000000000001261e+00
3.470000000000000195e+00,3.526792355428196315e-08,1.356330648447442393e-07,1.910000000000001252e+00
3.479999999999999982e+00,2.516185943266218479e-08,1.004738838158676299e-07,1.900000000000001243e+00
3.490000000000000213e+00,1.788139295083512002e-08,7.417663731221446154e-08,1.890000000000001235e+00
3.500000000000000000e+00,1.265781970515086064e-08,5.457717665563827862e-08,1.880000000000001226e+00
3.510000000000000231e+00,8.925212368636372128e-09,4.002105906794335864e-08,1.870000000000001217e+00
3.520000000000000018e+00,6.268785904114337799e-09,2.924847789142202130e-08,1.860000000000001208e+00
3.530000000000000249e+00,4.385879089944637666e-09,2.130388045376108684e-08,1.850000000000001199e+00
3.540000000000000036e+00,3.056618985000132829e-09,1.546530420929620400e-08,1.840000000000001190e+00
3.550000000000000266e+00,2.121975999920166435e-09,1.118938075901145274e-08,1.830000000000001181e+00
3.560000000000000053e+00,1.467429337770073192e-09,8.068726260251043110e-09,1.820000000000001172e+00
3.570000000000000284e+00,1.010868213593279336e-09,5.799075244743988025e-09,1.810000000000001164e+00
3.580000000000000071e+00,6.936741588256676767e-10,4.154041271825443610e-09,1.800000000000001155e+00
3.589999999999999858e+00,4.741798846561267659e-10,2.965818839525675408e-09,1.790000000000001146e+00
3.600000000000000089e+00,3.228942914801382641e-10,2.110491510191084226e-09,1.780000000000001137e+00
3.609999999999999876e+00,2.190333306495607805e-10,1.496894473259571012e-09,1.770000000000001128e+00
3.620000000000000107e+00,1.480115466170906070e-10,1.058207254139376974e-09,1.760000000000001119e+00
3.629999999999999893e+00,9.963673369998153323e-11,7.456338686986795760e-10,1.750000000000001110e+00
3.640000000000000124e+00,6.681666298992296375e-11,5.236718284675381031e-10,1.740000000000001101e+00
3.649999999999999911e+00,4.463693760638148200e-11,3.665851077736875891e-10,1.730000000000001092e+00
3.660000000000000142e+00,2.970648059540340661e-11,2.557854040367420825e-10,1.720000000000001084e+00
3.669999999999999929e+00,1.969509560468759037e-11,1.778956483572998086e-10,1.710000000000001075e+00
3.680000000000000160e+00,1.300822166540383151e-11,1.233237691244463423e-10,1.700000000000001066e+00
3.689999999999999947e+00,8.559207238635202658e-12,8.521644408961155812e-11,1.690000000000001057e+00
3.700000000000000178e+00,5.610579501581920544e-12,5.869463634536710590e-11,1.680000000000001048e+00
3.709999999999999964e+00,3.663897459481121877e-12,4.029721495209772573e-11,1.670000000000001039e+00
3.720000000000000195e+00,2.383653647864134772e-12,2.757759915720046048e-11,1.660000000000001030e+00
3.729999999999999982e+00,1.544934011988933906e-12,1.881247199265554054e-11,1.650000000000001021e+00
3.740000000000000213e+00,9.975769607238097117e-13,1.279223503776655894e-11,1.640000000000001013e+00
3.750000000000000000e+00,6.417345781968753009e-13,8.670842397214714059e-12,1.630000000000001004e+00
3.760000000000000231e+00,4.112819867894836371e-13,5.858596410166731949e-12,1.620000000000000995e+00
3.770000000000000018e+00,2.626042757885117424e-13,3.945903018741024913e-12,1.610000000000000986e+00
3.780000000000000249e+00,1.670492861139860285e-13,2.649249516261957212e-12,1.600000000000000977e+00
3.790000000000000036e+00,1.058695129248145762e-13,1.773070594207234157e-12,1.590000000000000968e+00
3.800000000000000266e+00,6.684718460081030141e-14,1.182929757114115913e-12,1.580000000000000959e+00
3.810000000000000053e+00,4.205172444802816809e-14,7.867281583587951564e-13,1.570000000000000950e+00
3.820000000000000284e+00,2.635578433545302082e-14,5.215864084935106678e-13,1.560000000000000941e+00
3.830000000000000071e+00,1.645744752098483178e-14,3.447201577159703949e-13,1.550000000000000933e+00
3.839999999999999858e+00,1.023871504511508944e-14,2.271166261405632596e-13,1.540000000000000924e+00
3.850000000000000089e+00,6.346392126007084068e-15,1.491681098015444915e-13,1.530000000000000915e+00
3.859999999999999876e+00,3.919317792552959345e-15,9.766766722392293804e-14,1.520000000000000906e+00
3.870000000000000107e+00,2.411567164653058950e-15,6.374943734741157861e-14,1.510000000000000897e+00
3.879999999999999893e+00,1.478408540416884947e-15,4.148160365017372960e-14,1.500000000000000888e+00
3.890000000000000124e+00,9.030210936332975240e-16,2.690861039884988178e-14,1.490000000000000879e+00
3.899999999999999911e+00,5.495586692542274100e-16,1.740149059262507210e-14,1.480000000000000870e+00
3.910000000000000142e+00,3.332316870046804352e-16,1.121873677991769847e-14,1.470000000000000862e+00
3.919999999999999929e+00,2.013242083210150653e-16,7.210521187707847150e-15,1.460000000000000853e+00
3.930000000000000160e+00,1.211891409451757989e-16,4.620164050262514548e-15,1.450000000000000844e+00
3.939999999999999947e+00,7.268619973367009136e-17,2.951338407864179847e-15,1.440000000000000835e+00
3.950000000000000178e+00,4.343775775877181155e-17,1.879551868661631211e-15,1.430000000000000826e+00
3.959999999999999964e+00,2.586500492001248838e-17,1.193345270666741311e-15,1.420000000000000817e+00
3.970000000000000195e+00,1.534552393564572225e-17,7.553655978004454553e-16,1.410000000000000808e+00
3.979999999999999982e+00,9.071423946746788999e-18,4.766837468455317094e-16,1.400000000000000799e+00
3.990000000000000213e+00,5.343305414872844436e-18,2.999081746193530274e-16,1.390000000000000790e+00
4.000000000000000000e+00,3.136146464524327516e-18,1.881195032262090829e-16,1.380000000000000782e+00
4.009999999999999787e+00,1.834066096368519841e-18,1.176439595320858983e-16,1.370000000000000773e+00
4.020000000000000462e+00,1.068690081438270496e-18,7.334971797952060165e-17,1.360000000000000764e+00
4.030000000000000249e+00,6.205123284882378662e-19,4.559560367229519207e-17,1.350000000000000755e+00
4.040000000000000036e+00,3.590281396866028016e-19,2.825829045598801345e-17,1.340000000000000746e+00
4.049999999999999822e+00,2.069701881541994262e-19,1.746103027260294727e-17,1.330000000000000737e+00
4.060000000000000497e+00,1.188742854548170169e-19,1.075715856328459069e-17,1.320000000000000728e+00
4.070000000000000284e+00,6.804370734939056866e-20,6.607415907441965334e-18,1.310000000000000719e+00
4.080000000000000071e+00,3.881641134940058993e-20,4.046455038867091687e-18,1.300000000000000711e+00
4.089999999999999858e+00,2.206496294676833702e-20,2.470753456256287261e-18,1.290000000000000702e+00
4.099999999999999645e+00,1.249681612424809836e-20,1.504174858677155921e-18,1.280000000000000693e+00
4.110000000000000320e+00,7.050575089824034062e-21,9.130279051748782833e-19,1.270000000000000684e+00
4.120000000000000107e+00,3.964877187755927426e-21,5.525723707070032145e-19,1.260000000000000675e+00
4.129999999999999893e+00,2.223433461246237734e-21,3.334388758399223496e-19,1.250000000000000666e+00
4.139999999999999680e+00,1.241525769055336302e-21,2.006170331299132489e-19,1.240000000000000657e+00
4.150000000000000355e+00,6.902552161832466329e-22,1.203500886261146622e-19,1.230000000000000648e+00
4.160000000000000142e+00,3.826261480695931893e-22,7.198708543436098936e-20,1.220000000000000639e+00
4.169999999999999929e+00,2.106105790730710769e-22,4.293335656146208007e-20,1.210000000000000631e+00
4.179999999999999716e+00,1.153084610172610916e-22,2.553110851999842184e-20,1.200000000000000622e+00
4.190000000000000391e+00,6.366779191583556093e-23,1.513845525669923178e-20,1.190000000000000613e+00
4.200000000000000178e+00,3.505282539308045379e-23,8.950205083214533083e-21,1.180000000000000604e+00
4.209999999999999964e+00,1.877432886183554227e-23,5.276262671643742863e-21,1.170000000000000595e+00
4.219999999999999751e+00,1.012840224016744025e-23,3.101446360279468853e-21,1.160000000000000586e+00
4.230000000000000426e+00,5.643518005813711338e-24,1.817812233221803175e-21,1.150000000000000577e+00
4.240000000000000213e+00,3.022834087485346126e-24,1.062387798513285679e-21,1.140000000000000568e+00
4.250000000000000000e+00,1.576772722456665156e-24,6.191114608586646847e-22,1.130000000000000560e+00
4.259999999999999787e+00,8.776008480835525016e-25,3.597565666978965940e-22,1.120000000000000551e+00
4.270000000000000462e+00,4.564435146031002889e-25,2.084515461970192406e-22,1.110000000000000542e+00
4.280000000000000249e+00,2.204208253038853641e-25,1.204371285097582516e-22,1.100000000000000533e+00
4.290000000000000036e+00,1.414904561273384081e-25,6.938680793544853780e-23,1.090000000000000524e+00
4.299999999999999822e+00,8.291350480351134532e-26,3.986181067920666604e-23,1.080000000000000515e+00
4.310000000000000497e+00,2.884775384312374843e-26,2.283510818962731836e-23,1.070000000000000506e+00
4.320000000000000284e+00,2.121693360078089405e-26,1.304419829301849002e-23,1.060000000000000497e+00
4.330000000000000071e+00,2.185857136506759527e-26,7.430230655258757361e-24,1.050000000000000488e+00
4.339999999999999858e+00,6.822674314781906739e-27,4.220462934640547462e-24,1.040000000000000480e+00
4.350000000000000533e+00,8.769319675540420748e-28,2.390523799034063627e-24,1.030000000000000471e+00
4.360000000000000320e+00,4.605396005244229700e-27,1.350216848810475628e-24,1.020000000000000462e+00
4.370000000000000107e+00,3.153712171326017199e-27,7.604903670170457824e-25,1.010000000000000453e+00
4.379999999999999893e+00,6.407197702311211916e-28,4.271357439825141292e-25,1.000000000000000444e+00
4.389999999999999680e+00,1.588425161830706858e-27,2.392337069528675342e-25,9.900000000000004352e-01
4.400000000000000355e+00,1.653917437359433711e-27,1.336181081089988930e-25,9.800000000000004263e-01
4.410000000000000142e+00,7.672935017658046385e-28,7.442125517670878362e-26,9.700000000000004174e-01
4.419999999999999929e+00,1.216991878282078560e-27,4.133515822543500927e-26,9.800000000000004263e-01
4.429999999999999716e+00,1.513509648746816409e-27,2.289472162894982353e-26,9.900000000000004352e-01
4.440000000000000391e+00,7.651045388322990616e-28,1.264580487562624755e-26,1.000000000000000444e+00
4.450000000000000178e+00,3.554147962814356660e-28,6.965545244510393625e-27,1.010000000000000453e+00
4.459999999999999964e+00,4.475259347780987270e-28,3.826162990983084967e-27,1.020000000000000462e+00
4.469999999999999751e+00,2.592037346065150311e-28,2.095915112357079133e-27,1.030000000000000471e+00
4.480000000000000426e+00,5.521866646727557699e-29,1.144953739892556619e-27,1.040000000000000480e+00
4.490000000000000213e+00,1.929882146132250960e-28,6.237468483136792749e-28,1.050000000000000488e+00
4.500000000000000000e+00,2.949979223074502515e-28,3.388731005911159997e-28,1.060000000000000497e+00
4.509999999999999787e+00,4.338935945675647290e-28,1.836015151876651556e-28,1.070000000000000506e+00
4.520000000000000462e+00,1.228716080563570897e-27,9.920372333700025438e-29,1.080000000000000515e+00
4.530000000000000249e+00,2.431959780314952768e-27,5.345573872249663098e-29,1.090000000000000524e+00
4.540000000000000036e+00,2.989735115390685312e-27,2.872615138297308074e-29,1.100000000000000533e+00
4.549999999999999822e+00,2.532577556337613994e-27,1.539498907405308549e-29,1.110000000000000542e+00
4.560000000000000497e+00,1.681838143716719836e-27,8.228150585314452757e-30,1.120000000000000551e+00
4.570000000000000284e+00,1.044966371330714518e-27,4.385792179149672554e-30,1.130000000000000560e+00
4.580000000000000071e+00,6.905020327558209000e-28,2.331411280138349784e-30,1.140000000000000568e+00
4.589999999999999858e+00,4.601755418533305018e-28,1.235995277050893049e-30,1.150000000000000577e+00
4.600000000000000533e+00,3.099716597443808373e-28,6.534973622552940375e-31,1.160000000000000586e+00
4.610000000000000320e+00,3.387164039625750285e-28,3.445894713123570743e-31,1.170000000000000595e+00
4.620000000000000107e+00,6.691168670889719344e-28,1.812146578869735504e-31,1.180000000000000604e+00
4.629999999999999893e+00,1.357351911538149204e-27,9.504292788470416322e-32,1.190000000000000613e+00
4.639999999999999680e+00,2.261998096909264165e-27,4.971454312834881662e-32,1.200000000000000622e+00
4.650000000000000355e+00,2.852357184899260301e-27,2.593499994954507248e-32,1.210000000000000631e+00
4.660000000000000142e+00,2.499832734754434142e-27,1.349367308557385092e-32,1.220000000000000639e+00
4.669999999999999929e+00,1.376504068952318563e-27,7.001921261543882774e-33,1.230000000000000648e+00
4.679999999999999716e+00,5.996812956746835446e-28,3.623675752465004676e-33,1.240000000000000657e+00
4.690000000000000391e+00,8.643754315075512928e-28,1.870374013751161663e-33,1.250000000000000666e+00
4.700000000000000178e+00,1.460640491210638976e-27,9.628453953415131542e-34,1.260000000000000675e+00
4.709999999999999964e+00,1.359136777328691067e-27,4.943511625746000671e-34,1.270000000000000684e+00
4.719999999999999751e+00,6.594703415755370569e-28,2.531438574023880114e-34,1.280000000000000693e+00
4.730000000000000426e+00,1.551508520734465668e-28,1.292867379702795861e-34,1.290000000000000702e+00
4.740000000000000213e+00,6.784031532562898344e-29,6.585628421681765126e-35,1.300000000000000711e+00
4.750000000000000000e+00,8.064243600953917357e-29,3.345792710072944818e-35,1.310000000000000719e+00
4.759999999999999787e+00,1.375133609749297055e-28,1.695357506829939057e-35,1.320000000000000728e+00
4.770000000000000462e+00,3.747686106088359470e-28,8.568127032576720019e-36,1.330000000000000737e+00
4.780000000000000249e+00,5.884403761296678405e-28,4.318915591748883694e-36,1.340000000000000746e+00
4.790000000000000036e+00,4.697784361334723273e-28,2.171348935372095695e-36,1.350000000000000755e+00
4.799999999999999822e+00,1.528194426708083662e-28,1.088810919402069691e-36,1.360000000000000764e+00
4.810000000000000497e+00,1.183436527694138524e-29,5.445592133946672135e-37,1.370000000000000773e+00
4.820000000000000284e+00,1.379987811828028157e-28,2.716498009181138420e-37,1.380000000000000782e+00
4.830000000000000071e+00,4.234967730716109145e-28,1.351596769545823472e-37,1.390000000000000790e+00
4.839999999999999858e+00,8.682163411689685150e-28,6.707492553050446940e-38,1.400000000000000799e+00
4.850000000000000533e+00,1.367192263578791828e-27,3.320093941588413658e-38,1.410000000000000808e+00
4.860000000000000320e+00,1.508748521710412088e-27,1.639152932447495239e-38,1.420000000000000817e+00
4.870000000000000107e+00,1.110994811992697987e-27,8.071779890042472637e-39,1.430000000000000826e+00
4.879999999999999893e+00,7.083236686962708496e-28,3.964620972411883739e-39,1.440000000000000835e+00
4.889999999999999680e+00,9.089443824944630927e-28,1.942309134125944446e-39,1.450000000000000844e+00
4.900000000000000355e+00,1.429628037686405132e-27,9.491200013654474098e-40,1.460000000000000853e+00
4.910000000000000142e+00,1.423313161851744910e-27,4.626065366499617376e-40,1.470000000000000862e+00
4.919999999999999929e+00,7.268478228581835629e-28,2.249013358051049379e-40,1.480000000000000870e+00
4.929999999999999716e+00,9.312883185092052890e-29,1.090595475698070321e-40,1.490000000000000879e+00
4.940000000000000391e+00,6.094575167036293824e-29,5.275073123463674864e-41,1.500000000000000888e+00
4.950000000000000178e+00,2.650932301605203694e-28,2.545002152119122190e-41,1.510000000000000897e+00
4.959999999999999964e+00,1.833029045859767971e-28,1.224741501770124683e-41,1.520000000000000906e+00
4.969999999999999751e+00,1.380931333963190658e-29,5.878940339384696440e-42,1.530000000000000915e+00
4.980000000000000426e+00,3.210755312338865230e-28,2.814840089852090550e-42,1.540000000000000924e+00
4.990000000000000213e+00,1.107368464425061526e-27,1.344343250195912959e-42,1.550000000000000933e+00
5.000000000000000000e+00,1.731337916727271153e-27,6.404276692055313549e-43,1.560000000000000941e+00
5.009999999999999787e+00,1.689396552933787710e-27,3.043232779239142031e-43,1.570000000000000950e+00
5.020000000000000462e+00,1.122413277528028081e-27,1.442471095351275070e-43,1.580000000000000959e+00
5.030000000000000249e+00,5.228694157856031744e-28,6.820050785925372222e-44,1.590000000000000968e+00
5.040000000000000036e+00,2.051880066549180836e-28,3.216461199049940116e-44,1.600000000000000977e+00
5.049999999999999822e+00,1.537112836229780924e-28,1.513146272879306248e-44,1.610000000000000986e+00
5.060000000000000497e+00,2.104237625669521486e-28,7.100632852213543798e-45,1.620000000000000995e+00
5.070000000000000284e+00,2.559897244361017307e-28,3.323750430187494497e-45,1.630000000000001004e+00
5.080000000000000071e+00,2.433733935609030784e-28,1.551946006125448092e-45,1.640000000000001013e+00
5.089999999999999858e+00,1.693601821858109671e-28,7.228418714370925582e-46,1.650000000000001021e+00
5.100000000000000533e+00,6.666395319428060952e-29,3.358382225634922199e-46,1.660000000000001030e+00
5.110000000000000320e+00,3.896855824341500582e-30,1.556462631336517167e-46,1.670000000000001039e+00
5.120000000000000107e+00,5.180625858532534229e-29,7.195660240314434361e-47,1.680000000000001048e+00
5.129999999999999893e+00,2.247135761519470178e-28,3.318391242644255942e-47,1.690000000000001057e+00
5.139999999999999680e+00,4.555181752547080743e-28,1.526550319593975584e-47,1.700000000000001066e+00
5.150000000000000355e+00,6.387789542742020573e-28,7.005237394304831100e-48,1.710000000000001075e+00
5.160000000000000142e+00,7.026507897270055715e-28,3.206744666199754096e-48,1.720000000000001084e+00
5.169999999999999929e+00,6.419578112608180444e-28,1.464324346748010053e-48,1.730000000000001092e+00
5.179999999999999716e+00,4.962019169904689828e-28,6.670265873560090845e-49,1.740000000000001101e+00
5.190000000000000391e+00,3.146672398318370437e-28,3.030983281540855515e-49,1.750000000000001110e+00
5.200000000000000178e+00,1.445360276776076252e-28,1.373915550177706466e-49,1.760000000000001119e+00
5.209999999999999964e+00,3.085413529278029361e-29,6.212611569623775319e-50,1.770000000000001128e+00
5.219999999999999751e+00,1.454195133599804466e-30,2.802383600167372716e-50,1.780000000000001137e+00
5.230000000000000426e+00,4.514795343034030015e-29,1.261019298799949288e-50,1.790000000000001146e+00
5.240000000000000213e+00,1.203074287348390246e-28,5.660544319228935393e-51,1.800000000000001155e+00
5.250000000000000000e+00,1.977086197897873373e-28,2.534769689686267020e-51,1.810000000000001164e+00
5.259999999999999787e+00,2.829800952561946407e-28,1.132307005563012062e-51,1.820000000000001172e+00
5.270000000000000462e+00,3.771539718071870225e-28,5.045878472155951239e-52,1.830000000000001181e+00
5.280000000000000249e+00,4.265064134985857178e-28,2.243147336179236394e-52,1.840000000000001190e+00
5.290000000000000036e+00,3.553594953658915407e-28,9.947838993534321281e-53,1.850000000000001199e+00
5.299999999999999822e+00,1.770927016795173247e-28,4.400997631393555628e-53,1.860000000000001208e+00
5.310000000000000497e+00,5.074019291764089638e-29,1.942345403471504871e-53,1.870000000000001217e+00
5.320000000000000284e+00,1.780810944093298164e-28,8.551774171939343686e-54,1.880000000000001226e+00
5.330000000000000071e+00,6.132441259508110396e-28,3.756141186585676181e-54,1.890000000000001235e+00
5.339999999999999858e+00,1.175733689947287855e-27,1.645830088860314996e-54,1.900000000000001243e+00
5.350000000000000533e+00,1.571745487686979467e-27,7.194273914016986907e-55,1.910000000000001252e+00
5.360000000000000320e+00,1.626212883840674866e-27,3.137251191883023937e-55,1.920000000000001261e+00
5.370000000000000107e+00,1.417806106149882000e-27,1.364813892304616226e-55,1.930000000000001270e+00
5.379999999999999893e+00,1.197652689541965941e-27,5.923260772536585450e-56,1.940000000000001279e+00
5.389999999999999680e+00,1.173607698948824723e-27,2.564560813515815453e-56,1.950000000000001288e+00
5.400000000000000355e+00,1.361341120761483214e-27,1.107723398608438622e-56,1.960000000000001297e+00
5.410000000000000142e+00,1.620295578727057822e-27,4.773284033984881165e-57,1.970000000000001306e+00
5.419999999999999929e+00,1.795906557915593580e-27,2.051976031739642414e-57,1.980000000000001315e+00
5.429999999999999716e+00,1.803909978809490885e-27,8.800306095513387422e-58,1.990000000000001323e+00
5.440000000000000391e+00,1.611378459226966918e-27,3.765261876530202706e-58,2.000000000000001332e+00
5.450000000000000178e+00,1.217882991243614096e-27,1.607185221750166337e-58,2.010000000000001119e+00
5.459999999999999964e+00,7.046506601837089898e-28,6.844022408053232589e-59,2.020000000000000906e+00
5.469999999999999751e+00,2.599784408317414122e-28,2.907589377730886045e-59,2.030000000000000693e+00
5.480000000000000426e+00,6.871608443076688416e-29,1.232344941032967998e-59,2.040000000000000480e+00
5.490000000000000213e+00,1.424187733037703758e-28,5.210872659746593410e-60,2.050000000000000266e+00
5.500000000000000000e+00,3.015533876272551004e-28,2.198209031118215788e-60,2.060000000000000053e+00
5.509999999999999787e+00,3.700616660315752161e-28,9.251438305377566331e-61,2.069999999999999840e+00
5.520000000000000462e+00,3.684495929933411062e-28,3.884477860313600638e-61,2.079999999999999627e+00
5.530000000000000249e+00,4.643686488568711393e-28,1.627198539055214675e-61,2.089999999999999414e+00
5.540000000000000036e+00,7.281756746195137230e-28,6.800397743408776226e-62,2.099999999999999201e+00
5.549999999999999822e+00,9.918762727889622290e-28,2.835406458416484107e-62,2.109999999999998987e+00
5.560000000000000497e+00,9.988383359011625287e-28,1.179464670181244479e-62,2.119999999999998774e+00
5.570000000000000284e+00,6.863017448233439258e-28,4.894907711972897603e-63,2.129999999999998561e+00
5.580000000000000071e+00,2.811117128828035328e-28,2.026727641210752755e-63,2.139999999999998348e+00
5.589999999999999858e+00,9.834372877407005884e-29,8.372187203030758037e-64,2.149999999999998135e+00
5.600000000000000533e+00,2.565030690651487590e-28,3.450455810336324430e-64,2.159999999999997922e+00
5.610000000000000320e+00,5.943263038513162025e-28,1.418761336205310155e-64,2.169999999999997708e+00
5.620000000000000107e+00,8.425602729094386750e-28,5.820213109447604475e-65,2.179999999999997495e+00
5.629999999999999893e+00,8.524593599659198858e-28,2.382135289803223497e-65,2.189999999999997282e+00
5.639999999999999680e+00,6.705813646058426217e-28,9.727321607225015963e-66,2.199999999999997069e+00
5.650000000000000355e+00,4.405549731621401281e-28,3.962969769783305877e-66,2.209999999999996856e+00
5.660000000000000142e+00,2.713806024903804729e-28,1.610831778670454287e-66,2.219999999999996643e+00
5.669999999999999929e+00,1.921074840815069620e-28,6.532551920784486955e-67,2.229999999999996430e+00
5.679999999999999716e+00,1.869739473942234761e-28,2.643139627934775654e-67,2.239999999999996216e+00
5.690000000000000391e+00,2.331915149379421731e-28,1.066996989331194583e-67,2.249999999999996003e+00
5.700000000000000178e+00,3.014944665832648943e-28,4.297475675139172614e-68,2.259999999999995790e+00
5.709999999999999964e+00,3.480063076081821882e-28,1.726919500779039224e-68,2.269999999999995577e+00
5.719999999999999751e+00,3.337648059576074741e-28,6.923735637011931721e-69,2.279999999999995364e+00
5.730000000000000426e+00,2.592492872905030054e-28,2.769617895787222358e-69,2.289999999999995151e+00
5.740000000000000213e+00,1.696948322445556958e-28,1.105379755623852294e-69,2.299999999999994937e+00
5.750000000000000000e+00,1.162685389513150798e-28,4.401662059147761688e-70,2.309999999999994724e+00
5.759999999999999787e+00,1.117040282892543346e-28,1.748786093675573724e-70,2.319999999999994511e+00
5.770000000000000462e+00,1.303941882148470179e-28,6.932226621212910571e-71,2.329999999999994298e+00
5.780000000000000249e+00,1.558718019203029331e-28,2.741739155223208831e-71,2.339999999999994085e+00
5.790000000000000036e+00,2.238957963178307289e-28,1.081927327331717582e-71,2.349999999999993872e+00
5.799999999999999822e+00,4.072824152576432897e-28,4.259806452062041231e-72,2.359999999999993658e+00
5.810000000000000497e+00,7.443297420268820837e-28,1.673411337455770189e-72,2.369999999999993445e+00
5.820000000000000284e+00,1.172059749384118764e-27,6.559003289409612597e-73,2.379999999999993232e+00
5.830000000000000071e+00,1.530413741236419245e-27,2.565054080117561311e-73,2.389999999999993019e+00
5.839999999999999858e+00,1.647626313131160836e-27,1.000875292294216497e-73,2.399999999999992806e+00
5.850000000000000533e+00,1.449330204448973313e-27,3.896632075051989159e-74,2.409999999999992593e+00
5.860000000000000320e+00,1.012260466290600016e-27,1.513652021062957437e-74,2.419999999999992379e+00
5.870000000000000107e+00,5.239544594880905844e-28,5.866662667236938856e-75,2.429999999999992166e+00
5.879999999999999893e+00,1.774055954310525765e-28,2.268745752012055831e-75,2.439999999999991953e+00
5.889999999999999680e+00,7.131008411272646115e-29,8.754097711057316210e-76,2.449999999999991740e+00
5.900000000000000355e+00,1.751666559675078405e-28,3.370303432484783173e-76,2.459999999999991527e+00
5.910000000000000142e+00,3.694675263173333344e-28,1.294672334056313719e-76,2.469999999999991314e+00
5.919999999999999929e+00,5.240894706565136191e-28,4.962324724159341129e-77,2.479999999999991100e+00
5.929999999999999716e+00,5.633841168656695644e-28,1.897781163820820410e-77,2.489999999999990887e+00
5.940000000000000391e+00,4.864515293104602899e-28,7.241756365237044936e-78,2.499999999999990674e+00
5.950000000000000178e+00,3.445097049674552843e-28,2.757272550139134554e-78,2.509999999999990461e+00
5.959999999999999964e+00,2.000741044802784778e-28,1.047501548102420822e-78,2.519999999999990248e+00
5.969999999999999751e+00,9.454284410642071581e-29,3.970726858755988957e-79,2.529999999999990035e+00
5.980000000000000426e+00,3.753446248440330239e-29,1.501851139729377947e-79,2.539999999999989821e+00
5.990000000000000213e+00,1.566164766261066133e-29,5.667955937033389264e-80,2.549999999999989608e+00
6.000000000000000000e+00,9.616742164165317036e-30,2.134370979693547927e-80,2.559999999999989395e+00
6.009999999999999787e+00,8.251660613935097297e-30,8.019704633838010700e-81,2.569999999999989182e+00
6.020000000000000462e+00,1.338458446927966329e-29,3.006720225960593918e-81,2.579999999999988969e+00
6.030000000000000249e+00,3.516256625734677517e-29,1.124799191074593570e-81,2.589999999999988756e+00
6.040000000000000036e+00,8.231127258370722648e-29,4.198609167783513600e-82,2.599999999999988542e+00
6.049999999999999822e+00,1.534136729248749724e-28,1.563815544579880080e-82,2.609999999999988329e+00
6.060000000000000497e+00,2.342484584386355064e-28,5.811876312783244846e-83,2.619999999999988116e+00
6.070000000000000284e+00,3.027549198461616463e-28,2.155257165972678649e-83,2.629999999999987903e+00
6.080000000000000071e+00,3.389775101130409628e-28,7.975076572375292055e-84,2.639999999999987690e+00
6.089999999999999858e+00,3.345955678055985763e-28,2.944589662142012477e-84,2.649999999999987477e+00
6.100000000000000533e+00,2.969345045151270860e-28,1.084850732441071278e-84,2.659999999999987264e+00
6.110000000000000320e+00,2.454753562498899726e-28,3.988150996593783829e-85,2.669999999999987050e+00
6.120000000000000107e+00,2.028917053046044119e-28,1.462954163322108332e-85,2.679999999999986837e+00
6.129999999999999893e+00,1.852006391405200008e-28,5.354864412649268655e-86,2.689999999999986624e+00
6.140000000000000568e+00,1.955186620670874531e-28,1.955806933332529414e-86,2.699999999999986411e+00
6.150000000000000355e+00,2.236988339009838510e-28,7.127944884783426533e-87,2.709999999999986198e+00
6.160000000000000142e+00,2.513625997478570083e-28,2.592176899060958275e-87,2.719999999999985985e+00
6.169999999999999929e+00,2.599029688364175565e-28,9.406498469008478630e-88,2.729999999999985771e+00
6.179999999999999716e+00,2.383752544862838522e-28,3.406085046865543657e-88,2.739999999999985558e+00
6.190000000000000391e+00,1.885200232444144718e-28,1.230688729031257387e-88,2.749999999999985345e+00
6.200000000000000178e+00,1.250958550585022807e-28,4.437182421305779639e-89,2.759999999999985132e+00
6.209999999999999964e+00,7.110598343234869732e-29,1.596370721247236344e-89,2.769999999999984919e+00
6.219999999999999751e+00,4.928353330457793215e-29,5.730977645997148465e-90,2.779999999999984706e+00
6.230000000000000426e+00,7.288076934672590295e-29,2.053020297399334201e-90,2.789999999999984492e+00
6.240000000000000213e+00,1.395327085312348277e-28,7.338856802663950792e-91,2.799999999999984279e+00
6.250000000000000000e+00,2.310447050429617815e-28,2.617792969244017402e-91,2.809999999999984066e+00
6.259999999999999787e+00,3.195212174485210962e-28,9.317833802295938525e-92,2.819999999999983853e+00
6.270000000000000462e+00,3.774122957421165412e-28,3.309546338125329113e-92,2.829999999999983640e+00
6.280000000000000249e+00,3.872909504331301611e-28,1.172996931801928213e-92,2.839999999999983427e+00
6.290000000000000036e+00,3.474286217292351996e-28,4.148596978019827025e-93,2.849999999999983213e+00
6.299999999999999822e+00,2.713105288165956182e-28,1.464140086442632894e-93,2.859999999999983000e+00
6.310000000000000497e+00,1.819517728408431941e-28,5.156346339156858161e-94,2.869999999999982787e+00
6.320000000000000284e+00,1.038427265487731818e-28,1.812093656975935328e-94,2.879999999999982574e+00
6.330000000000000071e+00,5.576141119584053304e-29,6.354762950385138641e-95,2.889999999999982361e+00
6.339999999999999858e+00,4.666596601342262054e-29,2.223818119134089229e-95,2.899999999999982148e+00
6.350000000000000533e+00,7.522328805250881745e-29,7.765714247311205353e-96,2.909999999999981934e+00
6.360000000000000320e+00,1.321377023656140012e-28,2.706118516580064146e-96,2.919999999999981721e+00
6.370000000000000107e+00,2.038204710548318844e-28,9.410149345714149634e-97,2.929999999999981508e+00
6.379999999999999893e+00,2.760628951750284304e-28,3.265363563929464994e-97,2.939999999999981295e+00
6.390000000000000568e+00,3.368854805313571194e-28,1.130714381953435201e-97,2.949999999999981082e+00
6.400000000000000355e+00,3.782536876437423811e-28,3.907164155438718062e-98,2.959999999999980869e+00
6.410000000000000142e+00,3.966823942688502593e-28,1.347282863135167091e-98,2.969999999999980655e+00
6.419999999999999929e+00,3.929040520784672757e-28,4.636020138950204088e-99,2.979999999999980442e+00
6.429999999999999716e+00,3.708483290187988854e-28,1.591923719468772889e-99,2.989999999999980229e+00
6.440000000000000391e+00,3.362427507467968073e-28,5.454947982341382616e-100,2.999999999999980016e+00
6.450000000000000178e+00,2.951873162103594373e-28,1.865311632388252095e-100,3.009999999999979803e+00
6.459999999999999964e+00,2.530317214706300467e-28,6.365105564693835829e-101,3.019999999999979590e+00
6.469999999999999751e+00,2.137630969249339501e-28,2.167475759850687283e-101,3.029999999999979376e+00
6.480000000000000426e+00,1.799244636794936720e-28,7.365433449150830571e-102,3.039999999999979163e+00
6.490000000000000213e+00,1.529048764463573346e-28,2.497691439589344445e-102,3.049999999999978950e+00
6.500000000000000000e+00,1.333478411247972885e-28,8.452334305821399747e-103,3.059999999999978737e+00
6.509999999999999787e+00,1.214486921809155462e-28,2.854387548307907917e-103,3.069999999999978524e+00
6.520000000000000462e+00,1.170294363867002232e-28,9.619413331684299824e-104,3.079999999999978311e+00
6.530000000000000249e+00,1.194256394648306762e-28,3.235076765848708326e-104,3.089999999999978098e+00
6.540000000000000036e+00,1.273243408230182120e-28,1.085730228743104434e-104,3.099999999999977884e+00
6.549999999999999822e+00,1.387135911765921186e-28,3.636315674486158668e-105,3.109999999999977671e+00
6.560000000000000497e+00,1.510449672967221508e-28,1.215358794565799329e-105,3.119999999999977458e+00
6.570000000000000284e+00,1.616075068834506854e-28,4.053700781140116713e-106,3.129999999999977245e+00
6.580000000000000071e+00,1.680152173701181372e-28,1.349286223783836669e-106,3.139999999999977032e+00
6.589999999999999858e+00,1.686603981962384462e-28,4.481905178542091480e-107,3.149999999999976819e+00
6.600000000000000533e+00,1.629960843894254114e-28,1.485690624907767969e-107,3.159999999999976605e+00
6.610000000000000320e+00,1.515711322579196867e-28,4.914758698767507873e-108,3.169999999999976392e+00
6.620000000000000107e+00,1.358221770965654755e-28,1.622501363510762255e-108,3.179999999999976179e+00
6.629999999999999893e+00,1.176966575920209718e-28,5.345372143994848031e-109,3.189999999999975966e+00
6.640000000000000568e+00,9.921860431467619840e-29,1.757445136505697700e-109,3.199999999999975753e+00
6.650000000000000355e+00,8.210754716882675875e-29,5.766303633582811915e-110,3.209999999999975540e+00
6.660000000000000142e+00,6.752850448833112634e-29,1.888104739479113909e-110,3.219999999999975326e+00
6.669999999999999929e+00,5.600361600035238586e-29,6.169762448783811408e-111,3.229999999999975113e+00
6.679999999999999716e+00,4.747055995756648604e-29,2.011988651610470365e-111,3.239999999999974900e+00
6.690000000000000391e+00,4.144168742690093856e-29,6.547843176648260839e-112,3.249999999999974687e+00
6.700000000000000178e+00,3.720574151873632817e-29,2.126608782935552070e-112,3.259999999999974474e+00
6.709999999999999964e+00,3.401926078635174328e-29,6.892780652498272545e-113,3.269999999999974261e+00
6.719999999999999751e+00,3.125118731106973373e-29,2.229563067703197556e-113,3.279999999999974047e+00
6.730000000000000426e+00,2.846448905877174170e-29,7.197214367457665715e-114,3.289999999999973834e+00
6.740000000000000213e+00,2.543666066180785253e-29,2.318619102557966776e-114,3.299999999999973621e+00
6.750000000000000000e+00,2.213317649473328933e-29,7.454449809789096246e-115,3.309999999999973408e+00
6.759999999999999787e+00,1.865334511368524161e-29,2.391794765612914241e-115,3.319999999999973195e+00
6.770000000000000462e+00,1.516754471130527352e-29,7.658703769698000774e-116,3.329999999999972982e+00
6.780000000000000249e+00,1.186053339341618585e-29,2.447431742838845262e-116,3.339999999999972768e+00
6.790000000000000036e+00,8.889628072633958215e-30,7.805321024575472798e-117,3.349999999999972555e+00
6.799999999999999822e+00,6.360824642981573651e-30,2.484258143082210285e-117,3.359999999999972342e+00
6.810000000000000497e+00,4.321512385128644251e-30,7.890951038865409515e-118,3.369999999999972129e+00
6.820000000000000284e+00,2.765766239253211204e-30,2.501436892939044588e-118,3.379999999999971916e+00
6.830000000000000071e+00,1.647208266481506104e-30,7.913675296439222538e-119,3.389999999999971703e+00
6.839999999999999858e+00,8.947261575129719868e-31,2.498597337340820342e-119,3.399999999999971489e+00
6.850000000000000533e+00,4.274143765667924076e-31,7.873078506955793048e-120,3.409999999999971276e+00
6.860000000000000320e+00,1.664814366740782123e-31,2.475848382090012871e-120,3.419999999999971063e+00
6.870000000000000107e+00,4.317679562949764683e-32,7.770260011297394564e-121,3.429999999999970850e+00
6.879999999999999893e+00,2.809767382258799532e-33,2.433772537117913149e-121,3.439999999999970637e+00
6.890000000000000568e+00,5.574051883203520466e-33,7.607785036768730206e-122,3.449999999999970424e+00
6.900000000000000355e+00,2.517258496674478523e-32,2.373401281127172353e-122,3.459999999999970210e+00
6.910000000000000142e+00,4.623879747764855838e-32,7.389578782981903684e-123,3.469999999999969997e+00
6.919999999999999929e+00,6.137631413429594301e-32,2.296173193859309104e-123,3.479999999999969784e+00
6.929999999999999716e+00,6.838824220532436604e-32,7.120769418236890114e-124,3.489999999999969571e+00
6.940000000000000391e+00,6.801506394947475578e-32,2.203877219526149284e-124,3.499999999999969358e+00
6.950000000000000178e+00,6.229312364872043972e-32,6.807488719447565481e-125,3.509999999999969145e+00
6.959999999999999964e+00,5.350317862020772137e-32,2.098584171826289100e-125,3.519999999999968932e+00
6.969999999999999751e+00,4.359978245148941202e-32,6.456641121614717074e-126,3.529999999999968718e+00
6.980000000000000426e+00,3.398492792273205793e-32,1.982570120215572313e-126,3.539999999999968505e+00
6.990000000000000213e+00,2.549649882176135403e-32,6.075653234339797155e-127,3.549999999999968292e+00
7.000000000000000000e+00,1.850752854525171962e-32,1.858235579965699259e-127,3.559999999999968079e+00
7.009999999999999787e+00,1.306350187816193948e-32,5.672216373621447663e-128,3.569999999999967866e+00
7.020000000000000462e+00,9.013898252067053117e-33,1.728024456466553559e-128,3.579999999999967653e+00
7.030000000000000249e+00,6.116840912600571717e-33,5.254034352137491010e-129,3.589999999999967439e+00
7.040000000000000036e+00,4.111060116464690084e-33,1.594346478610314049e-129,3.599999999999967226e+00
7.049999999999999822e+00,2.758187765324909875e-33,4.828587735940169264e-130,3.609999999999967013e+00
7.060000000000000497e+00,1.862281717290494930e-33,1.459506426274498608e-130,3.619999999999966800e+00
7.070000000000000284e+00,1.274162354976963812e-33,4.402924127128576965e-131,3.629999999999966587e+00
7.080000000000000071e+00,8.871021012518654305e-34,1.325642856607050838e-131,3.639999999999966374e+00
7.089999999999999858e+00,6.286995629554900252e-34,3.983481926233064495e-132,3.649999999999966160e+00
7.100000000000000533e+00,4.520454712360806849e-34,1.194678316473960737e-132,3.659999999999965947e+00
7.110000000000000320e+00,3.278726399132177634e-34,3.575952643153757077e-133,3.669999999999965734e+00
7.120000000000000107e+00,2.383788724135389802e-34,1.068282252109536656e-133,3.679999999999965521e+00
7.129999999999999893e+00,1.727934679950701748e-34,3.185184346178980449e-134,3.689999999999965308e+00
7.140000000000000568e+00,1.244402934159106376e-34,9.478470491880263933e-135,3.699999999999965095e+00
7.150000000000000355e+00,8.893672954913881823e-35,2.815126440039554170e-135,3.709999999999964881e+00
7.160000000000000142e+00,6.317384552218459312e-35,8.344769094556119993e-136,3.719999999999964668e+00
7.169999999999999929e+00,4.478621893672530836e-35,2.468813798395653500e-136,3.729999999999964455e+00
7.179999999999999716e+00,3.189929567698813859e-35,7.289886369817662612e-137,3.739999999999964242e+00
7.190000000000000391e+00,2.301555326784359771e-35,2.148386462884945251e-137,3.749999999999964029e+00
7.200000000000000178e+00,1.695829959654454559e-35,6.319228997068254249e-138,3.759999999999963816e+00
7.209999999999999964e+00,1.283191256296279609e-35,1.855139740073663958e-138,3.769999999999963602e+00
7.219999999999999751e+00,9.982016761781128434e-36,5.435641691411592409e-139,3.779999999999963389e+00
7.230000000000000426e+00,7.952345866943008596e-36,1.589598618462362257e-139,3.789999999999963176e+00
7.240000000000000213e+00,6.440729364302258678e-36,4.639673288367813247e-140,3.799999999999962963e+00
7.250000000000000000e+00,5.257953769689150524e-36,1.351609989998517189e-140,3.809999999999962750e+00
7.259999999999999787e+00,4.292457332049686642e-36,3.929888749128933008e-141,3.819999999999962537e+00
7.270000000000000462e+00,3.482353725036362505e-36,1.140446160041529272e-141,3.829999999999962323e+00
7.280000000000000249e+00,2.794913510988073893e-36,3.303206940581683377e-142,3.839999999999962110e+00
7.290000000000000036e+00,2.212679180205424921e-36,9.549135052616150626e-143,3.849999999999961897e+00
7.299999999999999822e+00,1.724897715935896535e-36,2.755245734814602407e-143,3.859999999999961684e+00
7.310000000000000497e+00,1.322838383940399241e-36,7.934608111613160920e-144,3.869999999999961471e+00
7.320000000000000284e+00,9.976939447156256058e-37,2.280658463250080478e-144,3.879999999999961258e+00
7.330000000000000071e+00,7.400190772651740872e-37,6.542827011406348373e-145,3.889999999999961044e+00
7.339999999999999858e+00,5.399483961124489405e-37,1.873448766050251597e-145,3.899999999999960831e+00
7.350000000000000533e+00,3.877001942573002682e-37,5.354145677405974193e-146,3.909999999999960618e+00
7.360000000000000320e+00,2.740826445937900503e-37,1.527254122225286428e-146,3.919999999999960405e+00
7.370000000000000107e+00,1.908695466692056919e-37,4.348164505835744687e-147,3.929999999999960192e+00
7.379999999999999893e+00,1.310084969582593696e-37,1.235591583124718764e-147,3.939999999999959979e+00
7.390000000000000568e+00,8.867721385753906503e-38,3.504443029269138091e-148,3.949999999999959766e+00
7.400000000000000355e+00,5.922653684152840643e-38,9.920622581077088985e-149,3.959999999999959552e+00
7.410000000000000142e+00,3.905276234126009672e-38,2.803079931759245922e-149,3.969999999999959339e+00
7.419999999999999929e+00,2.543627248047227274e-38,7.905137638122266830e-150,3.979999999999959126e+00
7.429999999999999716e+00,1.637386512432324118e-38,2.225161594684580668e-150,3.989999999999958913e+00
7.440000000000000391e+00,1.042241278192935354e-38,6.251620487976206276e-151,3.999999999999958700e+00
7.450000000000000178e+00,6.563273374283397073e-39,1.753086515579665128e-151,4.009999999999958931e+00
7.459999999999999964e+00,4.090865447630968758e-39,4.906756956367864529e-152,4.019999999999958717e+00
7.469999999999999751e+00,2.524933487978061407e-39,1.370777469464749505e-152,4.029999999999958504e+00
7.480000000000000426e+00,1.543871654102003283e-39,3.822269796779687095e-153,4.039999999999958291e+00
7.490000000000000213e+00,9.355624823102996569e-40,1.063796226300338069e-153,4.049999999999958078e+00
7.500000000000000000e+00,5.620751652725805008e-40,2.955146605043904608e-154,4.059999999999957865e+00
7.509999999999999787e+00,3.349035825463886223e-40,8.193771480921429849e-155,4.069999999999957652e+00
7.520000000000000462e+00,1.979590445953992182e-40,2.267637574262056901e-155,4.079999999999957438e+00
7.530000000000000249e+00,1.161097009269316111e-40,6.263962801215736150e-156,4.089999999999957225e+00
7.540000000000000036e+00,6.759063270890645371e-41,1.727074890338527202e-156,4.099999999999957012e+00
7.549999999999999822e+00,3.905668944737775506e-41,4.752918739320096256e-157,4.109999999999956799e+00
7.560000000000000497e+00,2.240471926983801578e-41,1.305562207639910308e-157,4.119999999999956586e+00
7.570000000000000284e+00,1.275971474721657602e-41,3.579508954403145467e-158,4.129999999999956373e+00
7.580000000000000071e+00,7.214399975016758320e-42,9.795774472093831614e-159,4.139999999999956160e+00
7.589999999999999858e+00,4.049454520907315171e-42,2.675742280519518788e-159,4.149999999999955946e+00
7.600000000000000533e+00,2.256259726925411663e-42,7.295258725881941651e-160,4.159999999999955733e+00
7.610000000000000320e+00,1.247723849479794864e-42,1.985311984503800477e-160,4.169999999999955520e+00
7.620000000000000107e+00,6.847125984329189480e-43,5.392736617103582347e-161,4.179999999999955307e+00
7.629999999999999893e+00,3.727925486539056854e-43,1.462119150529266191e-161,4.189999999999955094e+00
7.640000000000000568e+00,2.013217620579629649e-43,3.956855220590403981e-162,4.199999999999954881e+00
7.650000000000000355e+00,1.078110315816213704e-43,1.068838576624404863e-162,4.209999999999954667e+00
7.660000000000000142e+00,5.723473292256002917e-44,2.881836720066554406e-163,4.219999999999954454e+00
7.669999999999999929e+00,3.011252859409143214e-44,7.755729180133553653e-164,4.229999999999954241e+00
7.679999999999999716e+00,1.569590233743954719e-44,2.083399887507284698e-164,4.239999999999954028e+00
7.690000000000000391e+00,8.102726603811284590e-45,5.586246465710958431e-165,4.249999999999953815e+00
7.700000000000000178e+00,4.141239243028618163e-45,1.495084446782778073e-165,4.259999999999953602e+00
7.709999999999999964e+00,2.094718229158885573e-45,3.994020090435670206e-166,4.269999999999953388e+00
7.719999999999999751e+00,1.048216899567482962e-45,1.065011684187576129e-166,4.279999999999953175e+00
7.730000000000000426e+00,5.187175656994650254e-46,2.834645924408292888e-167,4.289999999999952962e+00
7.740000000000000213e+00,2.537321437672745177e-46,7.530855181717296101e-168,4.299999999999952749e+00
7.750000000000000000e+00,1.226244007759590723e-46,1.997061845298518894e-168,4.309999999999952536e+00
7.759999999999999787e+00,5.851973703170191517e-47,5.286170683350145442e-169,4.319999999999952323e+00
7.770000000000000462e+00,2.756037900297048873e-47,1.396670644881114166e-169,4.329999999999952109e+00
7.780000000000000249e+00,1.280008172248715347e-47,3.683415318615414325e-170,4.339999999999951896e+00
7.790000000000000036e+00,5.857472793364240040e-48,9.696431622992722222e-171,4.349999999999951683e+00
7.799999999999999822e+00,2.638267104642598790e-48,2.547876981423818284e-171,4.359999999999951470e+00
7.810000000000000497e+00,1.168057523568215567e-48,6.682684196026035326e-172,4.369999999999951257e+00
7.820000000000000284e+00,5.074748768792507989e-49,1.749565018640674292e-172,4.379999999999951044e+00
7.830000000000000071e+00,2.158821848938806754e-49,4.572109237254027356e-173,4.389999999999950830e+00
7.839999999999999858e+00,8.966109803856338610e-50,1.192644933966223991e-173,4.399999999999950617e+00
7.850000000000000533e+00,3.621189402942297118e-50,3.105378127611554190e-174,4.409999999999950404e+00
7.860000000000000320e+00,1.414305313643540367e-50,8.070998312911120833e-175,4.419999999999950191e+00
7.870000000000000107e+00,5.298848035758467423e-51,2.093872142049486275e-175,4.429999999999949978e+00
7.879999999999999893e+00,1.881384333328573222e-51,5.422304293951540410e-176,4.439999999999949765e+00
7.890000000000000568e+00,6.208495659381003533e-52,1.401616256288245530e-176,4.449999999999949551e+00
7.900000000000000355e+00,1.841809148836459760e-52,3.616484137683784973e-177,4.459999999999949338e+00
7.910000000000000142e+00,4.617428854598405370e-53,9.314442943587854732e-178,4.469999999999949125e+00
7.919999999999999929e+00,8.724166013170093150e-54,2.394642993413285740e-178,4.479999999999948912e+00
7.930000000000000604e+00,1.390928691345248715e-54,6.145240904108622011e-179,4.489999999999948699e+00
7.940000000000000391e+00,1.235933143193358096e-54,1.574171256424105883e-179,4.499999999999948486e+00
7.950000000000000178e+00,1.846741154519156146e-54,4.025136851274056409e-180,4.509999999999948272e+00
7.959999999999999964e+00,1.983531123918014260e-54,1.027366989354151741e-180,4.519999999999948059e+00
7.969999999999999751e+00,1.725324587899486513e-54,2.617505020923572945e-181,4.529999999999947846e+00
7.980000000000000426e+00,1.320308921366773681e-54,6.656823980312880032e-182,4.539999999999947633e+00
7.990000000000000213e+00,9.284373986829116965e-55,1.689915269135141054e-182,4.549999999999947420e+00
8.000000000000000000e+00,6.148435464938358164e-55,4.282346100146715381e-183,4.559999999999947207e+00
8.009999999999999787e+00,3.892236242124005896e-55,1.083223929854667076e-183,4.569999999999946994e+00
8.019999999999999574e+00,2.378170166139768082e-55,2.735111544111371927e-184,4.579999999999946780e+00
8.029999999999999361e+00,1.411620142901272343e-55,6.893707015362401239e-185,4.589999999999946567e+00
8.040000000000000924e+00,8.176871601600433755e-56,1.734411916306287166e-185,4.599999999999946354e+00
8.050000000000000711e+00,4.637109355867542559e-56,4.355860744670028052e-186,4.609999999999946141e+00
8.060000000000000497e+00,2.580514915489171522e-56,1.091990095701821599e-186,4.619999999999945928e+00
8.070000000000000284e+00,1.411557056614929580e-56,2.732669103712915471e-187,4.629999999999945715e+00
8.080000000000000071e+00,7.599067929585230136e-57,6.826210685341641570e-188,4.639999999999945501e+00
8.089999999999999858e+00,4.029809149869514516e-57,1.702147858173447640e-188,4.649999999999945288e+00
8.099999999999999645e+00,2.106477039258624980e-57,4.236824613376504703e-189,4.659999999999945075e+00
8.109999999999999432e+00,1.085885039711311059e-57,1.052712924392480486e-189,4.669999999999944862e+00
8.120000000000000995e+00,5.522223649447934842e-58,2.610996814833730623e-190,4.679999999999944649e+00
8.130000000000000782e+00,2.771099406755112066e-58,6.464430941682112732e-191,4.689999999999944436e+00
8.140000000000000568e+00,1.372371601080885884e-58,1.597653079837554623e-191,4.699999999999944222e+00
8.150000000000000355e+00,6.708479500447485388e-59,3.941518176016081011e-192,4.709999999999944009e+00
8.160000000000000142e+00,3.237020500259471170e-59,9.706755863396251656e-193,4.719999999999943796e+00
8.169999999999999929e+00,1.541923726310751661e-59,2.386243988280233533e-193,4.729999999999943583e+00
8.179999999999999716e+00,7.251026573567087616e-60,5.855802232071687836e-194,4.739999999999943370e+00
8.189999999999999503e+00,3.366502567294446401e-60,1.434463201823126125e-194,4.749999999999943157e+00
8.199999999999999289e+00,1.543228143416427217e-60,3.507716801348724134e-195,4.759999999999942943e+00
8.210000000000000853e+00,6.985412524242230713e-61,8.562338161639675969e-196,4.769999999999942730e+00
8.220000000000000639e+00,3.122622669119509437e-61,2.086380960323862877e-196,4.779999999999942517e+00
8.230000000000000426e+00,1.378763844128042030e-61,5.074916098435182537e-197,4.789999999999942304e+00
8.240000000000000213e+00,6.014668996883115538e-62,1.232249869453876166e-197,4.799999999999942091e+00
8.250000000000000000e+00,2.593196979612159936e-62,2.986785192712869625e-198,4.809999999999941878e+00
8.259999999999999787e+00,1.105521706810328550e-62,7.226784890215042458e-199,4.819999999999941664e+00
8.269999999999999574e+00,4.663219886027658252e-63,1.745511961084166460e-199,4.829999999999941451e+00
8.279999999999999361e+00,1.947889027347687420e-63,4.208600725563323821e-200,4.839999999999941238e+00
8.290000000000000924e+00,8.066669243788869141e-64,1.012955690440972273e-200,4.849999999999941025e+00
8.300000000000000711e+00,3.316770985579632278e-64,2.433781732930508200e-201,4.859999999999940812e+00
8.310000000000000497e+00,1.356573931071593037e-64,5.837298334372750995e-202,4.869999999999940599e+00
8.320000000000000284e+00,5.532141129054865391e-65,1.397596691729263687e-202,4.879999999999940385e+00
8.330000000000000071e+00,2.255736035947060848e-65,3.340351543062988427e-203,4.889999999999940172e+00
8.339999999999999858e+00,9.226595178597556687e-66,7.969727042846259141e-204,4.899999999999939959e+00
8.349999999999999645e+00,3.799214626372822510e-66,1.898175241572244411e-204,4.909999999999939746e+00
8.359999999999999432e+00,1.580522837057409757e-66,4.513062709360586144e-205,4.919999999999939533e+00
8.370000000000000995e+00,6.664551041789306731e-67,1.071147451821169303e-205,4.929999999999939320e+00
8.380000000000000782e+00,2.855517417034735071e-67,2.537877155244880253e-206,4.939999999999939106e+00
8.390000000000000568e+00,1.244921747730063477e-67,6.002552934716789540e-207,4.949999999999938893e+00
8.400000000000000355e+00,5.523139607580016383e-68,1.417248749605586403e-207,4.959999999999938680e+00
8.410000000000000142e+00,2.490763784979770709e-68,3.340422986978631069e-208,4.969999999999938467e+00
8.419999999999999929e+00,1.139430888443085711e-68,7.859641848274287994e-209,4.979999999999938254e+00
8.429999999999999716e+00,5.273662385385956491e-69,1.846080240842025371e-209,4.989999999999938041e+00
8.439999999999999503e+00,2.462505696867193608e-69,4.328580795089849367e-210,4.999999999999937828e+00
8.449999999999999289e+00,1.156874429552632333e-69,1.013183783305808859e-210,5.009999999999937614e+00
8.460000000000000853e+00,5.454392913069591148e-70,2.367441676379486953e-211,5.019999999999937401e+00
8.470000000000000639e+00,2.575130692754202702e-70,5.522291307604456273e-212,5.029999999999937188e+00
8.480000000000000426e+00,1.215131705910802162e-70,1.285905069587348163e-212,5.039999999999936975e+00
8.490000000000000213e+00,5.721665961347011983e-71,2.989156699940568272e-213,5.049999999999936762e+00
8.500000000000000000e+00,2.684779500036054265e-71,6.936481611473393278e-214,5.059999999999936549e+00
8.509999999999999787e+00,1.253962122024890413e-71,1.606871626222664840e-214,5.069999999999936335e+00
8.519999999999999574e+00,5.824094119643200277e-72,3.715994934659232248e-215,5.079999999999936122e+00
8.529999999999999361e+00,2.687711827032430967e-72,8.578703026708432940e-216,5.089999999999935909e+00
8.540000000000000924e+00,1.231526230556150309e-72,1.977066802082326296e-216,5.099999999999935696e+00
8.550000000000000711e+00,5.599562741182913705e-73,4.548569568562902608e-217,5.109999999999935483e+00
8.560000000000000497e+00,2.525208787751323483e-73,1.044678663184227794e-217,5.119999999999935270e+00
8.570000000000000284e+00,1.128994210666799586e-73,2.395220994038331685e-218,5.129999999999935056e+00
8.580000000000000071e+00,5.002496214344132437e-74,5.482315581882355308e-219,5.139999999999934843e+00
8.589999999999999858e+00,2.196134093436351417e-74,1.252675675358540075e-219,5.149999999999934630e+00
8.599999999999999645e+00,9.550101986987320524e-75,2.857393292517230653e-220,5.159999999999934417e+00
8.609999999999999432e+00,4.112964562211484762e-75,6.506669579375857237e-221,5.169999999999934204e+00
8.620000000000000995e+00,1.754036551459913037e-75,1.479126885521023557e-221,5.179999999999933991e+00
8.630000000000000782e+00,7.406516997833339010e-76,3.356685439324113264e-222,5.189999999999933777e+00
8.640000000000000568e+00,3.096353612927343090e-76,7.604575602907030741e-223,5.199999999999933564e+00
8.650000000000000355e+00,1.281536159087928762e-76,1.719883499581362663e-223,5.209999999999933351e+00
8.660000000000000142e+00,5.251096749815388975e-77,3.883142916369183304e-224,5.219999999999933138e+00
8.669999999999999929e+00,2.130174335596365213e-77,8.752429096293490723e-225,5.229999999999932925e+00
8.679999999999999716e+00,8.555502440542348670e-78,1.969406164954358870e-225,5.239999999999932712e+00
8.689999999999999503e+00,3.402303398956930325e-78,4.423887079210867108e-226,5.249999999999932498e+00
8.700000000000001066e+00,1.339809728113483775e-78,9.920542051922193736e-227,5.259999999999932285e+00
8.710000000000000853e+00,5.225356850330029252e-79,2.220904999188661923e-227,5.269999999999932072e+00
8.720000000000000639e+00,2.018682262380817996e-79,4.963503702874818069e-228,5.279999999999931859e+00
8.730000000000000426e+00,7.726691619223341112e-80,1.107416745063641319e-228,5.289999999999931646e+00
8.740000000000000213e+00,2.930939738900939932e-80,2.466600223464677895e-229,5.299999999999931433e+00
8.750000000000000000e+00,1.102156221159733783e-80,5.484688503614777347e-230,5.309999999999931219e+00
8.759999999999999787e+00,4.110169333563656027e-81,1.217506430226548802e-230,5.319999999999931006e+00
8.769999999999999574e+00,1.520673109147661237e-81,2.698094949744028570e-231,5.329999999999930793e+00
8.779999999999999361e+00,5.584331584195866966e-82,5.969121739919957858e-232,5.339999999999930580e+00
8.790000000000000924e+00,2.036487133026833759e-82,1.318352227570860550e-232,5.349999999999930367e+00
8.800000000000000711e+00,7.378920085638951735e-83,2.906838224414631838e-233,5.359999999999930154e+00
8.810000000000000497e+00,2.657843328593138178e-83,6.398515425132703202e-234,5.369999999999929940e+00
8.820000000000000284e+00,9.521408803106365492e-84,1.406070517962932434e-234,5.379999999999929727e+00
8.830000000000000071e+00,3.393791630049977153e-84,3.084644166745986347e-235,5.389999999999929514e+00
8.839999999999999858e+00,1.203937256407723001e-84,6.755752007113968798e-236,5.399999999999929301e+00
8.849999999999999645e+00,4.251108074427015454e-85,1.477112408146436797e-236,5.409999999999929088e+00
8.859999999999999432e+00,1.493906103964314807e-85,3.224223797415452056e-237,5.419999999999928875e+00
8.870000000000000995e+00,5.222592619052183511e-86,7.026016419370326427e-238,5.429999999999928662e+00
8.880000000000000782e+00,1.814950249633126364e-86,1.528502144216776702e-238,5.439999999999928448e+00
8.890000000000000568e+00,6.262827549434827914e-87,3.319681482840531296e-239,5.449999999999928235e+00
8.900000000000000355e+00,2.142572056531223533e-87,7.197817176498928903e-240,5.459999999999928022e+00
8.910000000000000142e+00,7.252591436209473287e-88,1.558044285296115410e-240,5.469999999999927809e+00
8.919999999999999929e+00,2.422985849534233905e-88,3.366928802792894868e-241,5.479999999999927596e+00
8.929999999999999716e+00,7.964217224533814429e-89,7.263798259134674845e-242,5.489999999999927383e+00
8.939999999999999503e+00,2.565389800317458767e-89,1.564479499035769034e-242,5.499999999999927169e+00
8.950000000000001066e+00,8.057091228061637835e-90,3.363975281328414489e-243,5.509999999999926956e+00
8.960000000000000853e+00,2.450704283957420879e-90,7.221261728990452743e-244,5.519999999999926743e+00
8.970000000000000639e+00,7.151798635991318405e-91,1.547573553718875649e-244,5.529999999999926530e+00
8.980000000000000426e+00,1.974775221610719748e-91,3.311067149938829657e-245,5.539999999999926317e+00
8.990000000000000213e+00,5.045822803986279970e-92,7.072349328877768384e-246,5.549999999999926104e+00
9.000000000000000000e+00,1.146633531651662628e-92,1.508130751662393202e-246,5.559999999999925890e+00
9.009999999999999787e+00,2.132967455925292611e-93,3.210660702068181268e-247,5.569999999999925677e+00
9.019999999999999574e+00,2.585196101944080316e-94,6.823866193306408004e-248,5.579999999999925464e+00
9.029999999999999361e+00,6.269421959535536810e-96,1.447930819639967731e-248,5.589999999999925251e+00
9.040000000000000924e+00,1.313957871464232590e-95,3.067233848812111983e-249,5.599999999999925038e+00
9.050000000000000711e+00,2.619123248770802837e-95,6.486766649455624760e-250,5.609999999999924825e+00
9.060000000000000497e+00,2.417299342013972920e-95,1.369596120244921111e-250,5.619999999999924611e+00
9.070000000000000284e+00,1.671704897324401183e-95,2.886955947248097641e-251,5.629999999999924398e+00
9.080000000000000071e+00,9.911493848945300389e-96,6.075356073531095709e-252,5.639999999999924185e+00
9.089999999999999858e+00,5.332090319335675675e-96,1.276402945597742680e-252,5.649999999999923972e+00
9.099999999999999645e+00,2.680016538704087120e-96,2.677249708382783351e-253,5.659999999999923759e+00
9.109999999999999432e+00,1.280196861852297015e-96,5.606289528223201974e-254,5.669999999999923546e+00
9.120000000000000995e+00,5.875301383381962198e-97,1.172055733158049994e-254,5.679999999999923332e+00
9.130000000000000782e+00,2.609674560487159293e-97,2.446288312973119143e-255,5.689999999999923119e+00
9.140000000000000568e+00,1.127735718187004901e-97,5.097464260439054579e-256,5.699999999999922906e+00
9.150000000000000355e+00,4.759483775713200271e-98,1.060445725786721755e-256,5.709999999999922693e+00
9.160000000000000142e+00,1.967482556265216142e-98,2.202474780958583704e-257,5.719999999999922480e+00
9.169999999999999929e+00,7.984522833949195893e-99,4.566907527480635833e-258,5.729999999999922267e+00
9.179999999999999716e+00,3.186856796154682459e-99,9.454156766706533763e-259,5.739999999999922053e+00
9.189999999999999503e+00,1.252831232720183803e-99,1.953948983261116584e-259,5.749999999999921840e+00
9.200000000000001066e+00,4.857005903662367216e-100,4.031753867991215940e-260,5.759999999999921627e+00
9.210000000000000853e+00,1.858808014665842089e-100,8.305498460624347220e-261,5.769999999999921414e+00
9.220000000000000639e+00,7.028566139684293317e-101,1.708161076606933793e-261,5.779999999999921201e+00
9.230000000000000426e+00,2.627772974043502259e-101,3.507388691745246000e-262,5.789999999999920988e+00
9.240000000000000213e+00,9.720233556303160818e-102,7.190042489197835108e-263,5.799999999999920774e+00
9.250000000000000000e+00,3.559393411230849365e-102,1.471539844135513275e-263,5.809999999999920561e+00
9.259999999999999787e+00,1.290916134217835207e-102,3.006810992957412582e-264,5.819999999999920348e+00
9.269999999999999574e+00,4.639051727275158643e-103,6.133866108463648598e-265,5.829999999999920135e+00
9.279999999999999361e+00,1.652469752102641875e-103,1.249272087342956304e-265,5.839999999999919922e+00
9.290000000000000924e+00,5.836536266372368346e-104,2.540240792939685201e-266,5.849999999999919709e+00
9.300000000000000711e+00,2.044659100242819166e-104,5.156895863101581209e-267,5.859999999999919496e+00
9.310000000000000497e+00,7.106267196998708248e-105,1.045196589139892828e-267,5.869999999999919282e+00
9.320000000000000284e+00,2.450831677751789471e-105,2.114970297921144158e-268,5.879999999999919069e+00
9.330000000000000071e+00,8.389188417162100633e-106,4.272752597287945685e-269,5.889999999999918856e+00
9.339999999999999858e+00,2.850571086659208911e-106,8.618048311834728299e-270,5.899999999999918643e+00
9.349999999999999645e+00,9.616319706169677943e-107,1.735434881245640513e-270,5.909999999999918430e+00
9.359999999999999432e+00,3.221069857143999127e-107,3.489044083734188146e-271,5.919999999999918217e+00
9.370000000000000995e+00,1.071383857436931131e-107,7.003317940040144784e-272,5.929999999999918003e+00
9.380000000000000782e+00,3.538949658606785304e-108,1.403463090856015892e-272,5.939999999999917790e+00
9.390000000000000568e+00,1.160942333215124907e-108,2.808008566054092555e-273,5.949999999999917577e+00
9.400000000000000355e+00,3.782417687345127670e-109,5.609144825069688278e-274,5.959999999999917364e+00
9.410000000000000142e+00,1.223941011683746136e-109,1.118655037995410009e-274,5.969999999999917151e+00
9.419999999999999929e+00,3.933583818425027003e-110,2.227396473202648448e-275,5.979999999999916938e+00
9.429999999999999716e+00,1.255609326059539410e-110,4.427934601288495995e-276,5.989999999999916724e+00
9.439999999999999503e+00,3.980689145732320549e-111,8.788357249361911383e-277,5.999999999999916511e+00
9.450000000000001066e+00,1.253426957434816002e-111,1.741476229004405111e-277,6.009999999999916298e+00
9.460000000000000853e+00,3.919932304828242180e-112,3.445333359835989511e-278,6.019999999999916085e+00
9.470000000000000639e+00,1.217597368260546763e-112,6.805331808956128893e-279,6.029999999999915872e+00
9.480000000000000426e+00,3.756555082334865209e-113,1.342060900636654356e-279,6.039999999999915659e+00
9.490000000000000213e+00,1.151237098725161545e-113,2.642411865220770276e-280,6.049999999999915445e+00
9.500000000000000000e+00,3.504891991147682291e-114,5.194391389050795088e-281,6.059999999999915232e+00
9.509999999999999787e+00,1.060204021641624399e-114,1.019471770542878277e-281,6.069999999999915019e+00
9.519999999999999574e+00,3.187213908095680996e-115,1.997664799942089893e-282,6.079999999999914806e+00
9.529999999999999361e+00,9.525396936041151150e-116,3.908205660018920589e-283,6.089999999999914593e+00
9.540000000000000924e+00,2.831392755997904192e-116,7.633787773481642078e-284,6.099999999999914380e+00
9.550000000000000711e+00,8.375704995825058306e-117,1.488713528516209818e-284,6.109999999999914166e+00
9.560000000000000497e+00,2.467644920565813318e-117,2.898618552233441917e-285,6.119999999999913953e+00
9.570000000000000284e+00,7.247841278178709940e-118,5.634824288314440367e-286,6.129999999999913740e+00
9.580000000000000071e+00,2.124819613220387142e-118,1.093653037913242519e-286,6.139999999999913527e+00
9.589999999999999858e+00,6.226532842687290265e-119,2.119283815116825101e-287,6.149999999999913314e+00
9.599999999999999645e+00,1.826826909778989950e-119,4.100242540258303888e-288,6.159999999999913101e+00
9.609999999999999432e+00,5.376011643222781722e-120,7.920294601803845280e-289,6.169999999999912887e+00
9.620000000000000995e+00,1.589807870837869102e-120,1.527513234579573863e-289,6.179999999999912674e+00
9.630000000000000782e+00,4.732846481815832941e-121,2.941311210832787933e-290,6.189999999999912461e+00
9.640000000000000568e+00,1.420526165548253284e-121,5.654703241384145822e-291,6.199999999999912248e+00
9.650000000000000355e+00,4.303139971909890871e-122,1.085405437877252584e-291,6.209999999999912035e+00
9.660000000000000142e+00,1.316232329095312104e-122,2.080118105638820261e-292,6.219999999999911822e+00
9.669999999999999929e+00,4.064449332563149645e-123,3.980139662663937868e-293,6.229999999999911608e+00
9.679999999999999716e+00,1.265971547066803302e-123,7.603673061173945754e-294,6.239999999999911395e+00
9.689999999999999503e+00,3.971899286886504486e-124,1.450320056365216915e-294,6.249999999999911182e+00
9.700000000000001066e+00,1.253039345088790832e-124,2.761976969856785015e-295,6.259999999999910969e+00
9.710000000000000853e+00,3.967208007030581671e-125,5.251610676104518545e-296,6.269999999999910756e+00
9.720000000000000639e+00,1.258096118091689834e-125,9.969692142344348699e-297,6.279999999999910543e+00
9.730000000000000426e+00,3.988901075318631487e-126,1.889679772062737903e-297,6.289999999999910330e+00
9.740000000000000213e+00,1.262368695272274560e-126,3.576122660111225618e-298,6.299999999999910116e+00
9.750000000000000000e+00,3.981917516583770528e-127,6.757013844884060304e-299,6.309999999999909903e+00
9.759999999999999787e+00,1.250403289671512241e-127,1.274723240984275686e-299,6.319999999999909690e+00
9.769999999999999574e+00,3.905095282269160156e-128,2.401022194960710785e-300,6.329999999999909477e+00
9.779999999999999361e+00,1.211969253339899888e-128,4.515398687283454811e-301,6.339999999999909264e+00
9.790000000000000924e+00,3.735562648710227870e-129,8.478444234328906183e-302,6.349999999999909051e+00
9.800000000000000711e+00,1.142907548276595209e-129,1.589486529120289530e-302,6.359999999999908837e+00
9.810000000000000497e+00,3.469715414203918869e-130,2.975216902117766552e-303,6.369999999999908624e+00
9.820000000000000284e+00,1.044925017017996393e-130,5.560348207683498113e-304,6.379999999999908411e+00
9.830000000000000071e+00,3.121082968466760649e-131,1.037546094449354877e-304,6.389999999999908198e+00
9.839999999999999858e+00,9.245133433286915277e-132,1.933015521363602387e-305,6.399999999999907985e+00
9.849999999999999645e+00,2.715864621412911034e-132,3.595723509670513168e-306,6.409999999999907772e+00
9.859999999999999432e+00,7.912911040343511703e-133,6.678219979830775147e-307,6.419999999999907558e+00
9.870000000000000995e+00,2.287185515258857372e-133,1.238394769115485181e-307,6.429999999999907345e+00
9.880000000000000782e+00,6.561163108849292736e-134,2.292883181409657291e-308,6.439999999999907132e+00
9.890000000000000568e+00,1.869166400999433957e-134,4.238670460648832598e-309,6.449999999999906919e+00
9.900000000000000355e+00,5.292988555511527237e-135,7.823530051642933748e-310,6.459999999999906706e+00
9.910000000000000142e+00,1.491755123682536972e-135,1.441788994374054387e-310,6.469999999999906493e+00
9.919999999999999929e+00,4.191724720581069496e-136,2.652937247369100254e-311,6.479999999999906279e+00
9.929999999999999716e+00,1.176989805975079101e-136,4.873927211740031445e-312,6.489999999999906066e+00
9.939999999999999503e+00,3.311855832703399513e-137,8.940429048991422149e-313,6.499999999999905853e+00
9.950000000000001066e+00,9.370253981464310532e-138,1.637440062867270958e-313,6.509999999999905640e+00
9.960000000000000853e+00,2.675620187555905744e-138,2.994336885567219848e-314,6.519999999999905427e+00
9.970000000000000639e+00,7.739234485546209231e-139,5.467195107358181882e-315,6.529999999999905214e+00
9.980000000000000426e+00,2.274852984041344196e-139,9.966842992291609111e-316,6.539999999999905000e+00
9.990000000000000213e+00,6.809322512524988293e-140,1.814179506403436004e-316,6.549999999999904787e+00
1.000000000000000000e+01,2.076876006260974139e-140,3.297106574138599830e-317,6.559999999999904574e+00
1.000999999999999979e+01,6.448037821484944338e-141,5.982962048161451214e-318,6.569999999999904361e+00
1.001999999999999957e+01,2.032837322386629484e-141,1.084004730257986980e-318,6.579999999999904148e+00
1.002999999999999936e+01,6.486170280938560562e-142,1.960995954908491658e-319,6.589999999999903935e+00
1.004000000000000092e+01,2.086820925908334553e-142,3.541956615035896475e-320,6.599999999999903721e+00
1.005000000000000071e+01,6.745977800991958299e-143,6.388268800727317816e-321,6.609999999999903508e+00
1.006000000000000050e+01,2.184242122318930702e-143,1.151172954810104448e-321,6.619999999999903295e+00
1.007000000000000028e+01,7.065217987007379183e-144,2.075075712533235486e-322,6.629999999999903082e+00
1.008000000000000007e+01,2.278437434134179648e-144,3.952525166729972353e-323,6.639999999999902869e+00
1.008999999999999986e+01,7.314319975827786987e-145,4.940656458412465442e-324,6.649999999999902656e+00
1.009999999999999964e+01,2.334848356795616435e-145,0.000000000000000000e+00,6.659999999999902442e+00
1.010999999999999943e+01,7.405589704548288231e-146,0.000000000000000000e+00,6.669999999999902229e+00
1.012000000000000099e+01,2.332688301778110521e-146,0.000000000000000000e+00,6.679999999999902016e+00
1.013000000000000078e+01,7.294789789700685155e-147,0.000000000000000000e+00,6.689999999999901803e+00
1.014000000000000057e+01,2.264390831987313767e-147,0.000000000000000000e+00,6.699999999999901590e+00
1.015000000000000036e+01,6.976531098695583506e-148,0.000000000000000000e+00,6.709999999999901377e+00
1.016000000000000014e+01,2.133412683142575642e-148,0.000000000000000000e+00,6.719999999999901164e+00
1.016999999999999993e+01,6.475543921081589132e-149,0.000000000000000000e+00,6.729999999999900950e+00
1.017999999999999972e+01,1.951087971255919498e-149,0.000000000000000000e+00,6.739999999999900737e+00
1.018999999999999950e+01,5.836052768544064170e-150,0.000000000000000000e+00,6.749999999999900524e+00
1.020000000000000107e+01,1.733212065822815654e-150,0.000000000000000000e+00,6.759999999999900311e+00
1.021000000000000085e+01,5.111237244217819558e-151,0.000000000000000000e+00,6.769999999999900098e+00
1.022000000000000064e+01,1.496909399968475062e-151,0.000000000000000000e+00,6.779999999999899885e+00
1.023000000000000043e+01,4.354254656240949510e-152,0.000000000000000000e+00,6.789999999999899671e+00
1.024000000000000021e+01,1.258155322208100654e-152,0.000000000000000000e+00,6.799999999999899458e+00
1.025000000000000000e+01,3.611679412834228053e-153,0.000000000000000000e+00,6.809999999999899245e+00
1.025999999999999979e+01,1.030124648549775943e-153,0.000000000000000000e+00,6.819999999999899032e+00
1.026999999999999957e+01,2.919616278568106908e-154,0.000000000000000000e+00,6.829999999999898819e+00
1.027999999999999936e+01,8.223666638764402425e-155,0.000000000000000000e+00,6.839999999999898606e+00
1.029000000000000092e+01,2.302267659410691423e-155,0.000000000000000000e+00,6.849999999999898392e+00
1.030000000000000071e+01,6.406815496072647389e-156,0.000000000000000000e+00,6.859999999999898179e+00
1.031000000000000050e+01,1.772429297269271411e-156,0.000000000000000000e+00,6.869999999999897966e+00
1.032000000000000028e+01,4.875048756166154640e-157,0.000000000000000000e+00,6.879999999999897753e+00
1.033000000000000007e+01,1.333258476032739905e-157,0.000000000000000000e+00,6.889999999999897540e+00
1.033999999999999986e+01,3.625903127309086401e-158,0.000000000000000000e+00,6.899999999999897327e+00
1.034999999999999964e+01,9.806744159743507931e-159,0.000000000000000000e+00,6.909999999999897113e+00
1.035999999999999943e+01,2.638031863433603091e-159,0.000000000000000000e+00,6.919999999999896900e+00
1.037000000000000099e+01,7.058640068615382493e-160,0.000000000000000000e+00,6.929999999999896687e+00
1.038000000000000078e+01,1.878826940910031931e-160,0.000000000000000000e+00,6.939999999999896474e+00
1.039000000000000057e+01,4.975262470864080999e-161,0.000000000000000000e+00,6.949999999999896261e+00
1.040000000000000036e+01,1.310832972301186416e-161,0.000000000000000000e+00,6.959999999999896048e+00
1.041000000000000014e+01,3.436525582777067195e-162,0.000000000000000000e+00,6.969999999999895834e+00
1.041999999999999993e+01,8.965439159099172463e-163,0.000000000000000000e+00,6.979999999999895621e+00
1.042999999999999972e+01,2.327783052688111761e-163,0.000000000000000000e+00,6.989999999999895408e+00
1.043999999999999950e+01,6.015503229064371596e-164,0.000000000000000000e+00,6.999999999999895195e+00
1.045000000000000107e+01,1.547390861284454096e-164,0.000000000000000000e+00,7.009999999999894982e+00
1.046000000000000085e+01,3.962482430714403065e-165,0.000000000000000000e+00,7.019999999999894769e+00
1.047000000000000064e+01,1.010218354252112603e-165,0.000000000000000000e+00,7.029999999999894555e+00
1.048000000000000043e+01,2.564400238964958728e-166,0.000000000000000000e+00,7.039999999999894342e+00
1.049000000000000021e+01,6.482191871805673716e-167,0.000000000000000000e+00,7.049999999999894129e+00
1.050000000000000000e+01,1.631801032603424093e-167,0.000000000000000000e+00,7.059999999999893916e+00
1.050999999999999979e+01,4.091347832785993684e-168,0.000000000000000000e+00,7.069999999999893703e+00
1.051999999999999957e+01,1.021797982433109683e-168,0.000000000000000000e+00,7.079999999999893490e+00
1.052999999999999936e+01,2.542199459753177707e-169,0.000000000000000000e+00,7.089999999999893276e+00
1.054000000000000092e+01,6.301553116906941306e-170,0.000000000000000000e+00,7.099999999999893063e+00
1.055000000000000071e+01,1.556422023454368616e-170,0.000000000000000000e+00,7.109999999999892850e+00
1.056000000000000050e+01,3.830877053139989114e-171,0.000000000000000000e+00,7.119999999999892637e+00
1.057000000000000028e+01,9.397455821452253297e-172,0.000000000000000000e+00,7.129999999999892424e+00
1.058000000000000007e+01,2.297812286711059913e-172,0.000000000000000000e+00,7.139999999999892211e+00
1.058999999999999986e+01,5.600962056697897935e-173,0.000000000000000000e+00,7.149999999999891998e+00
1.059999999999999964e+01,1.361152546967240023e-173,0.000000000000000000e+00,7.159999999999891784e+00
1.060999999999999943e+01,3.298373216583861045e-174,0.000000000000000000e+00,7.169999999999891571e+00
1.062000000000000099e+01,7.970667501089108245e-175,0.000000000000000000e+00,7.179999999999891358e+00
1.063000000000000078e+01,1.921076868451461578e-175,0.000000000000000000e+00,7.189999999999891145e+00
1.064000000000000057e+01,4.618523771272160010e-176,0.000000000000000000e+00,7.199999999999890932e+00
1.065000000000000036e+01,1.107702243586859283e-176,0.000000000000000000e+00,7.209999999999890719e+00
1.066000000000000014e+01,2.650677415665101507e-177,0.000000000000000000e+00,7.219999999999890505e+00
1.066999999999999993e+01,6.329313440656853253e-178,0.000000000000000000e+00,7.229999999999890292e+00
1.067999999999999972e+01,1.508249385710576678e-178,0.000000000000000000e+00,7.239999999999890079e+00
1.068999999999999950e+01,3.587205519939619524e-179,0.000000000000000000e+00,7.249999999999889866e+00
1.070000000000000107e+01,8.516362008825469668e-180,0.000000000000000000e+00,7.259999999999889653e+00
1.071000000000000085e+01,2.018427283456985048e-180,0.000000000000000000e+00,7.269999999999889440e+00
1.072000000000000064e+01,4.776144988423429611e-181,0.000000000000000000e+00,7.279999999999889226e+00
1.073000000000000043e+01,1.128467665938374183e-181,0.000000000000000000e+00,7.289999999999889013e+00
1.074000000000000021e+01,2.662484197122399424e-182,0.000000000000000000e+00,7.299999999999888800e+00
1.075000000000000000e+01,6.273462296009315360e-183,0.000000000000000000e+00,7.309999999999888587e+00
1.075999999999999979e+01,1.476327075784646442e-183,0.000000000000000000e+00,7.319999999999888374e+00
1.076999999999999957e+01,3.470100342585192907e-184,0.000000000000000000e+00,7.329999999999888161e+00
1.077999999999999936e+01,8.147248036167943613e-185,0.000000000000000000e+00,7.339999999999887947e+00
1.079000000000000092e+01,1.910779606365215724e-185,0.000000000000000000e+00,7.349999999999887734e+00
1.080000000000000071e+01,4.476701796742535991e-186,0.000000000000000000e+00,7.359999999999887521e+00
1.081000000000000050e+01,1.047771484226417579e-186,0.000000000000000000e+00,7.369999999999887308e+00
1.082000000000000028e+01,2.449878298764440468e-187,0.000000000000000000e+00,7.379999999999887095e+00
1.083000000000000007e+01,5.722640550579537307e-188,0.000000000000000000e+00,7.389999999999886882e+00
1.083999999999999986e+01,1.335435354385585882e-188,0.000000000000000000e+00,7.399999999999886668e+00
1.084999999999999964e+01,3.113294935864659228e-189,0.000000000000000000e+00,7.409999999999886455e+00
1.085999999999999943e+01,7.250727801871842086e-190,0.000000000000000000e+00,7.419999999999886242e+00
1.087000000000000099e+01,1.686928068246525218e-190,0.000000000000000000e+00,7.429999999999886029e+00
1.088000000000000078e+01,3.920595019983598829e-191,0.000000000000000000e+00,7.439999999999885816e+00
1.089000000000000057e+01,9.101905036385060476e-192,0.000000000000000000e+00,7.449999999999885603e+00
1.090000000000000036e+01,2.110668716110117589e-192,0.000000000000000000e+00,7.459999999999885389e+00
1.091000000000000014e+01,4.888735409097988926e-193,0.000000000000000000e+00,7.469999999999885176e+00
1.091999999999999993e+01,1.130946730818765174e-193,0.000000000000000000e+00,7.479999999999884963e+00
1.092999999999999972e+01,2.612986816950020253e-194,0.000000000000000000e+00,7.489999999999884750e+00
1.093999999999999950e+01,6.029238178906689338e-195,0.000000000000000000e+00,7.499999999999884537e+00
1.095000000000000107e+01,1.389311037862727386e-195,0.000000000000000000e+00,7.509999999999884324e+00
1.096000000000000085e+01,3.196918263306645073e-196,0.000000000000000000e+00,7.519999999999884110e+00
1.097000000000000064e+01,7.345878808415005421e-197,0.000000000000000000e+00,7.529999999999883897e+00
1.098000000000000043e+01,1.685480717747325287e-197,0.000000000000000000e+00,7.539999999999883684e+00
1.099000000000000021e+01,3.861553591716451673e-198,0.000000000000000000e+00,7.549999999999883471e+00
1.100000000000000000e+01,8.833893664810985422e-199,0.000000000000000000e+00,7.559999999999883258e+00
1.100999999999999979e+01,2.017859931135552734e-199,0.000000000000000000e+00,7.569999999999883045e+00
1.101999999999999957e+01,4.602343451767468508e-200,0.000000000000000000e+00,7.579999999999882832e+00
1.102999999999999936e+01,1.048142000348164956e-200,0.000000000000000000e+00,7.589999999999882618e+00
1.104000000000000092e+01,2.383535918871303510e-201,0.000000000000000000e+00,7.599999999999882405e+00
1.105000000000000071e+01,5.412456590952799370e-202,0.000000000000000000e+00,7.609999999999882192e+00
1.106000000000000050e+01,1.227303505271873116e-202,0.000000000000000000e+00,7.619999999999881979e+00
1.107000000000000028e+01,2.779141363620720270e-203,0.000000000000000000e+00,7.629999999999881766e+00
1.108000000000000007e+01,6.284762007574276863e-204,0.000000000000000000e+00,7.639999999999881553e+00
1.108999999999999986e+01,1.419405651028997528e-204,0.000000000000000000e+00,7.649999999999881339e+00
1.109999999999999964e+01,3.201728843263818285e-205,0.000000000000000000e+00,7.659999999999881126e+00
1.110999999999999943e+01,7.213463662604038799e-206,0.000000000000000000e+00,7.669999999999880913e+00
1.112000000000000099e+01,1.623322170014219579e-206,0.000000000000000000e+00,7.679999999999880700e+00
1.113000000000000078e+01,3.649101684450061389e-207,0.000000000000000000e+00,7.689999999999880487e+00
1.114000000000000057e+01,8.194153155752816812e-208,0.000000000000000000e+00,7.699999999999880274e+00
1.115000000000000036e+01,1.838113995114644009e-208,0.000000000000000000e+00,7.709999999999880060e+00
1.116000000000000014e+01,4.119083571471839008e-209,0.000000000000000000e+00,7.719999999999879847e+00
1.116999999999999993e+01,9.221331002536770234e-210,0.000000000000000000e+00,7.729999999999879634e+00
1.117999999999999972e+01,2.062298292215460842e-210,0.000000000000000000e+00,7.739999999999879421e+00
1.118999999999999950e+01,4.607536613478757893e-211,0.000000000000000000e+00,7.749999999999879208e+00
1.120000000000000107e+01,1.028334581103342979e-211,0.000000000000000000e+00,7.759999999999878995e+00
1.121000000000000085e+01,2.292617109938982200e-212,0.000000000000000000e+00,7.769999999999878781e+00
1.122000000000000064e+01,5.105490373343701341e-213,0.000000000000000000e+00,7.779999999999878568e+00
1.123000000000000043e+01,1.135596789490720062e-213,0.000000000000000000e+00,7.789999999999878355e+00
1.124000000000000021e+01,2.522658239215970004e-214,0.000000000000000000e+00,7.799999999999878142e+00
1.125000000000000000e+01,5.596318618822986694e-215,0.000000000000000000e+00,7.809999999999877929e+00
1.125999999999999979e+01,1.239693595761914161e-215,0.000000000000000000e+00,7.819999999999877716e+00
1.126999999999999957e+01,2.741883433069453501e-216,0.000000000000000000e+00,7.829999999999877502e+00
1.127999999999999936e+01,6.054223670635223326e-217,0.000000000000000000e+00,7.839999999999877289e+00
1.129000000000000092e+01,1.334421382118092053e-217,0.000000000000000000e+00,7.849999999999877076e+00
1.130000000000000071e+01,2.935631793661576342e-218,0.000000000000000000e+00,7.859999999999876863e+00
1.131000000000000050e+01,6.445145390084675382e-219,0.000000000000000000e+00,7.869999999999876650e+00
1.132000000000000028e+01,1.412001031771939897e-219,0.000000000000000000e+00,7.879999999999876437e+00
1.133000000000000007e+01,3.086439697191429367e-220,0.000000000000000000e+00,7.889999999999876223e+00
1.133999999999999986e+01,6.730566579011529549e-221,0.000000000000000000e+00,7.899999999999876010e+00
1.134999999999999964e+01,1.464093249899749255e-221,0.000000000000000000e+00,7.909999999999875797e+00
1.135999999999999943e+01,3.176606558498339930e-222,0.000000000000000000e+00,7.919999999999875584e+00
1.137000000000000099e+01,6.873727948849131292e-223,0.000000000000000000e+00,7.929999999999875371e+00
1.138000000000000078e+01,1.483251192022321799e-223,0.000000000000000000e+00,7.939999999999875158e+00
1.139000000000000057e+01,3.191482913056482137e-224,0.000000000000000000e+00,7.949999999999874944e+00
1.140000000000000036e+01,6.846847699272469089e-225,0.000000000000000000e+00,7.959999999999874731e+00
1.141000000000000014e+01,1.464458143984590620e-225,0.000000000000000000e+00,7.969999999999874518e+00
1.141999999999999993e+01,3.122642148269359424e-226,0.000000000000000000e+00,7.979999999999874305e+00
1.142999999999999972e+01,6.637433947950282289e-227,0.000000000000000000e+00,7.989999999999874092e+00
1.143999999999999950e+01,1.406331418318477625e-227,0.000000000000000000e+00,7.999999999999873879e+00
1.145000000000000107e+01,2.970053330866579649e-228,0.000000000000000000e+00,8.009999999999873666e+00
1.146000000000000085e+01,6.251905144274261308e-229,0.000000000000000000e+00,8.019999999999873452e+00
1.147000000000000064e+01,1.311647990210298729e-229,0.000000000000000000e+00,8.029999999999873239e+00
1.148000000000000043e+01,2.742627968115805633e-230,0.000000000000000000e+00,8.039999999999873026e+00
1.149000000000000021e+01,5.715466441029508422e-231,0.000000000000000000e+00,8.049999999999872813e+00
1.150000000000000000e+01,1.187038033914146137e-231,0.000000000000000000e+00,8.059999999999872600e+00
1.150999999999999979e+01,2.456977568919889636e-232,0.000000000000000000e+00,8.069999999999872387e+00
1.151999999999999957e+01,5.068262728531453814e-233,0.000000000000000000e+00,8.079999999999872173e+00
1.152999999999999936e+01,1.041929788727664720e-233,0.000000000000000000e+00,8.089999999999871960e+00
1.154000000000000092e+01,2.134722488514795318e-234,0.000000000000000000e+00,8.099999999999871747e+00
1.155000000000000071e+01,4.358854613832640086e-235,0.000000000000000000e+00,8.109999999999871534e+00
1.156000000000000050e+01,8.870288377568642435e-236,0.000000000000000000e+00,8.119999999999871321e+00
1.157000000000000028e+01,1.799061019807849951e-236,0.000000000000000000e+00,8.129999999999871108e+00
1.158000000000000007e+01,3.636697518434669105e-237,0.000000000000000000e+00,8.139999999999870894e+00
1.158999999999999986e+01,7.327128349544888348e-238,0.000000000000000000e+00,8.149999999999870681e+00
1.159999999999999964e+01,1.471430506521339198e-238,0.000000000000000000e+00,8.159999999999870468e+00
1.160999999999999943e+01,2.945376332431821409e-239,0.000000000000000000e+00,8.169999999999870255e+00
1.162000000000000099e+01,5.876981416287149440e-240,0.000000000000000000e+00,8.179999999999870042e+00
1.163000000000000078e+01,1.168959119123503126e-240,0.000000000000000000e+00,8.189999999999869829e+00
1.164000000000000057e+01,2.317908566710791253e-241,0.000000000000000000e+00,8.199999999999869615e+00
1.165000000000000036e+01,4.582127152994561190e-242,0.000000000000000000e+00,8.209999999999869402e+00
1.166000000000000014e+01,9.030982521905972798e-243,0.000000000000000000e+00,8.219999999999869189e+00
1.166999999999999993e+01,1.774697023209499068e-243,0.000000000000000000e+00,8.229999999999868976e+00
1.167999999999999972e+01,3.477443854369515934e-244,0.000000000000000000e+00,8.239999999999868763e+00
1.168999999999999950e+01,6.794678248074037883e-245,0.000000000000000000e+00,8.249999999999868550e+00
1.170000000000000107e+01,1.323967626203618887e-245,0.000000000000000000e+00,8.259999999999868336e+00
1.171000000000000085e+01,2.572840295055441048e-246,0.000000000000000000e+00,8.269999999999868123e+00
1.172000000000000064e+01,4.986580249046861842e-247,0.000000000000000000e+00,8.279999999999867910e+00
1.173000000000000043e+01,9.639951224714930790e-248,0.000000000000000000e+00,8.289999999999867697e+00
1.174000000000000021e+01,1.858900549958359324e-248,0.000000000000000000e+00,8.299999999999867484e+00
1.175000000000000000e+01,3.575802221721492964e-249,0.000000000000000000e+00,8.309999999999867271e+00
1.175999999999999979e+01,6.862032023385267962e-250,0.000000000000000000e+00,8.319999999999867057e+00
1.176999999999999957e+01,1.313768080108083139e-250,0.000000000000000000e+00,8.329999999999866844e+00
1.177999999999999936e+01,2.509543877399378364e-251,0.000000000000000000e+00,8.339999999999866631e+00
1.179000000000000092e+01,4.783025963572717561e-252,0.000000000000000000e+00,8.349999999999866418e+00
1.180000000000000071e+01,9.096248887160410967e-253,0.000000000000000000e+00,8.359999999999866205e+00
1.181000000000000050e+01,1.726200289720779359e-253,0.000000000000000000e+00,8.369999999999865992e+00
1.182000000000000028e+01,3.268921377283464583e-254,0.000000000000000000e+00,8.379999999999865778e+00
1.183000000000000007e+01,6.177528828452905241e-255,0.000000000000000000e+00,8.389999999999865565e+00
1.183999999999999986e+01,1.165016057890709661e-255,0.000000000000000000e+00,8.399999999999865352e+00
1.184999999999999964e+01,2.192617099709554167e-256,0.000000000000000000e+00,8.409999999999865139e+00
1.185999999999999943e+01,4.118237771031669357e-257,0.000000000000000000e+00,8.419999999999864926e+00
1.187000000000000099e+01,7.719315386470640319e-258,0.000000000000000000e+00,8.429999999999864713e+00
1.188000000000000078e+01,1.443985957567080908e-258,0.000000000000000000e+00,8.439999999999864500e+00
1.189000000000000057e+01,2.695623138078627431e-259,0.000000000000000000e+00,8.449999999999864286e+00
1.190000000000000036e+01,5.021805189068254650e-260,0.000000000000000000e+00,8.459999999999864073e+00
1.191000000000000014e+01,9.335872307742241609e-261,0.000000000000000000e+00,8.469999999999863860e+00
1.191999999999999993e+01,1.731935818906302090e-261,0.000000000000000000e+00,8.479999999999863647e+00
1.192999999999999972e+01,3.206091218527296988e-262,0.000000000000000000e+00,8.489999999999863434e+00
1.193999999999999950e+01,5.922029763937641935e-263,0.000000000000000000e+00,8.499999999999863221e+00
1.195000000000000107e+01,1.091434664456419858e-263,0.000000000000000000e+00,8.509999999999863007e+00
1.196000000000000085e+01,2.006955846435376916e-264,0.000000000000000000e+00,8.519999999999862794e+00
1.197000000000000064e+01,3.681885048474881505e-265,0.000000000000000000e+00,8.529999999999862581e+00
1.198000000000000043e+01,6.738660967205130934e-266,0.000000000000000000e+00,8.539999999999862368e+00
1.199000000000000021e+01,1.230342729678447010e-266,0.000000000000000000e+00,8.549999999999862155e+00
1.200000000000000000e+01,2.240813110382064660e-267,0.000000000000000000e+00,8.559999999999861942e+00
1.200999999999999979e+01,4.070897020287437346e-268,0.000000000000000000e+00,8.569999999999861728e+00
1.201999999999999957e+01,7.376624939237914532e-269,0.000000000000000000e+00,8.579999999999861515e+00
1.203000000000000114e+01,1.333174471045036072e-269,0.000000000000000000e+00,8.589999999999861302e+00
1.204000000000000092e+01,2.403018876566594346e-270,0.000000000000000000e+00,8.599999999999861089e+00
1.205000000000000071e+01,4.319646977802727697e-271,0.000000000000000000e+00,8.609999999999860876e+00
1.206000000000000050e+01,7.743567193547137539e-272,0.000000000000000000e+00,8.619999999999860663e+00
1.207000000000000028e+01,1.384259400349933528e-272,0.000000000000000000e+00,8.629999999999860449e+00
1.208000000000000007e+01,2.467518416855126507e-273,0.000000000000000000e+00,8.639999999999860236e+00
1.208999999999999986e+01,4.385850928423941850e-274,0.000000000000000000e+00,8.649999999999860023e+00
1.209999999999999964e+01,7.772899356891903840e-275,0.000000000000000000e+00,8.659999999999859810e+00
1.210999999999999943e+01,1.373517691202375209e-275,0.000000000000000000e+00,8.669999999999859597e+00
1.212000000000000099e+01,2.419886285447145993e-276,0.000000000000000000e+00,8.679999999999859384e+00
1.213000000000000078e+01,4.250633867038015545e-277,0.000000000000000000e+00,8.689999999999859170e+00
1.214000000000000057e+01,7.443892228440107805e-278,0.000000000000000000e+00,8.699999999999858957e+00
1.215000000000000036e+01,1.299644801032086757e-278,0.000000000000000000e+00,8.709999999999858744e+00
1.216000000000000014e+01,2.262137324417173307e-279,0.000000000000000000e+00,8.719999999999858531e+00
1.216999999999999993e+01,3.925321453197669309e-280,0.000000000000000000e+00,8.729999999999858318e+00
1.217999999999999972e+01,6.790260339330074846e-281,0.000000000000000000e+00,8.739999999999858105e+00
1.218999999999999950e+01,1.170970860260236498e-281,0.000000000000000000e+00,8.749999999999857891e+00
1.220000000000000107e+01,2.013020383647988447e-282,0.000000000000000000e+00,8.759999999999857678e+00
1.221000000000000085e+01,3.449744399033255445e-283,0.000000000000000000e+00,8.769999999999857465e+00
1.222000000000000064e+01,5.893274676611350070e-284,0.000000000000000000e+00,8.779999999999857252e+00
1.223000000000000043e+01,1.003579485121964697e-284,0.000000000000000000e+00,8.789999999999857039e+00
1.224000000000000021e+01,1.703594637365938014e-285,0.000000000000000000e+00,8.799999999999856826e+00
1.225000000000000000e+01,2.882662444049057171e-286,0.000000000000000000e+00,8.809999999999856612e+00
1.225999999999999979e+01,4.862138756144882922e-287,0.000000000000000000e+00,8.819999999999856399e+00
1.226999999999999957e+01,8.174459938041011809e-288,0.000000000000000000e+00,8.829999999999856186e+00
1.228000000000000114e+01,1.369871961640454670e-288,0.000000000000000000e+00,8.839999999999855973e+00
1.229000000000000092e+01,2.288124908127734609e-289,0.000000000000000000e+00,8.849999999999855760e+00
1.230000000000000071e+01,3.809310243702553045e-290,0.000000000000000000e+00,8.859999999999855547e+00
1.231000000000000050e+01,6.320710539975760576e-291,0.000000000000000000e+00,8.869999999999855333e+00
1.232000000000000028e+01,1.045254901597502074e-291,0.000000000000000000e+00,8.879999999999855120e+00
1.233000000000000007e+01,1.722647686590512559e-292,0.000000000000000000e+00,8.889999999999854907e+00
1.233999999999999986e+01,2.829220729260455616e-293,0.000000000000000000e+00,8.899999999999854694e+00
1.234999999999999964e+01,4.630288270954338677e-294,0.000000000000000000e+00,8.909999999999854481e+00
1.235999999999999943e+01,7.550762964668849723e-295,0.000000000000000000e+00,8.919999999999854268e+00
1.237000000000000099e+01,1.226821936412455581e-295,0.000000000000000000e+00,8.929999999999854055e+00
1.238000000000000078e+01,1.985826366422478323e-296,0.000000000000000000e+00,8.939999999999853841e+00
1.239000000000000057e+01,3.202029745701273022e-297,0.000000000000000000e+00,8.949999999999853628e+00
1.240000000000000036e+01,5.142596118534810932e-298,0.000000000000000000e+00,8.959999999999853415e+00
1.241000000000000014e+01,8.225331034018122580e-299,0.000000000000000000e+00,8.969999999999853202e+00
1.241999999999999993e+01,1.309997244030348193e-299,0.000000000000000000e+00,8.979999999999852989e+00
1.242999999999999972e+01,2.077090009284113034e-300,0.000000000000000000e+00,8.989999999999852776e+00
1.243999999999999950e+01,3.278070115961662313e-301,0.000000000000000000e+00,8.999999999999852562e+00
1.245000000000000107e+01,5.148199099004761880e-302,0.000000000000000000e+00,9.009999999999852349e+00
1.246000000000000085e+01,8.043526275608968986e-303,0.000000000000000000e+00,9.019999999999852136e+00
1.247000000000000064e+01,1.249833769724517382e-303,0.000000000000000000e+00,9.029999999999851923e+00
1.248000000000000043e+01,1.930679321774682719e-304,0.000000000000000000e+00,9.039999999999851710e+00
1.249000000000000021e+01,2.963670264621227271e-305,0.000000000000000000e+00,9.049999999999851497e+00
1.250000000000000000e+01,4.518428684047904028e-306,0.000000000000000000e+00,9.059999999999851283e+00
1.250999999999999979e+01,6.837814067959487045e-307,0.000000000000000000e+00,9.069999999999851070e+00
1.251999999999999957e+01,1.026366382805350058e-307,0.000000000000000000e+00,9.079999999999850857e+00
1.253000000000000114e+01,1.526725494535960250e-308,0.000000000000000000e+00,9.089999999999850644e+00
1.254000000000000092e+01,2.248165432347602824e-309,0.000000000000000000e+00,9.099999999999850431e+00
1.255000000000000071e+01,3.272896877815505525e-310,0.000000000000000000e+00,9.109999999999850218e+00
1.256000000000000050e+01,4.702829105272215916e-311,0.000000000000000000e+00,9.119999999999850004e+00
1.257000000000000028e+01,6.655848151357224215e-312,0.000000000000000000e+00,9.129999999999849791e+00
1.258000000000000007e+01,9.253252148316636379e-313,0.000000000000000000e+00,9.139999999999849578e+00
1.258999999999999986e+01,1.259168877646060756e-313,0.000000000000000000e+00,9.149999999999849365e+00
1.259999999999999964e+01,1.669040002667787916e-314,0.000000000000000000e+00,9.159999999999849152e+00
1.260999999999999943e+01,2.140322041485656338e-315,0.000000000000000000e+00,9.169999999999848939e+00
1.262000000000000099e+01,2.628834419111586021e-316,0.000000000000000000e+00,9.179999999999848725e+00
1.263000000000000078e+01,3.044624701209993450e-317,0.000000000000000000e+00,9.189999999999848512e+00
1.264000000000000057e+01,3.238689240305622521e-318,0.000000000000000000e+00,9.199999999999848299e+00
1.265000000000000036e+01,3.011280704837813562e-319,0.000000000000000000e+00,9.209999999999848086e+00
1.266000000000000014e+01,2.188710811076722191e-320,0.000000000000000000e+00,9.219999999999847873e+00
1.266999999999999993e+01,8.744961931390063832e-322,0.000000000000000000e+00,9.229999999999847660e+00
1.267999999999999972e+01,9.881312916824930884e-324,0.000000000000000000e+00,9.239999999999847446e+00
1.268999999999999950e+01,3.458459520888725809e-323,0.000000000000000000e+00,9.249999999999847233e+00
1.270000000000000107e+01,1.976262583364986177e-323,0.000000000000000000e+00,9.259999999999847020e+00
1.271000000000000085e+01,4.940656458412465442e-324,0.000000000000000000e+00,9.269999999999846807e+00
1.272000000000000064e+01,0.000000000000000000e+00,0.000000000000000000e+00,9.269999999999846807e+00
1.273000000000000043e+01,0.000000000000000000e+00,0.000000000000000000e+00,9.269999999999846807e+00
1.274000000000000021e+01,0.000000000000000000e+00,0.000000000000000000e+00,9.269999999999846807e+00
1.275000000000000000e+01,0.000000000000000000e+00,0.000000000000000000e+00,9.269999999999846807e+00
1.275999999999999979e+01,0.000000000000000000e+00,0.000000000000000000e+00,9.269999999999846807e+00
1.276999999999999957e+01,0.000000000000000000e+00,0.000000000000000000e+00,9.269999999999846807e+00
1.278000000000000114e+01,0.000000000000000000e+00,0.000000000000000000e+00,9.269999999999846807e+00
1.279000000000000092e+01,0.000000000000000000e+00,0.000000000000000000e+00,9.269999999999846807e+00
1.280000000000000071e+01,0.000000000000000000e+00,0.000000000000000000e+00,9.269999999999846807e+00
1.281000000000000050e+01,0.000000000000000000e+00,0.000000000000000000e+00,9.269999999999846807e+00
1.282000000000000028e+01,0.000000000000000000e+00,0.000000000000000000e+00,9.269999999999846807e+00
1.283000000000000007e+01,0.000000000000000000e+00,0.000000000000000000e+00,9.269999999999846807e+00
1.283999999999999986e+01,0.000000000000000000e+00,0.000000000000000000e+00,9.269999999999846807e+00
1.284999999999999964e+01,0.000000000000000000e+00,0.000000000000000000e+00,9.269999999999846807e+00
1.285999999999999943e+01,0.000000000000000000e+00,0.000000000000000000e+00,9.269999999999846807e+00
1.287000000000000099e+01,0.000000000000000000e+00,0.000000000000000000e+00,9.269999999999846807e+00
1.288000000000000078e+01,0.000000000000000000e+00,0.000000000000000000e+00,9.269999999999846807e+00
1.289000000000000057e+01,0.000000000000000000e+00,0.000000000000000000e+00,9.269999999999846807e+00
1.290000000000000036e+01,0.000000000000000000e+00,0.000000000000000000e+00,9.269999999999846807e+00
1.291000000000000014e+01,0.000000000000000000e+00,0.000000000000000000e+00,9.269999999999846807e+00
1.291999999999999993e+01,0.000000000000000000e+00,0.000000000000000000e+00,9.269999999999846807e+00
1.292999999999999972e+01,0.000000000000000000e+00,0.000000000000000000e+00,9.269999999999846807e+00
1.293999999999999950e+01,0.000000000000000000e+00,0.000000000000000000e+00,9.269999999999846807e+00
1.295000000000000107e+01,0.000000000000000000e+00,0.000000000000000000e+00,9.269999999999846807e+00
1.296000000000000085e+01,0.000000000000000000e+00,0.000000000000000000e+00,9.269999999999846807e+00
1.297000000000000064e+01,0.000000000000000000e+00,0.000000000000000000e+00,9.269999999999846807e+00
1.298000000000000043e+01,0.000000000000000000e+00,0.000000000000000000e+00,9.269999999999846807e+00
1.299000000000000021e+01,0.000000000000000000e+00,0.000000000000000000e+00,9.269999999999846807e+00
1.300000000000000000e+01,0.000000000000000000e+00,0.000000000000000000e+00,9.269999999999846807e+00
1.300999999999999979e+01,0.000000000000000000e+00,0.000000000000000000e+00,9.269999999999846807e+00
1.301999999999999957e+01,0.000000000000000000e+00,0.000000000000000000e+00,9.269999999999846807e+00
1.303000000000000114e+01,0.000000000000000000e+00,0.000000000000000000e+00,9.269999999999846807e+00
1.304000000000000092e+01,0.000000000000000000e+00,0.000000000000000000e+00,9.269999999999846807e+00
1.305000000000000071e+01,0.000000000000000000e+00,0.000000000000000000e+00,9.269999999999846807e+00
1.306000000000000050e+01,0.000000000000000000e+00,0.000000000000000000e+00,9.269999999999846807e+00
1.307000000000000028e+01,0.000000000000000000e+00,0.000000000000000000e+00,9.269999999999846807e+00
1.308000000000000007e+01,0.000000000000000000e+00,0.000000000000000000e+00,9.269999999999846807e+00
1.308999999999999986e+01,0.000000000000000000e+00,0.000000000000000000e+00,9.269999999999846807e+00
1.309999999999999964e+01,0.000000000000000000e+00,0.000000000000000000e+00,9.269999999999846807e+00
1.310999999999999943e+01,0.000000000000000000e+00,0.000000000000000000e+00,9.269999999999846807e+00
1.312000000000000099e+01,0.000000000000000000e+00,0.000000000000000000e+00,9.269999999999846807e+00
1.313000000000000078e+01,0.000000000000000000e+00,0.000000000000000000e+00,9.269999999999846807e+00
1.314000000000000057e+01,0.000000000000000000e+00,0.000000000000000000e+00,9.269999999999846807e+00
1.315000000000000036e+01,0.000000000000000000e+00,0.000000000000000000e+00,9.269999999999846807e+00
1.316000000000000014e+01,0.000000000000000000e+00,0.000000000000000000e+00,9.269999999999846807e+00
1.316999999999999993e+01,0.000000000000000000e+00,0.000000000000000000e+00,9.269999999999846807e+00
1.317999999999999972e+01,0.000000000000000000e+00,0.000000000000000000e+00,9.269999999999846807e+00
1.318999999999999950e+01,0.000000000000000000e+00,0.000000000000000000e+00,9.269999999999846807e+00
1.320000000000000107e+01,0.000000000000000000e+00,0.000000000000000000e+00,9.269999999999846807e+00
1.321000000000000085e+01,0.000000000000000000e+00,0.000000000000000000e+00,9.269999999999846807e+00
1.322000000000000064e+01,0.000000000000000000e+00,0.000000000000000000e+00,9.269999999999846807e+00
1.323000000000000043e+01,0.000000000000000000e+00,0.000000000000000000e+00,9.269999999999846807e+00
1.324000000000000021e+01,0.000000000000000000e+00,0.000000000000000000e+00,9.269999999999846807e+00
1.325000000000000000e+01,0.000000000000000000e+00,0.000000000000000000e+00,9.269999999999846807e+00
1.325999999999999979e+01,0.000000000000000000e+00,0.000000000000000000e+00,9.269999999999846807e+00
1.326999999999999957e+01,0.000000000000000000e+00,0.000000000000000000e+00,9.269999999999846807e+00
1.328000000000000114e+01,0.000000000000000000e+00,0.000000000000000000e+00,9.269999999999846807e+00
1.329000000000000092e+01,0.000000000000000000e+00,0.000000000000000000e+00,9.269999999999846807e+00
1.330000000000000071e+01,0.000000000000000000e+00,0.000000000000000000e+00,9.269999999999846807e+00
1.331000000000000050e+01,0.000000000000000000e+00,0.000000000000000000e+00,9.269999999999846807e+00
1.332000000000000028e+01,0.000000000000000000e+00,0.000000000000000000e+00,9.269999999999846807e+00
1.333000000000000007e+01,0.000000000000000000e+00,0.000000000000000000e+00,9.269999999999846807e+00
1.333999999999999986e+01,0.000000000000000000e+00,0.000000000000000000e+00,9.269999999999846807e+00
1.334999999999999964e+01,0.000000000000000000e+00,0.000000000000000000e+00,9.269999999999846807e+00
1.335999999999999943e+01,0.000000000000000000e+00,0.000000000000000000e+00,9.269999999999846807e+00
1.337000000000000099e+01,0.000000000000000000e+00,0.000000000000000000e+00,9.269999999999846807e+00
1.338000000000000078e+01,0.000000000000000000e+00,0.000000000000000000e+00,9.269999999999846807e+00
1.339000000000000057e+01,0.000000000000000000e+00,0.000000000000000000e+00,9.269999999999846807e+00
1.340000000000000036e+01,0.000000000000000000e+00,0.000000000000000000e+00,9.269999999999846807e+00
1.341000000000000014e+01,0.000000000000000000e+00,0.000000000000000000e+00,9.269999999999846807e+00
1.341999999999999993e+01,0.000000000000000000e+00,0.000000000000000000e+00,9.269999999999846807e+00
1.342999999999999972e+01,0.000000000000000000e+00,0.000000000000000000e+00,9.269999999999846807e+00
1.343999999999999950e+01,0.000000000000000000e+00,0.000000000000000000e+00,9.269999999999846807e+00
1.345000000000000107e+01,0.000000000000000000e+00,0.000000000000000000e+00,9.269999999999846807e+00
1.346000000000000085e+01,0.000000000000000000e+00,0.000000000000000000e+00,9.269999999999846807e+00
1.347000000000000064e+01,0.000000000000000000e+00,0.000000000000000000e+00,9.269999999999846807e+00
1.348000000000000043e+01,0.000000000000000000e+00,0.000000000000000000e+00,9.269999999999846807e+00
1.349000000000000021e+01,0.000000000000000000e+00,0.000000000000000000e+00,9.269999999999846807e+00
1.350000000000000000e+01,0.000000000000000000e+00,0.000000000000000000e+00,9.269999999999846807e+00
1.350999999999999979e+01,0.000000000000000000e+00,0.000000000000000000e+00,9.269999999999846807e+00
1.351999999999999957e+01,0.000000000000000000e+00,0.000000000000000000e+00,9.269999999999846807e+00
1.353000000000000114e+01,0.000000000000000000e+00,0.000000000000000000e+00,9.269999999999846807e+00
1.354000000000000092e+01,0.000000000000000000e+00,0.000000000000000000e+00,9.269999999999846807e+00
1.355000000000000071e+01,0.000000000000000000e+00,0.000000000000000000e+00,9.269999999999846807e+00
1.356000000000000050e+01,0.000000000000000000e+00,0.000000000000000000e+00,9.269999999999846807e+00
1.357000000000000028e+01,0.000000000000000000e+00,0.000000000000000000e+00,9.269999999999846807e+00
1.358000000000000007e+01,0.000000000000000000e+00,0.000000000000000000e+00,9.269999999999846807e+00
1.358999999999999986e+01,0.000000000000000000e+00,0.000000000000000000e+00,9.269999999999846807e+00
1.359999999999999964e+01,0.000000000000000000e+00,0.000000000000000000e+00,9.269999999999846807e+00
1.360999999999999943e+01,0.000000000000000000e+00,0.000000000000000000e+00,9.269999999999846807e+00
1.362000000000000099e+01,0.000000000000000000e+00,0.000000000000000000e+00,9.269999999999846807e+00
1.363000000000000078e+01,0.000000000000000000e+00,0.000000000000000000e+00,9.269999999999846807e+00
1.364000000000000057e+01,0.000000000000000000e+00,0.000000000000000000e+00,9.269999999999846807e+00
1.365000000000000036e+01,0.000000000000000000e+00,0.000000000000000000e+00,9.269999999999846807e+00
1.366000000000000014e+01,0.000000000000000000e+00,0.000000000000000000e+00,9.269999999999846807e+00
1.366999999999999993e+01,0.000000000000000000e+00,0.000000000000000000e+00,9.269999999999846807e+00
1.367999999999999972e+01,0.000000000000000000e+00,0.000000000000000000e+00,9.269999999999846807e+00
1.368999999999999950e+01,0.000000000000000000e+00,0.000000000000000000e+00,9.269999999999846807e+00
1.370000000000000107e+01,0.000000000000000000e+00,0.000000000000000000e+00,9.269999999999846807e+00
1.371000000000000085e+01,0.000000000000000000e+00,0.000000000000000000e+00,9.269999999999846807e+00
1.372000000000000064e+01,0.000000000000000000e+00,0.000000000000000000e+00,9.269999999999846807e+00
1.373000000000000043e+01,0.000000000000000000e+00,0.000000000000000000e+00,9.269999999999846807e+00
1.374000000000000021e+01,0.000000000000000000e+00,0.000000000000000000e+00,9.269999999999846807e+00
1.375000000000000000e+01,0.000000000000000000e+00,0.000000000000000000e+00,9.269999999999846807e+00
1.375999999999999979e+01,0.000000000000000000e+00,0.000000000000000000e+00,9.269999999999846807e+00
1.376999999999999957e+01,0.000000000000000000e+00,0.000000000000000000e+00,9.269999999999846807e+00
1.378000000000000114e+01,0.000000000000000000e+00,0.000000000000000000e+00,9.269999999999846807e+00
1.379000000000000092e+01,0.000000000000000000e+00,0.000000000000000000e+00,9.269999999999846807e+00
1.380000000000000071e+01,0.000000000000000000e+00,0.000000000000000000e+00,9.269999999999846807e+00
1.381000000000000050e+01,0.000000000000000000e+00,0.000000000000000000e+00,9.269999999999846807e+00
1.382000000000000028e+01,0.000000000000000000e+00,0.000000000000000000e+00,9.269999999999846807e+00
1.383000000000000007e+01,0.000000000000000000e+00,0.000000000000000000e+00,9.269999999999846807e+00
1.383999999999999986e+01,0.000000000000000000e+00,0.000000000000000000e+00,9.269999999999846807e+00
1.384999999999999964e+01,0.000000000000000000e+00,0.000000000000000000e+00,9.269999999999846807e+00
1.385999999999999943e+01,0.000000000000000000e+00,0.000000000000000000e+00,9.269999999999846807e+00
1.387000000000000099e+01,0.000000000000000000e+00,0.000000000000000000e+00,9.269999999999846807e+00
1.388000000000000078e+01,0.000000000000000000e+00,0.000000000000000000e+00,9.269999999999846807e+00
1.389000000000000057e+01,0.000000000000000000e+00,0.000000000000000000e+00,9.269999999999846807e+00
1.390000000000000036e+01,0.000000000000000000e+00,0.000000000000000000e+00,9.269999999999846807e+00
1.391000000000000014e+01,0.000000000000000000e+00,0.000000000000000000e+00,9.269999999999846807e+00
1.391999999999999993e+01,0.000000000000000000e+00,0.000000000000000000e+00,9.269999999999846807e+00
1.392999999999999972e+01,0.000000000000000000e+00,0.000000000000000000e+00,9.269999999999846807e+00
1.393999999999999950e+01,0.000000000000000000e+00,0.000000000000000000e+00,9.269999999999846807e+00
1.395000000000000107e+01,0.000000000000000000e+00,0.000000000000000000e+00,9.269999999999846807e+00
1.396000000000000085e+01,0.000000000000000000e+00,0.000000000000000000e+00,9.269999999999846807e+00
1.397000000000000064e+01,0.000000000000000000e+00,0.000000000000000000e+00,9.269999999999846807e+00
1.398000000000000043e+01,0.000000000000000000e+00,0.000000000000000000e+00,9.269999999999846807e+00
1.399000000000000021e+01,0.000000000000000000e+00,0.000000000000000000e+00,9.269999999999846807e+00
1.400000000000000000e+01,0.000000000000000000e+00,0.000000000000000000e+00,9.269999999999846807e+00
1.400999999999999979e+01,0.000000000000000000e+00,0.000000000000000000e+00,9.269999999999846807e+00
1.401999999999999957e+01,0.000000000000000000e+00,0.000000000000000000e+00,9.269999999999846807e+00
1.403000000000000114e+01,0.000000000000000000e+00,0.000000000000000000e+00,9.269999999999846807e+00
1.404000000000000092e+01,0.000000000000000000e+00,0.000000000000000000e+00,9.269999999999846807e+00
1.405000000000000071e+01,0.000000000000000000e+00,0.000000000000000000e+00,9.269999999999846807e+00
1.406000000000000050e+01,0.000000000000000000e+00,0.000000000000000000e+00,9.269999999999846807e+00
1.407000000000000028e+01,0.000000000000000000e+00,0.000000000000000000e+00,9.269999999999846807e+00
1.408000000000000007e+01,0.000000000000000000e+00,0.000000000000000000e+00,9.269999999999846807e+00
1.408999999999999986e+01,0.000000000000000000e+00,0.000000000000000000e+00,9.269999999999846807e+00
1.409999999999999964e+01,0.000000000000000000e+00,0.000000000000000000e+00,9.269999999999846807e+00
1.410999999999999943e+01,0.000000000000000000e+00,0.000000000000000000e+00,9.269999999999846807e+00
1.412000000000000099e+01,0.000000000000000000e+00,0.000000000000000000e+00,9.269999999999846807e+00
1.413000000000000078e+01,0.000000000000000000e+00,0.000000000000000000e+00,9.269999999999846807e+00
1.414000000000000057e+01,0.000000000000000000e+00,0.000000000000000000e+00,9.269999999999846807e+00
1.415000000000000036e+01,0.000000000000000000e+00,0.000000000000000000e+00,9.269999999999846807e+00
1.416000000000000014e+01,0.000000000000000000e+00,0.000000000000000000e+00,9.269999999999846807e+00
1.416999999999999993e+01,0.000000000000000000e+00,0.000000000000000000e+00,9.269999999999846807e+00
1.417999999999999972e+01,0.000000000000000000e+00,0.000000000000000000e+00,9.269999999999846807e+00
1.418999999999999950e+01,0.000000000000000000e+00,0.000000000000000000e+00,9.269999999999846807e+00
1.420000000000000107e+01,0.000000000000000000e+00,0.000000000000000000e+00,9.269999999999846807e+00
1.421000000000000085e+01,0.000000000000000000e+00,0.000000000000000000e+00,9.269999999999846807e+00
1.422000000000000064e+01,0.000000000000000000e+00,0.000000000000000000e+00,9.269999999999846807e+00
1.423000000000000043e+01,0.000000000000000000e+00,0.000000000000000000e+00,9.269999999999846807e+00
1.424000000000000021e+01,0.000000000000000000e+00,0.000000000000000000e+00,9.269999999999846807e+00
1.425000000000000000e+01,0.000000000000000000e+00,0.000000000000000000e+00,9.269999999999846807e+00
1.425999999999999979e+01,0.000000000000000000e+00,0.000000000000000000e+00,9.269999999999846807e+00
1.426999999999999957e+01,0.000000000000000000e+00,0.000000000000000000e+00,9.269999999999846807e+00
1.428000000000000114e+01,0.000000000000000000e+00,0.000000000000000000e+00,9.269999999999846807e+00
1.429000000000000092e+01,0.000000000000000000e+00,0.000000000000000000e+00,9.269999999999846807e+00
1.430000000000000071e+01,0.000000000000000000e+00,0.000000000000000000e+00,9.269999999999846807e+00
1.431000000000000050e+01,0.000000000000000000e+00,0.000000000000000000e+00,9.269999999999846807e+00
1.432000000000000028e+01,0.000000000000000000e+00,0.000000000000000000e+00,9.269999999999846807e+00
1.433000000000000007e+01,0.000000000000000000e+00,0.000000000000000000e+00,9.269999999999846807e+00
1.433999999999999986e+01,0.000000000000000000e+00,0.000000000000000000e+00,9.269999999999846807e+00
1.434999999999999964e+01,0.000000000000000000e+00,0.000000000000000000e+00,9.269999999999846807e+00
1.435999999999999943e+01,0.000000000000000000e+00,0.000000000000000000e+00,9.269999999999846807e+00
1.437000000000000099e+01,0.000000000000000000e+00,0.000000000000000000e+00,9.269999999999846807e+00
1.438000000000000078e+01,0.000000000000000000e+00,0.000000000000000000e+00,9.269999999999846807e+00
1.439000000000000057e+01,0.000000000000000000e+00,0.000000000000000000e+00,9.269999999999846807e+00
1.440000000000000036e+01,0.000000000000000000e+00,0.000000000000000000e+00,9.269999999999846807e+00
1.441000000000000014e+01,0.000000000000000000e+00,0.000000000000000000e+00,9.269999999999846807e+00
1.441999999999999993e+01,0.000000000000000000e+00,0.000000000000000000e+00,9.269999999999846807e+00
1.442999999999999972e+01,0.000000000000000000e+00,0.000000000000000000e+00,9.269999999999846807e+00
1.443999999999999950e+01,0.000000000000000000e+00,0.000000000000000000e+00,9.269999999999846807e+00
1.445000000000000107e+01,0.000000000000000000e+00,0.000000000000000000e+00,9.269999999999846807e+00
1.446000000000000085e+01,0.000000000000000000e+00,0.000000000000000000e+00,9.269999999999846807e+00
1.447000000000000064e+01,0.000000000000000000e+00,0.000000000000000000e+00,9.269999999999846807e+00
1.448000000000000043e+01,0.000000000000000000e+00,0.000000000000000000e+00,9.269999999999846807e+00
1.449000000000000021e+01,0.000000000000000000e+00,0.000000000000000000e+00,9.269999999999846807e+00
1.450000000000000000e+01,0.000000000000000000e+00,0.000000000000000000e+00,9.269999999999846807e+00
1.450999999999999979e+01,0.000000000000000000e+00,0.000000000000000000e+00,9.269999999999846807e+00
1.451999999999999957e+01,0.000000000000000000e+00,0.000000000000000000e+00,9.269999999999846807e+00
1.453000000000000114e+01,0.000000000000000000e+00,0.000000000000000000e+00,9.269999999999846807e+00
1.454000000000000092e+01,0.000000000000000000e+00,0.000000000000000000e+00,9.269999999999846807e+00
1.455000000000000071e+01,0.000000000000000000e+00,0.000000000000000000e+00,9.269999999999846807e+00
1.456000000000000050e+01,0.000000000000000000e+00,0.000000000000000000e+00,9.269999999999846807e+00
1.457000000000000028e+01,0.000000000000000000e+00,0.000000000000000000e+00,9.269999999999846807e+00
1.458000000000000007e+01,0.000000000000000000e+00,0.000000000000000000e+00,9.269999999999846807e+00
1.458999999999999986e+01,0.000000000000000000e+00,0.000000000000000000e+00,9.269999999999846807e+00
1.459999999999999964e+01,0.000000000000000000e+00,0.000000000000000000e+00,9.269999999999846807e+00
1.460999999999999943e+01,0.000000000000000000e+00,0.000000000000000000e+00,9.269999999999846807e+00
1.462000000000000099e+01,0.000000000000000000e+00,0.000000000000000000e+00,9.269999999999846807e+00
1.463000000000000078e+01,0.000000000000000000e+00,0.000000000000000000e+00,9.269999999999846807e+00
1.464000000000000057e+01,0.000000000000000000e+00,0.000000000000000000e+00,9.269999999999846807e+00
1.465000000000000036e+01,0.000000000000000000e+00,0.000000000000000000e+00,9.269999999999846807e+00
1.466000000000000014e+01,0.000000000000000000e+00,0.000000000000000000e+00,9.269999999999846807e+00
1.466999999999999993e+01,0.000000000000000000e+00,0.000000000000000000e+00,9.269999999999846807e+00
1.467999999999999972e+01,0.000000000000000000e+00,0.000000000000000000e+00,9.269999999999846807e+00
1.468999999999999950e+01,0.000000000000000000e+00,0.000000000000000000e+00,9.269999999999846807e+00
1.470000000000000107e+01,0.000000000000000000e+00,0.000000000000000000e+00,9.269999999999846807e+00
1.471000000000000085e+01,0.000000000000000000e+00,0.000000000000000000e+00,9.269999999999846807e+00
1.472000000000000064e+01,0.000000000000000000e+00,0.000000000000000000e+00,9.269999999999846807e+00
1.473000000000000043e+01,0.000000000000000000e+00,0.000000000000000000e+00,9.269999999999846807e+00
1.474000000000000021e+01,0.000000000000000000e+00,0.000000000000000000e+00,9.269999999999846807e+00
1.475000000000000000e+01,0.000000000000000000e+00,0.000000000000000000e+00,9.269999999999846807e+00
1.475999999999999979e+01,0.000000000000000000e+00,0.000000000000000000e+00,9.269999999999846807e+00
1.476999999999999957e+01,0.000000000000000000e+00,0.000000000000000000e+00,9.269999999999846807e+00
1.478000000000000114e+01,0.000000000000000000e+00,0.000000000000000000e+00,9.269999999999846807e+00
1.479000000000000092e+01,0.000000000000000000e+00,0.000000000000000000e+00,9.269999999999846807e+00
1.480000000000000071e+01,0.000000000000000000e+00,0.000000000000000000e+00,9.269999999999846807e+00
1.481000000000000050e+01,0.000000000000000000e+00,0.000000000000000000e+00,9.269999999999846807e+00
1.482000000000000028e+01,0.000000000000000000e+00,0.000000000000000000e+00,9.269999999999846807e+00
1.483000000000000007e+01,0.000000000000000000e+00,0.000000000000000000e+00,9.269999999999846807e+00
1.483999999999999986e+01,0.000000000000000000e+00,0.000000000000000000e+00,9.269999999999846807e+00
1.484999999999999964e+01,0.000000000000000000e+00,0.000000000000000000e+00,9.269999999999846807e+00
1.485999999999999943e+01,0.000000000000000000e+00,0.000000000000000000e+00,9.269999999999846807e+00
1.487000000000000099e+01,0.000000000000000000e+00,0.000000000000000000e+00,9.269999999999846807e+00
1.488000000000000078e+01,0.000000000000000000e+00,0.000000000000000000e+00,9.269999999999846807e+00
1.489000000000000057e+01,0.000000000000000000e+00,0.000000000000000000e+00,9.269999999999846807e+00
1.490000000000000036e+01,0.000000000000000000e+00,0.000000000000000000e+00,9.269999999999846807e+00
1.491000000000000014e+01,0.000000000000000000e+00,0.000000000000000000e+00,9.269999999999846807e+00
1.491999999999999993e+01,0.000000000000000000e+00,0.000000000000000000e+00,9.269999999999846807e+00
1.492999999999999972e+01,0.000000000000000000e+00,0.000000000000000000e+00,9.269999999999846807e+00
1.493999999999999950e+01,0.000000000000000000e+00,0.000000000000000000e+00,9.269999999999846807e+00
1.495000000000000107e+01,0.000000000000000000e+00,0.000000000000000000e+00,9.269999999999846807e+00
1.496000000000000085e+01,0.000000000000000000e+00,0.000000000000000000e+00,9.269999999999846807e+00
1.497000000000000064e+01,0.000000000000000000e+00,0.000000000000000000e+00,9.269999999999846807e+00
1.498000000000000043e+01,0.000000000000000000e+00,0.000000000000000000e+00,9.269999999999846807e+00
1.499000000000000021e+01,0.000000000000000000e+00,0.000000000000000000e+00,9.269999999999846807e+00
1.500000000000000000e+01,0.000000000000000000e+00,0.000000000000000000e+00,9.269999999999846807e+00
1.500999999999999979e+01,0.000000000000000000e+00,0.000000000000000000e+00,9.269999999999846807e+00
1.501999999999999957e+01,0.000000000000000000e+00,0.000000000000000000e+00,9.269999999999846807e+00
1.503000000000000114e+01,0.000000000000000000e+00,0.000000000000000000e+00,9.269999999999846807e+00
1.504000000000000092e+01,0.000000000000000000e+00,0.000000000000000000e+00,9.269999999999846807e+00
1.505000000000000071e+01,0.000000000000000000e+00,0.000000000000000000e+00,9.269999999999846807e+00
1.506000000000000050e+01,0.000000000000000000e+00,0.000000000000000000e+00,9.269999999999846807e+00
1.507000000000000028e+01,0.000000000000000000e+00,0.000000000000000000e+00,9.269999999999846807e+00
1.508000000000000007e+01,0.000000000000000000e+00,0.000000000000000000e+00,9.269999999999846807e+00
1.508999999999999986e+01,0.000000000000000000e+00,0.000000000000000000e+00,9.269999999999846807e+00
1.509999999999999964e+01,0.000000000000000000e+00,0.000000000000000000e+00,9.269999999999846807e+00
1.510999999999999943e+01,0.000000000000000000e+00,0.000000000000000000e+00,9.269999999999846807e+00
1.512000000000000099e+01,0.000000000000000000e+00,0.000000000000000000e+00,9.269999999999846807e+00
1.513000000000000078e+01,0.000000000000000000e+00,0.000000000000000000e+00,9.269999999999846807e+00
1.514000000000000057e+01,0.000000000000000000e+00,0.000000000000000000e+00,9.269999999999846807e+00
1.515000000000000036e+01,0.000000000000000000e+00,0.000000000000000000e+00,9.269999999999846807e+00
1.516000000000000014e+01,0.000000000000000000e+00,0.000000000000000000e+00,9.269999999999846807e+00
1.516999999999999993e+01,0.000000000000000000e+00,0.000000000000000000e+00,9.269999999999846807e+00
1.517999999999999972e+01,0.000000000000000000e+00,0.000000000000000000e+00,9.269999999999846807e+00
1.518999999999999950e+01,0.000000000000000000e+00,0.000000000000000000e+00,9.269999999999846807e+00
1.520000000000000107e+01,0.000000000000000000e+00,0.000000000000000000e+00,9.269999999999846807e+00
1.521000000000000085e+01,0.000000000000000000e+00,0.000000000000000000e+00,9.269999999999846807e+00
1.522000000000000064e+01,0.000000000000000000e+00,0.000000000000000000e+00,9.269999999999846807e+00
1.523000000000000043e+01,0.000000000000000000e+00,0.000000000000000000e+00,9.269999999999846807e+00
1.524000000000000021e+01,0.000000000000000000e+00,0.000000000000000000e+00,9.269999999999846807e+00
1.525000000000000000e+01,0.000000000000000000e+00,0.000000000000000000e+00,9.269999999999846807e+00
1.525999999999999979e+01,0.000000000000000000e+00,0.000000000000000000e+00,9.269999999999846807e+00
1.526999999999999957e+01,0.000000000000000000e+00,0.000000000000000000e+00,9.269999999999846807e+00
1.528000000000000114e+01,0.000000000000000000e+00,0.000000000000000000e+00,9.269999999999846807e+00
1.529000000000000092e+01,0.000000000000000000e+00,0.000000000000000000e+00,9.269999999999846807e+00
1.530000000000000071e+01,0.000000000000000000e+00,0.000000000000000000e+00,9.269999999999846807e+00
1.531000000000000050e+01,0.000000000000000000e+00,0.000000000000000000e+00,9.269999999999846807e+00
1.532000000000000028e+01,0.000000000000000000e+00,0.000000000000000000e+00,9.269999999999846807e+00
1.533000000000000007e+01,0.000000000000000000e+00,0.000000000000000000e+00,9.269999999999846807e+00
1.533999999999999986e+01,0.000000000000000000e+00,0.000000000000000000e+00,9.269999999999846807e+00
1.534999999999999964e+01,0.000000000000000000e+00,0.000000000000000000e+00,9.269999999999846807e+00
1.535999999999999943e+01,0.000000000000000000e+00,0.000000000000000000e+00,9.269999999999846807e+00
1.537000000000000099e+01,0.000000000000000000e+00,0.000000000000000000e+00,9.269999999999846807e+00
1.538000000000000078e+01,0.000000000000000000e+00,0.000000000000000000e+00,9.269999999999846807e+00
1.539000000000000057e+01,0.000000000000000000e+00,0.000000000000000000e+00,9.269999999999846807e+00
1.540000000000000036e+01,0.000000000000000000e+00,0.000000000000000000e+00,9.269999999999846807e+00
1.541000000000000014e+01,0.000000000000000000e+00,0.000000000000000000e+00,9.269999999999846807e+00
1.541999999999999993e+01,0.000000000000000000e+00,0.000000000000000000e+00,9.269999999999846807e+00
1.542999999999999972e+01,0.000000000000000000e+00,0.000000000000000000e+00,9.269999999999846807e+00
1.543999999999999950e+01,0.000000000000000000e+00,0.000000000000000000e+00,9.269999999999846807e+00
1.545000000000000107e+01,0.000000000000000000e+00,0.000000000000000000e+00,9.269999999999846807e+00
1.546000000000000085e+01,0.000000000000000000e+00,0.000000000000000000e+00,9.269999999999846807e+00
1.547000000000000064e+01,0.000000000000000000e+00,0.000000000000000000e+00,9.269999999999846807e+00
1.548000000000000043e+01,0.000000000000000000e+00,0.000000000000000000e+00,9.269999999999846807e+00
1.549000000000000021e+01,0.000000000000000000e+00,0.000000000000000000e+00,9.269999999999846807e+00
1.550000000000000000e+01,0.000000000000000000e+00,0.000000000000000000e+00,9.269999999999846807e+00
1.550999999999999979e+01,0.000000000000000000e+00,0.000000000000000000e+00,9.269999999999846807e+00
1.551999999999999957e+01,0.000000000000000000e+00,0.000000000000000000e+00,9.269999999999846807e+00
1.553000000000000114e+01,0.000000000000000000e+00,0.000000000000000000e+00,9.269999999999846807e+00
1.554000000000000092e+01,0.000000000000000000e+00,0.000000000000000000e+00,9.269999999999846807e+00
1.555000000000000071e+01,0.000000000000000000e+00,0.000000000000000000e+00,9.269999999999846807e+00
1.556000000000000050e+01,0.000000000000000000e+00,0.000000000000000000e+00,9.269999999999846807e+00
1.557000000000000028e+01,0.000000000000000000e+00,0.000000000000000000e+00,9.269999999999846807e+00
1.558000000000000007e+01,0.000000000000000000e+00,0.000000000000000000e+00,9.269999999999846807e+00
1.558999999999999986e+01,0.000000000000000000e+00,0.000000000000000000e+00,9.269999999999846807e+00
1.559999999999999964e+01,0.000000000000000000e+00,0.000000000000000000e+00,9.269999999999846807e+00
1.561000000000000121e+01,0.000000000000000000e+00,0.000000000000000000e+00,9.269999999999846807e+00
1.562000000000000099e+01,0.000000000000000000e+00,0.000000000000000000e+00,9.269999999999846807e+00
1.563000000000000078e+01,0.000000000000000000e+00,0.000000000000000000e+00,9.269999999999846807e+00
1.564000000000000057e+01,0.000000000000000000e+00,0.000000000000000000e+00,9.269999999999846807e+00
1.565000000000000036e+01,0.000000000000000000e+00,0.000000000000000000e+00,9.269999999999846807e+00
1.566000000000000014e+01,0.000000000000000000e+00,0.000000000000000000e+00,9.269999999999846807e+00
1.566999999999999993e+01,0.000000000000000000e+00,0.000000000000000000e+00,9.269999999999846807e+00
1.567999999999999972e+01,0.000000000000000000e+00,0.000000000000000000e+00,9.269999999999846807e+00
1.568999999999999950e+01,0.000000000000000000e+00,0.000000000000000000e+00,9.269999999999846807e+00
1.570000000000000107e+01,0.000000000000000000e+00,0.000000000000000000e+00,9.269999999999846807e+00
1.571000000000000085e+01,0.000000000000000000e+00,0.000000000000000000e+00,9.269999999999846807e+00
1.572000000000000064e+01,0.000000000000000000e+00,0.000000000000000000e+00,9.269999999999846807e+00
1.573000000000000043e+01,0.000000000000000000e+00,0.000000000000000000e+00,9.269999999999846807e+00
1.574000000000000021e+01,0.000000000000000000e+00,0.000000000000000000e+00,9.269999999999846807e+00
1.575000000000000000e+01,0.000000000000000000e+00,0.000000000000000000e+00,9.269999999999846807e+00
1.575999999999999979e+01,0.000000000000000000e+00,0.000000000000000000e+00,9.269999999999846807e+00
1.576999999999999957e+01,0.000000000000000000e+00,0.000000000000000000e+00,9.269999999999846807e+00
1.578000000000000114e+01,0.000000000000000000e+00,0.000000000000000000e+00,9.269999999999846807e+00
1.579000000000000092e+01,0.000000000000000000e+00,0.000000000000000000e+00,9.269999999999846807e+00
1.580000000000000071e+01,0.000000000000000000e+00,0.000000000000000000e+00,9.269999999999846807e+00
1.581000000000000050e+01,0.000000000000000000e+00,0.000000000000000000e+00,9.269999999999846807e+00
1.582000000000000028e+01,0.000000000000000000e+00,0.000000000000000000e+00,9.269999999999846807e+00
1.583000000000000007e+01,0.000000000000000000e+00,0.000000000000000000e+00,9.269999999999846807e+00
1.583999999999999986e+01,0.000000000000000000e+00,0.000000000000000000e+00,9.269999999999846807e+00
1.584999999999999964e+01,0.000000000000000000e+00,0.000000000000000000e+00,9.269999999999846807e+00
1.586000000000000121e+01,0.000000000000000000e+00,0.000000000000000000e+00,9.269999999999846807e+00
1.587000000000000099e+01,0.000000000000000000e+00,0.000000000000000000e+00,9.269999999999846807e+00
1.588000000000000078e+01,0.000000000000000000e+00,0.000000000000000000e+00,9.269999999999846807e+00
1.589000000000000057e+01,0.000000000000000000e+00,0.000000000000000000e+00,9.269999999999846807e+00
1.590000000000000036e+01,0.000000000000000000e+00,0.000000000000000000e+00,9.269999999999846807e+00
1.591000000000000014e+01,0.000000000000000000e+00,0.000000000000000000e+00,9.269999999999846807e+00
1.591999999999999993e+01,0.000000000000000000e+00,0.000000000000000000e+00,9.269999999999846807e+00
1.592999999999999972e+01,0.000000000000000000e+00,0.000000000000000000e+00,9.269999999999846807e+00
1.593999999999999950e+01,0.000000000000000000e+00,0.000000000000000000e+00,9.269999999999846807e+00
1.595000000000000107e+01,0.000000000000000000e+00,0.000000000000000000e+00,9.269999999999846807e+00
1.596000000000000085e+01,0.000000000000000000e+00,0.000000000000000000e+00,9.269999999999846807e+00
1.597000000000000064e+01,0.000000000000000000e+00,0.000000000000000000e+00,9.269999999999846807e+00
1.598000000000000043e+01,0.000000000000000000e+00,0.000000000000000000e+00,9.269999999999846807e+00
1.599000000000000021e+01,0.000000000000000000e+00,0.000000000000000000e+00,9.269999999999846807e+00
1.600000000000000000e+01,0.000000000000000000e+00,0.000000000000000000e+00,9.269999999999846807e+00
1.601000000000000156e+01,0.000000000000000000e+00,0.000000000000000000e+00,9.269999999999846807e+00
1.601999999999999957e+01,0.000000000000000000e+00,0.000000000000000000e+00,9.269999999999846807e+00
1.603000000000000114e+01,0.000000000000000000e+00,0.000000000000000000e+00,9.269999999999846807e+00
1.603999999999999915e+01,0.000000000000000000e+00,0.000000000000000000e+00,9.269999999999846807e+00
1.605000000000000071e+01,0.000000000000000000e+00,0.000000000000000000e+00,9.269999999999846807e+00
1.605999999999999872e+01,0.000000000000000000e+00,0.000000000000000000e+00,9.269999999999846807e+00
1.607000000000000028e+01,0.000000000000000000e+00,0.000000000000000000e+00,9.269999999999846807e+00
1.608000000000000185e+01,0.000000000000000000e+00,0.000000000000000000e+00,9.269999999999846807e+00
1.608999999999999986e+01,0.000000000000000000e+00,0.000000000000000000e+00,9.269999999999846807e+00
1.610000000000000142e+01,0.000000000000000000e+00,0.000000000000000000e+00,9.269999999999846807e+00
1.610999999999999943e+01,0.000000000000000000e+00,0.000000000000000000e+00,9.269999999999846807e+00
1.612000000000000099e+01,0.000000000000000000e+00,0.000000000000000000e+00,9.269999999999846807e+00
1.612999999999999901e+01,0.000000000000000000e+00,0.000000000000000000e+00,9.269999999999846807e+00
1.614000000000000057e+01,0.000000000000000000e+00,0.000000000000000000e+00,9.269999999999846807e+00
1.614999999999999858e+01,0.000000000000000000e+00,0.000000000000000000e+00,9.269999999999846807e+00
1.616000000000000014e+01,0.000000000000000000e+00,0.000000000000000000e+00,9.269999999999846807e+00
1.617000000000000171e+01,0.000000000000000000e+00,0.000000000000000000e+00,9.269999999999846807e+00
1.617999999999999972e+01,0.000000000000000000e+00,0.000000000000000000e+00,9.269999999999846807e+00
1.619000000000000128e+01,0.000000000000000000e+00,0.000000000000000000e+00,9.269999999999846807e+00
1.619999999999999929e+01,0.000000000000000000e+00,0.000000000000000000e+00,9.269999999999846807e+00
1.621000000000000085e+01,0.000000000000000000e+00,0.000000000000000000e+00,9.269999999999846807e+00
1.621999999999999886e+01,0.000000000000000000e+00,0.000000000000000000e+00,9.269999999999846807e+00
1.623000000000000043e+01,0.000000000000000000e+00,0.000000000000000000e+00,9.269999999999846807e+00
1.624000000000000199e+01,0.000000000000000000e+00,0.000000000000000000e+00,9.269999999999846807e+00
1.625000000000000000e+01,0.000000000000000000e+00,0.000000000000000000e+00,9.269999999999846807e+00
1.626000000000000156e+01,0.000000000000000000e+00,0.000000000000000000e+00,9.269999999999846807e+00
1.626999999999999957e+01,0.000000000000000000e+00,0.000000000000000000e+00,9.269999999999846807e+00
1.628000000000000114e+01,0.000000000000000000e+00,0.000000000000000000e+00,9.269999999999846807e+00
1.628999999999999915e+01,0.000000000000000000e+00,0.000000000000000000e+00,9.269999999999846807e+00
1.630000000000000071e+01,0.000000000000000000e+00,0.000000000000000000e+00,9.269999999999846807e+00
1.630999999999999872e+01,0.000000000000000000e+00,0.000000000000000000e+00,9.269999999999846807e+00
1.632000000000000028e+01,0.000000000000000000e+00,0.000000000000000000e+00,9.269999999999846807e+00
1.633000000000000185e+01,0.000000000000000000e+00,0.000000000000000000e+00,9.269999999999846807e+00
1.633999999999999986e+01,0.000000000000000000e+00,0.000000000000000000e+00,9.269999999999846807e+00
1.635000000000000142e+01,0.000000000000000000e+00,0.000000000000000000e+00,9.269999999999846807e+00
1.635999999999999943e+01,0.000000000000000000e+00,0.000000000000000000e+00,9.269999999999846807e+00
1.637000000000000099e+01,0.000000000000000000e+00,0.000000000000000000e+00,9.269999999999846807e+00
1.637999999999999901e+01,0.000000000000000000e+00,0.000000000000000000e+00,9.269999999999846807e+00
1.639000000000000057e+01,0.000000000000000000e+00,0.000000000000000000e+00,9.269999999999846807e+00
1.639999999999999858e+01,0.000000000000000000e+00,0.000000000000000000e+00,9.269999999999846807e+00
1.641000000000000014e+01,0.000000000000000000e+00,0.000000000000000000e+00,9.269999999999846807e+00
1.642000000000000171e+01,0.000000000000000000e+00,0.000000000000000000e+00,9.269999999999846807e+00
1.642999999999999972e+01,0.000000000000000000e+00,0.000000000000000000e+00,9.269999999999846807e+00
1.644000000000000128e+01,0.000000000000000000e+00,0.000000000000000000e+00,9.269999999999846807e+00
1.644999999999999929e+01,0.000000000000000000e+00,0.000000000000000000e+00,9.269999999999846807e+00
1.646000000000000085e+01,0.000000000000000000e+00,0.000000000000000000e+00,9.269999999999846807e+00
1.646999999999999886e+01,0.000000000000000000e+00,0.000000000000000000e+00,9.269999999999846807e+00
1.648000000000000043e+01,0.000000000000000000e+00,0.000000000000000000e+00,9.269999999999846807e+00
1.649000000000000199e+01,0.000000000000000000e+00,0.000000000000000000e+00,9.269999999999846807e+00
1.650000000000000000e+01,0.000000000000000000e+00,0.000000000000000000e+00,9.269999999999846807e+00
1.651000000000000156e+01,0.000000000000000000e+00,0.000000000000000000e+00,9.269999999999846807e+00
1.651999999999999957e+01,0.000000000000000000e+00,0.000000000000000000e+00,9.269999999999846807e+00
1.653000000000000114e+01,0.000000000000000000e+00,0.000000000000000000e+00,9.269999999999846807e+00
1.653999999999999915e+01,0.000000000000000000e+00,0.000000000000000000e+00,9.269999999999846807e+00
1.655000000000000071e+01,0.000000000000000000e+00,0.000000000000000000e+00,9.269999999999846807e+00
1.655999999999999872e+01,0.000000000000000000e+00,0.000000000000000000e+00,9.269999999999846807e+00
1.657000000000000028e+01,0.000000000000000000e+00,0.000000000000000000e+00,9.269999999999846807e+00
1.658000000000000185e+01,0.000000000000000000e+00,0.000000000000000000e+00,9.269999999999846807e+00
1.658999999999999986e+01,0.000000000000000000e+00,0.000000000000000000e+00,9.269999999999846807e+00
1.660000000000000142e+01,0.000000000000000000e+00,0.000000000000000000e+00,9.269999999999846807e+00
1.660999999999999943e+01,0.000000000000000000e+00,0.000000000000000000e+00,9.269999999999846807e+00
1.662000000000000099e+01,0.000000000000000000e+00,0.000000000000000000e+00,9.269999999999846807e+00
1.662999999999999901e+01,0.000000000000000000e+00,0.000000000000000000e+00,9.269999999999846807e+00
1.664000000000000057e+01,0.000000000000000000e+00,0.000000000000000000e+00,9.269999999999846807e+00
1.664999999999999858e+01,0.000000000000000000e+00,0.000000000000000000e+00,9.269999999999846807e+00
1.666000000000000014e+01,0.000000000000000000e+00,0.000000000000000000e+00,9.269999999999846807e+00
1.667000000000000171e+01,0.000000000000000000e+00,0.000000000000000000e+00,9.269999999999846807e+00
1.667999999999999972e+01,0.000000000000000000e+00,0.000000000000000000e+00,9.269999999999846807e+00
1.669000000000000128e+01,0.000000000000000000e+00,0.000000000000000000e+00,9.269999999999846807e+00
1.669999999999999929e+01,0.000000000000000000e+00,0.000000000000000000e+00,9.269999999999846807e+00
1.671000000000000085e+01,0.000000000000000000e+00,0.000000000000000000e+00,9.269999999999846807e+00
1.671999999999999886e+01,0.000000000000000000e+00,0.000000000000000000e+00,9.269999999999846807e+00
1.673000000000000043e+01,0.000000000000000000e+00,0.000000000000000000e+00,9.269999999999846807e+00
1.674000000000000199e+01,0.000000000000000000e+00,0.000000000000000000e+00,9.269999999999846807e+00
1.675000000000000000e+01,0.000000000000000000e+00,0.000000000000000000e+00,9.269999999999846807e+00
1.676000000000000156e+01,0.000000000000000000e+00,0.000000000000000000e+00,9.269999999999846807e+00
1.676999999999999957e+01,0.000000000000000000e+00,0.000000000000000000e+00,9.269999999999846807e+00
1.678000000000000114e+01,0.000000000000000000e+00,0.000000000000000000e+00,9.269999999999846807e+00
1.678999999999999915e+01,0.000000000000000000e+00,0.000000000000000000e+00,9.269999999999846807e+00
1.680000000000000071e+01,0.000000000000000000e+00,0.000000000000000000e+00,9.269999999999846807e+00
1.680999999999999872e+01,0.000000000000000000e+00,0.000000000000000000e+00,9.269999999999846807e+00
1.682000000000000028e+01,0.000000000000000000e+00,0.000000000000000000e+00,9.269999999999846807e+00
1.683000000000000185e+01,0.000000000000000000e+00,0.000000000000000000e+00,9.269999999999846807e+00
1.683999999999999986e+01,0.000000000000000000e+00,0.000000000000000000e+00,9.269999999999846807e+00
1.685000000000000142e+01,0.000000000000000000e+00,0.000000000000000000e+00,9.269999999999846807e+00
1.685999999999999943e+01,0.000000000000000000e+00,0.000000000000000000e+00,9.269999999999846807e+00
1.687000000000000099e+01,0.000000000000000000e+00,0.000000000000000000e+00,9.269999999999846807e+00
1.687999999999999901e+01,0.000000000000000000e+00,0.000000000000000000e+00,9.269999999999846807e+00
1.689000000000000057e+01,0.000000000000000000e+00,0.000000000000000000e+00,9.269999999999846807e+00
1.689999999999999858e+01,0.000000000000000000e+00,0.000000000000000000e+00,9.269999999999846807e+00
1.691000000000000014e+01,0.000000000000000000e+00,0.000000000000000000e+00,9.269999999999846807e+00
1.692000000000000171e+01,0.000000000000000000e+00,0.000000000000000000e+00,9.269999999999846807e+00
1.692999999999999972e+01,0.000000000000000000e+00,0.000000000000000000e+00,9.269999999999846807e+00
1.694000000000000128e+01,0.000000000000000000e+00,0.000000000000000000e+00,9.269999999999846807e+00
1.694999999999999929e+01,0.000000000000000000e+00,0.000000000000000000e+00,9.269999999999846807e+00
1.696000000000000085e+01,0.000000000000000000e+00,0.000000000000000000e+00,9.269999999999846807e+00
1.696999999999999886e+01,0.000000000000000000e+00,0.000000000000000000e+00,9.269999999999846807e+00
1.698000000000000043e+01,0.000000000000000000e+00,0.000000000000000000e+00,9.269999999999846807e+00
1.699000000000000199e+01,0.000000000000000000e+00,0.000000000000000000e+00,9.269999999999846807e+00
1.700000000000000000e+01,0.000000000000000000e+00,0.000000000000000000e+00,9.269999999999846807e+00
1.701000000000000156e+01,0.000000000000000000e+00,0.000000000000000000e+00,9.269999999999846807e+00
1.701999999999999957e+01,0.000000000000000000e+00,0.000000000000000000e+00,9.269999999999846807e+00
1.703000000000000114e+01,0.000000000000000000e+00,0.000000000000000000e+00,9.269999999999846807e+00
1.703999999999999915e+01,0.000000000000000000e+00,0.000000000000000000e+00,9.269999999999846807e+00
1.705000000000000071e+01,0.000000000000000000e+00,0.000000000000000000e+00,9.269999999999846807e+00
1.705999999999999872e+01,0.000000000000000000e+00,0.000000000000000000e+00,9.269999999999846807e+00
1.707000000000000028e+01,0.000000000000000000e+00,0.000000000000000000e+00,9.269999999999846807e+00
1.708000000000000185e+01,0.000000000000000000e+00,0.000000000000000000e+00,9.269999999999846807e+00
1.708999999999999986e+01,0.000000000000000000e+00,0.000000000000000000e+00,9.269999999999846807e+00
1.710000000000000142e+01,0.000000000000000000e+00,0.000000000000000000e+00,9.269999999999846807e+00
1.710999999999999943e+01,0.000000000000000000e+00,0.000000000000000000e+00,9.269999999999846807e+00
1.712000000000000099e+01,0.000000000000000000e+00,0.000000000000000000e+00,9.269999999999846807e+00
1.712999999999999901e+01,0.000000000000000000e+00,0.000000000000000000e+00,9.269999999999846807e+00
1.714000000000000057e+01,0.000000000000000000e+00,0.000000000000000000e+00,9.269999999999846807e+00
1.715000000000000213e+01,0.000000000000000000e+00,0.000000000000000000e+00,9.269999999999846807e+00
1.716000000000000014e+01,0.000000000000000000e+00,0.000000000000000000e+00,9.269999999999846807e+00
1.717000000000000171e+01,0.000000000000000000e+00,0.000000000000000000e+00,9.269999999999846807e+00
1.717999999999999972e+01,0.000000000000000000e+00,0.000000000000000000e+00,9.269999999999846807e+00
1.719000000000000128e+01,0.000000000000000000e+00,0.000000000000000000e+00,9.269999999999846807e+00
1.719999999999999929e+01,0.000000000000000000e+00,0.000000000000000000e+00,9.269999999999846807e+00
1.721000000000000085e+01,0.000000000000000000e+00,0.000000000000000000e+00,9.269999999999846807e+00
1.721999999999999886e+01,0.000000000000000000e+00,0.000000000000000000e+00,9.269999999999846807e+00
1.723000000000000043e+01,0.000000000000000000e+00,0.000000000000000000e+00,9.269999999999846807e+00
1.724000000000000199e+01,0.000000000000000000e+00,0.000000000000000000e+00,9.269999999999846807e+00
1.725000000000000000e+01,0.000000000000000000e+00,0.000000000000000000e+00,9.269999999999846807e+00
1.726000000000000156e+01,0.000000000000000000e+00,0.000000000000000000e+00,9.269999999999846807e+00
1.726999999999999957e+01,0.000000000000000000e+00,0.000000000000000000e+00,9.269999999999846807e+00
1.728000000000000114e+01,0.000000000000000000e+00,0.000000000000000000e+00,9.269999999999846807e+00
1.728999999999999915e+01,0.000000000000000000e+00,0.000000000000000000e+00,9.269999999999846807e+00
1.730000000000000071e+01,0.000000000000000000e+00,0.000000000000000000e+00,9.269999999999846807e+00
1.730999999999999872e+01,0.000000000000000000e+00,0.000000000000000000e+00,9.269999999999846807e+00
1.732000000000000028e+01,0.000000000000000000e+00,0.000000000000000000e+00,9.269999999999846807e+00
1.733000000000000185e+01,0.000000000000000000e+00,0.000000000000000000e+00,9.269999999999846807e+00
1.733999999999999986e+01,0.000000000000000000e+00,0.000000000000000000e+00,9.269999999999846807e+00
1.735000000000000142e+01,0.000000000000000000e+00,0.000000000000000000e+00,9.269999999999846807e+00
1.735999999999999943e+01,0.000000000000000000e+00,0.000000000000000000e+00,9.269999999999846807e+00
1.737000000000000099e+01,0.000000000000000000e+00,0.000000000000000000e+00,9.269999999999846807e+00
1.737999999999999901e+01,0.000000000000000000e+00,0.000000000000000000e+00,9.269999999999846807e+00
1.739000000000000057e+01,0.000000000000000000e+00,0.000000000000000000e+00,9.269999999999846807e+00
1.740000000000000213e+01,0.000000000000000000e+00,0.000000000000000000e+00,9.269999999999846807e+00
1.741000000000000014e+01,0.000000000000000000e+00,0.000000000000000000e+00,9.269999999999846807e+00
1.742000000000000171e+01,0.000000000000000000e+00,0.000000000000000000e+00,9.269999999999846807e+00
1.742999999999999972e+01,0.000000000000000000e+00,0.000000000000000000e+00,9.269999999999846807e+00
1.744000000000000128e+01,0.000000000000000000e+00,0.000000000000000000e+00,9.269999999999846807e+00
1.744999999999999929e+01,0.000000000000000000e+00,0.000000000000000000e+00,9.269999999999846807e+00
1.746000000000000085e+01,0.000000000000000000e+00,0.000000000000000000e+00,9.269999999999846807e+00
1.746999999999999886e+01,0.000000000000000000e+00,0.000000000000000000e+00,9.269999999999846807e+00
1.748000000000000043e+01,0.000000000000000000e+00,0.000000000000000000e+00,9.269999999999846807e+00
1.749000000000000199e+01,0.000000000000000000e+00,0.000000000000000000e+00,9.269999999999846807e+00
1.750000000000000000e+01,0.000000000000000000e+00,0.000000000000000000e+00,9.269999999999846807e+00
1.751000000000000156e+01,0.000000000000000000e+00,0.000000000000000000e+00,9.269999999999846807e+00
1.751999999999999957e+01,0.000000000000000000e+00,0.000000000000000000e+00,9.269999999999846807e+00
1.753000000000000114e+01,0.000000000000000000e+00,0.000000000000000000e+00,9.269999999999846807e+00
1.753999999999999915e+01,0.000000000000000000e+00,0.000000000000000000e+00,9.269999999999846807e+00
1.755000000000000071e+01,0.000000000000000000e+00,0.000000000000000000e+00,9.269999999999846807e+00
1.755999999999999872e+01,0.000000000000000000e+00,0.000000000000000000e+00,9.269999999999846807e+00
1.757000000000000028e+01,0.000000000000000000e+00,0.000000000000000000e+00,9.269999999999846807e+00
1.758000000000000185e+01,0.000000000000000000e+00,0.000000000000000000e+00,9.269999999999846807e+00
1.758999999999999986e+01,0.000000000000000000e+00,0.000000000000000000e+00,9.269999999999846807e+00
1.760000000000000142e+01,0.000000000000000000e+00,0.000000000000000000e+00,9.269999999999846807e+00
1.760999999999999943e+01,0.000000000000000000e+00,0.000000000000000000e+00,9.269999999999846807e+00
1.762000000000000099e+01,0.000000000000000000e+00,0.000000000000000000e+00,9.269999999999846807e+00
1.762999999999999901e+01,0.000000000000000000e+00,0.000000000000000000e+00,9.269999999999846807e+00
1.764000000000000057e+01,0.000000000000000000e+00,0.000000000000000000e+00,9.269999999999846807e+00
1.765000000000000213e+01,0.000000000000000000e+00,0.000000000000000000e+00,9.269999999999846807e+00
1.766000000000000014e+01,0.000000000000000000e+00,0.000000000000000000e+00,9.269999999999846807e+00
1.767000000000000171e+01,0.000000000000000000e+00,0.000000000000000000e+00,9.269999999999846807e+00
1.767999999999999972e+01,0.000000000000000000e+00,0.000000000000000000e+00,9.269999999999846807e+00
1.769000000000000128e+01,0.000000000000000000e+00,0.000000000000000000e+00,9.269999999999846807e+00
1.769999999999999929e+01,0.000000000000000000e+00,0.000000000000000000e+00,9.269999999999846807e+00
1.771000000000000085e+01,0.000000000000000000e+00,0.000000000000000000e+00,9.269999999999846807e+00
1.771999999999999886e+01,0.000000000000000000e+00,0.000000000000000000e+00,9.269999999999846807e+00
1.773000000000000043e+01,0.000000000000000000e+00,0.000000000000000000e+00,9.269999999999846807e+00
1.774000000000000199e+01,0.000000000000000000e+00,0.000000000000000000e+00,9.269999999999846807e+00
1.775000000000000000e+01,0.000000000000000000e+00,0.000000000000000000e+00,9.269999999999846807e+00
1.776000000000000156e+01,0.000000000000000000e+00,0.000000000000000000e+00,9.269999999999846807e+00
1.776999999999999957e+01,0.000000000000000000e+00,0.000000000000000000e+00,9.269999999999846807e+00
1.778000000000000114e+01,0.000000000000000000e+00,0.000000000000000000e+00,9.269999999999846807e+00
1.778999999999999915e+01,0.000000000000000000e+00,0.000000000000000000e+00,9.269999999999846807e+00
1.780000000000000071e+01,0.000000000000000000e+00,0.000000000000000000e+00,9.269999999999846807e+00
1.780999999999999872e+01,0.000000000000000000e+00,0.000000000000000000e+00,9.269999999999846807e+00
1.782000000000000028e+01,0.000000000000000000e+00,0.000000000000000000e+00,9.269999999999846807e+00
1.783000000000000185e+01,0.000000000000000000e+00,0.000000000000000000e+00,9.269999999999846807e+00
1.783999999999999986e+01,0.000000000000000000e+00,0.000000000000000000e+00,9.269999999999846807e+00
1.785000000000000142e+01,0.000000000000000000e+00,0.000000000000000000e+00,9.269999999999846807e+00
1.785999999999999943e+01,0.000000000000000000e+00,0.000000000000000000e+00,9.269999999999846807e+00
1.787000000000000099e+01,0.000000000000000000e+00,0.000000000000000000e+00,9.269999999999846807e+00
1.787999999999999901e+01,0.000000000000000000e+00,0.000000000000000000e+00,9.269999999999846807e+00
1.789000000000000057e+01,0.000000000000000000e+00,0.000000000000000000e+00,9.269999999999846807e+00
1.790000000000000213e+01,0.000000000000000000e+00,0.000000000000000000e+00,9.269999999999846807e+00
1.791000000000000014e+01,0.000000000000000000e+00,0.000000000000000000e+00,9.269999999999846807e+00
1.792000000000000171e+01,0.000000000000000000e+00,0.000000000000000000e+00,9.269999999999846807e+00
1.792999999999999972e+01,0.000000000000000000e+00,0.000000000000000000e+00,9.269999999999846807e+00
1.794000000000000128e+01,0.000000000000000000e+00,0.000000000000000000e+00,9.269999999999846807e+00
1.794999999999999929e+01,0.000000000000000000e+00,0.000000000000000000e+00,9.269999999999846807e+00
1.796000000000000085e+01,0.000000000000000000e+00,0.000000000000000000e+00,9.269999999999846807e+00
1.796999999999999886e+01,0.000000000000000000e+00,0.000000000000000000e+00,9.269999999999846807e+00
1.798000000000000043e+01,0.000000000000000000e+00,0.000000000000000000e+00,9.269999999999846807e+00
1.799000000000000199e+01,0.000000000000000000e+00,0.000000000000000000e+00,9.269999999999846807e+00
1.800000000000000000e+01,0.000000000000000000e+00,0.000000000000000000e+00,9.269999999999846807e+00
